Date,Open,High,Low,Volume,Dividends,Stock Splits,Ticker,Currency,prediction
0.0,0.237332671851211,0.2391958371502897,0.2398377121082598,0.0841474719281686,0.0,0.0,0.0,0.0,203.56947296640496
0.004,0.2391312150752081,0.239581497580724,0.2371772947478411,0.1345258532936803,0.0,0.0,0.0,0.0,201.47528181895828
0.008,0.2342273172978658,0.2374604515520422,0.2378981224898305,0.0996225492613413,0.0,0.0,0.0,0.0,202.68224860001303
0.012,0.2379796458599371,0.2376532610959029,0.2350673121425575,0.1117442998145845,0.0,0.0,0.0,0.0,199.57805059563591
0.016,0.2322605541019899,0.2314571439189869,0.2336912210297752,0.0789607143069583,0.0,0.0,0.0,0.0,197.47165542168926
0.02,0.2331015654584882,0.2323441178339285,0.2315156723484416,0.0934337847481195,0.0,0.0,0.0,0.0,196.36915206212305
0.024,0.229957373423925,0.2301844933266033,0.2326427535403898,0.0772646708526326,0.0,0.0,0.0,0.0,197.055817051845
0.028,0.2298279755989868,0.2297988410925199,0.2308735180922877,0.0692737522356631,0.0,0.0,0.0,0.0,195.8457670284555
0.032,0.2281976627361737,0.2287447511274287,0.2306900498766369,0.0818199453865948,0.0,0.0,0.0,0.0,195.78304060005883
0.036,0.2311736758035562,0.2340538592333012,0.2330359464328259,0.1804832774029792,0.0,0.0,0.0,0.0,199.044238356866
0.04,0.2355600251909499,0.2348251559868912,0.2357881090196474,0.1018132640614359,0.0,0.0,0.0,0.0,199.3280529917209
0.044,0.2368021740561245,0.2362906282960632,0.2374131887765027,0.0984547564722219,0.0,0.0,0.0,0.0,200.63844385999812
0.048,0.2353271214864172,0.2365862933655461,0.2379636252577411,0.0705584010564245,0.0,0.0,0.0,0.0,201.75809834592766
0.052,0.2353012373319953,0.2352622310202876,0.2364433966207246,0.092190006756159,0.0,0.0,0.0,0.0,200.0831641785344
0.056,0.2358964198506803,0.236007797018962,0.2371510617469186,0.1351513880443423,0.0,0.0,0.0,0.0,200.67921470811248
0.06,0.2360516866744517,0.2413683269820696,0.2361812479307064,0.1710797247877355,0.0,0.0,0.0,0.0,203.21732295025666
0.064,0.2420813245366745,0.2449677320469164,0.2451978752988835,0.1458973459097798,0.0,0.0,0.0,0.0,208.1550354432011
0.068,0.2449797020375836,0.2490170530562423,0.2478189931028958,0.1250837324315399,0.0,0.0,0.0,0.0,210.90454646840087
0.072,0.2491719522081541,0.2507010421693419,0.252628715379646,0.0617895935194599,0.0,0.0,0.0,0.0,213.0120693179655
0.076,0.2498577379458699,0.2527321464506474,0.2486839673667037,0.0910960884698019,0.0,0.0,0.0,0.0,211.61048111628884
0.08,0.246519454193505,0.2465617403742622,0.2482252560162081,0.0769350178766702,0.0,0.0,0.0,0.0,209.06450662126738
0.084,0.245781927631049,0.2464332148262425,0.2466132919625947,0.0882570049818278,0.0,0.0,0.0,0.0,208.3443659363449
0.088,0.2470499532845497,0.2491970266425874,0.250295945176917,0.0799949573456296,0.0,0.0,0.0,0.0,211.62371565693388
0.092,0.2471276103440912,0.2474616211614536,0.2500731591156383,0.0710191093191054,0.0,0.0,0.0,0.0,210.43352327237523
0.096,0.246299472526541,0.24589329595239,0.2470326471881914,0.0692428592617807,0.0,0.0,0.0,0.0,208.06261272199004
0.1,0.2453808043058353,0.2471530769117996,0.2488412168790113,0.0758746789097504,0.0,0.0,0.0,0.0,210.24990389727353
0.104,0.2467782493714269,0.247808692353905,0.2484742814886828,0.0858414046824154,0.0,0.0,0.0,0.0,209.84184938055014
0.108,0.2471276059784198,0.2470373999167743,0.2497192993470914,0.0869497141056743,0.0,0.0,0.0,0.0,209.96898343839817
0.112,0.2475157517416564,0.2470245204750066,0.249863449146453,0.0886891228525305,0.0,0.0,0.0,0.0,209.88464671855039
0.116,0.2491072902420161,0.2521536797262525,0.2523928431566266,0.0932996593521954,0.0,0.0,0.0,0.0,213.75391627008037
0.12,0.2504529341461422,0.2510866980415495,0.2531791483336237,0.0837568005317429,0.0,0.0,0.0,0.0,213.02754273237093
0.124,0.2528596354549078,0.2513438186984143,0.2534150836068471,0.0848796929737288,0.0,0.0,0.0,0.0,212.3215020868723
0.128,0.2514363049736131,0.2520379791436072,0.2548828785333204,0.083024771368008,0.0,0.0,0.0,0.0,214.18507056640942
0.132,0.2524714397536186,0.2514595103013421,0.2547125016115433,0.0719842749006483,0.0,0.0,0.0,0.0,213.31693142956573
0.136,0.2516045218368558,0.2509581671404682,0.2542669183139376,0.0673583878549549,0.0,0.0,0.0,0.0,213.11875727289163
0.14,0.2517985820012066,0.2509067176058325,0.2513312700970973,0.0933654748182926,0.0,0.0,0.0,0.0,211.27690180716743
0.144,0.2488484870997231,0.2477958354090489,0.2472685645704768,0.0820459821768647,0.0,0.0,0.0,0.0,208.272655334931
0.148,0.2444362780792089,0.244517824770682,0.2465346717959396,0.1495613293649613,0.0,0.0,0.0,0.0,207.69871109208032
0.152,0.2475157533720695,0.2493255754037123,0.2391169068561088,0.1951065913133946,0.0,0.0,0.0,0.0,204.91210546205818
0.156,0.2392864789572558,0.2419982418863404,0.2393528010631863,0.1388368622639637,0.0,0.0,0.0,0.0,204.1274436331975
0.16,0.2378502291873414,0.2387330575254977,0.2399818745308705,0.0794413782794762,0.0,0.0,0.0,0.0,203.17346456368966
0.164,0.2407356881713286,0.2516394961974275,0.2444770895194223,0.202875118894776,0.0,0.0,0.0,0.0,212.2363541317533
0.168,0.257879993533636,0.2586711508180435,0.2588800688322869,0.1678407595757185,0.0,0.0,0.0,0.0,217.77135920480413
0.172,0.2604031284733645,0.2717189643725838,0.2623792586545621,0.2131808998528458,0.0,0.0,0.0,0.0,226.51225746446994
0.176,0.269911646194315,0.2702027489595853,0.2699347017783836,0.1133104392731439,0.13,0.0,0.0,0.0,226.20515462987666
0.18,0.2700282387290076,0.2717985963968968,0.2729655487954443,0.1014523343479404,0.0,0.0,0.0,0.0,228.8219495306119
0.184,0.273992106008901,0.2772038013409109,0.277373978287172,0.1287999077432183,0.0,0.0,0.0,0.0,232.96636134135565
0.188,0.2778652859767726,0.2773582361794405,0.2779250597809774,0.0943337105090413,0.0,0.0,0.0,0.0,231.78952440412658
0.192,0.2777875661160567,0.2762771964042971,0.275943863290133,0.1022438468775358,0.0,0.0,0.0,0.0,230.01499550414422
0.196,0.2748081796663101,0.2747843127335101,0.2769541329049158,0.066625783045744,0.0,0.0,0.0,0.0,230.9679079160304
0.2,0.2742641221742137,0.274462573132591,0.2759569879550124,0.0703221945294107,0.0,0.0,0.0,0.0,230.41619571336946
0.204,0.272580119608058,0.2713738786290873,0.2712598707063881,0.0758125091983349,0.0,0.0,0.0,0.0,226.52255940531947
0.208,0.2677742663232539,0.2662903963669656,0.268648895522638,0.0534722839175591,0.0,0.0,0.0,0.0,223.97074257950916
0.212,0.2676447356874821,0.2695978820129264,0.2707875457220673,0.0762229444227724,0.0,0.0,0.0,0.0,227.2352073440573
0.216,0.2680463017666322,0.2698681531456938,0.2718634112008433,0.0541667042435241,0.0,0.0,0.0,0.0,227.86850028453412
0.22,0.2685514893457059,0.2701126682942105,0.2698428653998271,0.0994354644816187,0.0,0.0,0.0,0.0,226.60332559245637
0.224,0.2708054806497315,0.2719272863309456,0.2745268680379846,0.0546970656088093,0.0,0.0,0.0,0.0,229.51089150335991
0.228,0.2736682538817754,0.2751575365801665,0.2759438501538565,0.0677741957705024,0.0,0.0,0.0,0.0,231.07023869377713
0.232,0.2758574364421442,0.2751189363261259,0.2786073007207926,0.070352511857817,0.0,0.0,0.0,0.0,231.7018381099115
0.236,0.2716344962766713,0.2718629272821143,0.2728343156156804,0.0792888322283178,0.0,0.0,0.0,0.0,228.12827831095214
0.24,0.2819457447731648,0.2821586013327766,0.2825303197573536,0.1221786415956431,0.0,0.0,0.0,0.0,235.6437495425333
0.244,0.2835519678670798,0.2835098554165826,0.2856529504264526,0.0859544230775503,0.0,0.0,0.0,0.0,237.62562006469682
0.248,0.2855598377228638,0.285337379061804,0.2879490508863259,0.1000020915118963,0.0,0.0,0.0,0.0,239.22115947165813
0.252,0.2846530828063837,0.2838316287325054,0.2851281557640089,0.0887369014270443,0.0,0.0,0.0,0.0,237.05219977444662
0.256,0.2816737119474243,0.2820685105787004,0.2812182834049581,0.1219600881965621,0.0,0.0,0.0,0.0,234.93420477109603
0.26,0.2754429224397776,0.273883445897605,0.271496032862952,0.1548234965435367,0.0,0.0,0.0,0.0,226.9398375233258
0.264,0.268564477643716,0.2713481584664057,0.2724144785750385,0.0910569445774291,0.0,0.0,0.0,0.0,228.84494897221137
0.268,0.2715956608182447,0.2765732012106586,0.2755240302959656,0.1018322603621462,0.0,0.0,0.0,0.0,232.51287612455948
0.272,0.2816737014290514,0.2813091998712462,0.2834093806614354,0.0766483464295877,0.0,0.0,0.0,0.0,235.7852718691993
0.276,0.2819068619514431,0.2852086809708405,0.2851019276729046,0.1164093307526506,0.0,0.0,0.0,0.0,238.98336884463336
0.28,0.284225609377067,0.2837673009298013,0.286951897771281,0.0839561657482882,0.0,0.0,0.0,0.0,238.26361133235136
0.284,0.2855209850863109,0.2851829379904873,0.2855348855867412,0.0796227066044381,0.0,0.0,0.0,0.0,237.73855160561874
0.288,0.2871531531392164,0.2917464250968433,0.2902057682312883,0.3089055617138961,0.0,0.0,0.0,0.0,243.61801251253488
0.292,0.2963115009963109,0.3050535813417551,0.300584006612056,0.1971844796001796,0.0,0.0,0.0,0.0,253.85553462542063
0.296,0.3061305030791634,0.305954446775484,0.3077477836617194,0.110372920408762,0.0,0.0,0.0,0.0,254.55628523453345
0.3,0.3052755285036711,0.3038953076710244,0.3044151666903267,0.0758888781648268,0.0,0.0,0.0,0.0,251.7454227605869
0.304,0.3026718034966743,0.305735648678177,0.305294234139821,0.1006385635266037,0.0,0.0,0.0,0.0,254.42386669969753
0.308,0.3038247167504243,0.3062890569584369,0.3080101766844323,0.0831278119082244,0.0,0.0,0.0,0.0,255.87436044124613
0.312,0.3044205918057218,0.3029429708902877,0.3069999100644855,0.0717135296450704,0.0,0.0,0.0,0.0,253.0518527523802
0.316,0.3048091895297345,0.3041269492293814,0.307131101889739,0.0670634654893821,0.0,0.0,0.0,0.0,253.67292076413196
0.32,0.3050423406037546,0.3078205225271368,0.3095189999775689,0.0881888869338262,0.0,0.0,0.0,0.0,257.16324396555245
0.324,0.3070372094219153,0.3070354503541945,0.3084956010842812,0.0765153723246156,0.0,0.0,0.0,0.0,255.27478779331435
0.328,0.3045630593356856,0.3083996328494656,0.3082332074992366,0.0890364289564257,0.0,0.0,0.0,0.0,256.951685443216
0.332,0.3088637328231228,0.308180894055218,0.30967648374377,0.0804180567705406,0.0,0.0,0.0,0.0,255.89007732060918
0.336,0.3073351774189147,0.306031641464372,0.3101750296542483,0.0560331387587663,0.0,0.0,0.0,0.0,255.54800116522318
0.34,0.3069594886726363,0.3074730100375804,0.3110671909533595,0.0647466843300282,0.0,0.0,0.0,0.0,257.080022788935
0.344,0.3086305349579707,0.3068038013909474,0.3071704398686108,0.0682487195246089,0.0,0.0,0.0,0.0,253.70386700710796
0.348,0.3049128117196228,0.3047189477154687,0.2951783881799339,0.1136807711960819,0.0,0.0,0.0,0.0,246.9561088437964
0.352,0.2977105194876766,0.2961092169881288,0.2972251879040568,0.0679050591753955,0.0,0.0,0.0,0.0,246.04264921321564
0.356,0.2941093513428427,0.2950281643165961,0.296096817813508,0.0627916004114713,0.0,0.0,0.0,0.0,246.23245973090022
0.36,0.2978530041793208,0.2988504347525422,0.2997311850441411,0.0597514247705237,0.0,0.0,0.0,0.0,249.0848415469338
0.364,0.2962467172239359,0.2952726664680009,0.2966610030007891,0.0710406000835453,0.0,0.0,0.0,0.0,245.8206132699173
0.368,0.2959487823672012,0.3008580734966818,0.2994687689898081,0.089019927119445,0.0,0.0,0.0,0.0,250.90198661371474
0.372,0.3061434287174971,0.3150146171131108,0.3104374526403682,0.1683361984487889,0.0,0.0,0.0,0.0,261.4922774478
0.376,0.313902762153278,0.3161857528636017,0.3185720887835636,0.084316711698133,0.0,0.0,0.0,0.0,263.7751097497121
0.38,0.314900216851231,0.3130455997069371,0.3101750538879166,0.0810919457411924,0.0,0.0,0.0,0.0,256.573369779518
0.384,0.3113897260295958,0.3101756486809046,0.3135601231510939,0.0575664664251897,0.0,0.0,0.0,0.0,258.3167877002726
0.388,0.3130089319293417,0.3146928626315385,0.3150951705969503,0.0681176642378904,0.0,0.0,0.0,0.0,261.2258109058472
0.392,0.3177888769678008,0.3211147569734693,0.3222720311688383,0.0808480639411644,0.0,0.0,0.0,0.0,267.26498060247246
0.396,0.323112852378673,0.3221057220610275,0.3268641604021532,0.074413498809661,0.0,0.0,0.0,0.0,268.3440027881926
0.4,0.3234885518555549,0.3240619112623193,0.3254996540504397,0.0927418588858842,0.0,0.0,0.0,0.0,268.54359720164337
0.404,0.3269990266395549,0.3275753251117996,0.327297191191535,0.1288152582892468,0.0,0.0,0.0,0.0,270.2177551972718
0.408,0.3334759179883371,0.3316678315063886,0.3281893614817806,0.1600547707482297,0.0,0.0,0.0,0.0,270.47787493011043
0.412,0.324965340273336,0.3233412543307905,0.3243713533380502,0.0910300811218793,0.0,0.0,0.0,0.0,266.8432415077783
0.416,0.3222579419963239,0.3241648676161778,0.3261688253831613,0.0892651520922506,0.0,0.0,0.0,0.0,269.5089075890173
0.42,0.3226206170621433,0.3244351270397269,0.3252634832290997,0.0785356960637937,0.0,0.0,0.0,0.0,268.992269032923
0.424,0.3216880126678076,0.3266229626036698,0.326523103901814,0.0929669362670273,0.0,0.0,0.0,0.0,271.4118044766667
0.428,0.3241621469200569,0.3251944517694323,0.3250535763065149,0.0872553818534671,0.0,0.0,0.0,0.0,268.6788508118509
0.432,0.3234117514621049,0.3273891472988398,0.3262990437609978,0.0739867536300683,0.13,0.0,0.0,0.0,271.0934468058074
0.436,0.3245139259936968,0.3301974512646864,0.3293722198258829,0.0833810959176949,0.0,0.0,0.0,0.0,274.03932474082944
0.44,0.3312435022259724,0.3299656169802169,0.3318675816042587,0.0875827322475252,0.0,0.0,0.0,0.0,272.57625798423334
0.444,0.330089413715629,0.331215113787923,0.3323796893282129,0.0898945244794198,0.0,0.0,0.0,0.0,274.09615115437066
0.448,0.3261217584036829,0.330261862673099,0.3291095979120472,0.0857278106418044,0.0,0.0,0.0,0.0,273.25724105724953
0.452,0.3232302543946511,0.3232153480072077,0.3240270479286897,0.0810977021959531,0.0,0.0,0.0,0.0,267.2905617612802
0.456,0.3247472874541772,0.3234987461099234,0.3234885758970249,0.0823622034250522,0.0,0.0,0.0,0.0,266.5144157027145
0.46,0.3189643448697267,0.3254310958358625,0.3237250048681096,0.0722830349027283,0.0,0.0,0.0,0.0,270.20004503848696
0.464,0.3258364843209732,0.3295791028165108,0.3242765996626153,0.0826429265355486,0.0,0.0,0.0,0.0,270.1371827971186
0.468,0.3195089120793724,0.326873841182994,0.3239482481730098,0.1079851429740262,0.0,0.0,0.0,0.0,270.949841855841
0.472,0.3259272820647064,0.3316016182527806,0.3308169012796723,0.1205629966261418,0.0,0.0,0.0,0.0,275.12339032149976
0.476,0.3315935273660006,0.3359557100228436,0.3365297773190465,0.0847355897228861,0.0,0.0,0.0,0.0,278.72610318133786
0.48,0.3337848941460954,0.3348607773403487,0.3383422066141844,0.0588645469737261,0.0,0.0,0.0,0.0,278.2405002080877
0.484,0.3341738690076343,0.3341779905619543,0.3375016264426927,0.0333523232379827,0.0,0.0,0.0,0.0,277.1901955155719
0.488,0.3351463560099487,0.3398718841547547,0.3376986658296729,0.0841090955630973,0.0,0.0,0.0,0.0,280.2668090398894
0.492,0.3416165468750593,0.3449989057669592,0.34622205094525,0.0976977826711907,0.0,0.0,0.0,0.0,285.62614773345445
0.496,0.3457657985036625,0.3465705187777889,0.3471019501505579,0.078258618707979,0.0,0.0,0.0,0.0,285.36414873783224
0.5,0.3430428295709022,0.3415593960422626,0.3409162273601735,0.0791228544493845,0.0,0.0,0.0,0.0,279.887633480044
0.504,0.3384268225683589,0.3369347579787204,0.340207039588873,0.0854102462208394,0.0,0.0,0.0,0.0,278.6347876077334
0.508,0.3353019224445588,0.335041091864281,0.337711748052324,0.0680372657530661,0.0,0.0,0.0,0.0,277.34738299736364
0.512,0.3353408538657161,0.3355048607058544,0.3387230595461891,0.0564888580939879,0.0,0.0,0.0,0.0,278.204174710821
0.516,0.334809197827305,0.3351441342462001,0.3380926235869493,0.0581102595182499,0.0,0.0,0.0,0.0,277.83998651353374
0.52,0.3365596808278311,0.3349380335217416,0.33463861860088,0.0585126357060224,0.0,0.0,0.0,0.0,274.96677781142955
0.524,0.3350036700621254,0.3344613720199785,0.3385916739037411,0.0705722165478502,0.0,0.0,0.0,0.0,277.6424469435801
0.528,0.3379211241925883,0.3356594168518867,0.3333646942752087,0.0914416676372688,0.0,0.0,0.0,0.0,274.07266973441426
0.532,0.3284168166609959,0.3296692867816563,0.3319857460223964,0.0669565873126585,0.0,0.0,0.0,0.0,273.6518756131144
0.536,0.3312564393434055,0.3305194939439848,0.3317887440470998,0.090922819181505,0.0,0.0,0.0,0.0,272.85664628290397
0.54,0.329441128341063,0.3272603475768299,0.3256293094609403,0.0937856960158233,0.0,0.0,0.0,0.0,268.0594710142424
0.544,0.3275480485876862,0.3285099054409295,0.3295035588193821,0.2722382880610552,0.0,0.0,0.0,0.0,271.7939567809801
0.548,0.3284686461003903,0.3275823934541783,0.3303046982993403,0.0648904038172202,0.0,0.0,0.0,0.0,271.40639370550764
0.552,0.3258494744024367,0.3258046825945679,0.3290570525676478,0.0515933770836687,0.0,0.0,0.0,0.0,270.7086425055243
0.556,0.3277943930887522,0.3295790787401602,0.3325241850935397,0.0290829526238016,0.0,0.0,0.0,0.0,274.18658941830245
0.56,0.3301543227148693,0.3295018326199559,0.3333909804087255,0.0360121891010739,0.0,0.0,0.0,0.0,273.66922272083855
0.5640000000000001,0.3282482615050179,0.3282007280104184,0.332721212590991,0.0402209250584424,0.0,0.0,0.0,0.0,273.29179094903395
0.5680000000000001,0.3284037991376667,0.3278399799217998,0.3326292180860951,0.0371976350181261,0.0,0.0,0.0,0.0,272.96040204308343
0.5720000000000001,0.3287279923317011,0.327324739963601,0.3319331979496269,0.0470872242969977,0.0,0.0,0.0,0.0,272.1084868894529
0.5760000000000001,0.3276907134619012,0.3326836916376604,0.3283215987116901,0.067320203371709,0.0,0.0,0.0,0.0,273.5959068559637
0.58,0.3255901749547895,0.3245293761295839,0.3245655452963952,0.0823044469956199,0.0,0.0,0.0,0.0,267.41451315811605
0.584,0.320870411551525,0.3194280658021231,0.3192860076116182,0.0951699315039447,0.0,0.0,0.0,0.0,263.2386906895317
0.588,0.3159431969117389,0.3144427043158371,0.3162522414437739,0.0874134924775608,0.0,0.0,0.0,0.0,260.5422123188972
0.592,0.307929942134798,0.3087874893306908,0.3108545050566385,0.0914612395834552,0.0,0.0,0.0,0.0,257.3354744587617
0.596,0.3106010107575052,0.3099726179801499,0.3115374359557733,0.0714627400993295,0.0,0.0,0.0,0.0,257.3408930124347
0.6,0.3107047430465067,0.3113767359551176,0.3122991195671181,0.0815687720772032,0.0,0.0,0.0,0.0,258.575177932919
0.604,0.3101342442921956,0.3120337573056005,0.3143873481964056,0.0824648602016178,0.0,0.0,0.0,0.0,260.42631370922106
0.608,0.3111326303251953,0.3120466426192189,0.3121809410674309,0.0715057216282093,0.0,0.0,0.0,0.0,258.73050164441213
0.612,0.3126367588889456,0.3110418704878718,0.3126274892617567,0.0702953310738608,0.0,0.0,0.0,0.0,257.7731674462399
0.616,0.309070976290595,0.3082850588720942,0.3098432360751383,0.1331446879147645,0.0,0.0,0.0,0.0,255.957355568201
0.62,0.3023673889388162,0.3029905527964338,0.294727017692014,0.1487345105795003,0.0,0.0,0.0,0.0,246.71843676024702
0.624,0.2971419572713016,0.2988296651763415,0.2970384519963503,0.0995632577773061,0.0,0.0,0.0,0.0,247.78500477014532
0.628,0.2977902567516751,0.298108255032095,0.3009389774009376,0.0709087772695254,0.0,0.0,0.0,0.0,249.3860790294093
0.632,0.2953526013354596,0.2960600202126082,0.2963817830794946,0.0747093805843607,0.0,0.0,0.0,0.0,246.50528946029021
0.636,0.3007466048431083,0.3052706920052891,0.3031059775392237,0.102110489008913,0.0,0.0,0.0,0.0,253.6757743836451
0.64,0.3107177490270162,0.3122141276836714,0.3141509240522058,0.0899818307099569,0.0,0.0,0.0,0.0,260.15195770542675
0.644,0.308746829261909,0.3082335315511222,0.3092916585821955,0.0739399344646813,0.0,0.0,0.0,0.0,255.76006334150725
0.648,0.3092006521940985,0.309251217005112,0.3091603317192798,0.1237620504184846,0.0,0.0,0.0,0.0,256.08176799646094
0.652,0.3055312065504419,0.312149714835322,0.3062316633647607,0.1720978497530768,0.0,0.0,0.0,0.0,257.58847766528805
0.656,0.3118328136463653,0.3232153464064471,0.3154642145496587,0.1365421475145259,0.0,0.0,0.0,0.0,266.9785826380395
0.66,0.3237230121056966,0.3250060016616832,0.3264960742656937,0.1182774922043211,0.0,0.0,0.0,0.0,269.5938166680886
0.664,0.3277295716226036,0.3341135796625527,0.3326423729478568,0.1684565083532874,0.0,0.0,0.0,0.0,276.93064633865094
0.668,0.335301949515788,0.3348221067570157,0.3338769211322306,0.0963697685578987,0.0,0.0,0.0,0.0,274.9650247669115
0.672,0.3339923067521392,0.3366384524207953,0.3387361302389512,0.0915266712859017,0.0,0.0,0.0,0.0,279.43814295019877
0.676,0.3353538696359776,0.3334827947369191,0.332201439729751,0.0803399608676205,0.13,0.0,0.0,0.0,273.2362732070178
0.68,0.3314343656467985,0.3298337272913877,0.3338314458444947,0.0606787896324714,0.0,0.0,0.0,0.0,273.5908388768577
0.684,0.3311877670835374,0.3360357838352696,0.33581641407765,0.0943624927828448,0.0,0.0,0.0,0.0,278.52900062602976
0.6880000000000001,0.3323428592936037,0.3302850517365374,0.3170578898430351,0.1502881777194115,0.0,0.0,0.0,0.0,263.6131785665393
0.6920000000000001,0.3147180671577775,0.3128908989972938,0.3108400895982867,0.102727389077434,0.0,0.0,0.0,0.0,256.95284184748493
0.6960000000000001,0.3095785687358297,0.3181259145791055,0.310958405979682,0.106907342760999,0.0,0.0,0.0,0.0,262.2592060596844
0.7000000000000001,0.3167816619158455,0.3188093075202736,0.3200419285572656,0.0603456827836526,0.0,0.0,0.0,0.0,265.02576966621064
0.704,0.3154837845640542,0.3157920635504703,0.3168869653803964,0.0539022910881829,0.0,0.0,0.0,0.0,261.92338378633974
0.708,0.3107726116913576,0.3161402159481732,0.3144025261401508,0.0754414097480956,0.0,0.0,0.0,0.0,262.6169647428314
0.712,0.3166388462795277,0.3221746177534846,0.3212644117195602,0.0663034215791451,0.0,0.0,0.0,0.0,267.79915673402354
0.716,0.3223104703810028,0.3292148573721621,0.3269563946344742,0.084928239075544,0.0,0.0,0.0,0.0,272.96326349800495
0.72,0.3273980577507712,0.329279313586205,0.3313469642508404,0.0594073806576595,0.0,0.0,0.0,0.0,273.4785470643167
0.724,0.3315122326863184,0.3307878776327476,0.3310183044129929,0.056780134704879,0.0,0.0,0.0,0.0,272.4787700206616
0.728,0.3287348359785425,0.3265328582985953,0.3206203255028023,0.1335739275580869,0.0,0.0,0.0,0.0,264.97612319583584
0.732,0.3152371852600293,0.318435334136663,0.3170841740359503,0.0749759044397808,0.0,0.0,0.0,0.0,263.7048408028219
0.736,0.31662592253126,0.317184633935027,0.3169921757624513,0.068722475751414,0.0,0.0,0.0,0.0,262.3351952668653
0.74,0.3181443798651542,0.3179453774327289,0.3186879432724724,0.0710906812399633,0.0,0.0,0.0,0.0,263.15194529355836
0.744,0.3131346910817719,0.3120269780723611,0.3132062718898827,0.0900015945379687,0.0,0.0,0.0,0.0,258.4901682539104
0.748,0.3103313180284283,0.308429497836322,0.3094203680560608,0.0736175729980825,0.0,0.0,0.0,0.0,255.30028869858396
0.752,0.3065156387026999,0.3114983005810613,0.3085133302738431,0.068050121835365,0.0,0.0,0.0,0.0,258.1737951130458
0.756,0.3090594372971224,0.3132132643115556,0.3128119364682175,0.0534139518426507,0.0,0.0,0.0,0.0,260.66525848492597
0.76,0.3135240174198185,0.3127619389288304,0.316229691545304,0.0450250703198919,0.0,0.0,0.0,0.0,260.55553609318594
0.764,0.3103702607924105,0.3086616304305343,0.3091706105720174,0.0729920382474204,0.0,0.0,0.0,0.0,255.27648214062881
0.768,0.3062431059896745,0.3052833576018512,0.3030448719463655,0.065577724515647,0.0,0.0,0.0,0.0,251.3896256010134
0.772,0.3018693583866272,0.3021372102028163,0.3035181056316758,0.0562603268399884,0.0,0.0,0.0,0.0,251.61369714691585
0.776,0.302972539119745,0.3037360872854723,0.3065415390807006,0.0568117952060628,0.0,0.0,0.0,0.0,253.87960079875063
0.78,0.3025442508197477,0.3034911004445418,0.3023613069260719,0.0633286776406441,0.0,0.0,0.0,0.0,251.45766202276727
0.784,0.2983521816691835,0.2994810309247093,0.3001265858690825,0.0616136378856081,0.0,0.0,0.0,0.0,249.5024166926194
0.788,0.2965092281619564,0.2960898650726393,0.2984176660063799,0.1642070934489433,0.0,0.0,0.0,0.0,247.21255291369513
0.792,0.304283353852747,0.3030526956536741,0.3040439101156628,0.0725163632023618,0.0,0.0,0.0,0.0,251.46093864155185
0.796,0.2995851475429082,0.3033492554970897,0.3030843004788749,0.0813548238419308,0.0,0.0,0.0,0.0,253.0173722928901
0.8,0.3044520838778745,0.3035684552389317,0.3057791195065559,0.0493573781727899,0.0,0.0,0.0,0.0,252.72375871482254
0.804,0.3018823341385241,0.3061472817971665,0.3046880523251912,0.0749160373102696,0.0,0.0,0.0,0.0,254.67101035676285
0.808,0.3041924893913371,0.3042002645916194,0.3011387763846641,0.08662716075725,0.0,0.0,0.0,0.0,250.47198411401698
0.812,0.2992217468815815,0.2982431771983221,0.2977735319979039,0.0704058550052661,0.0,0.0,0.0,0.0,247.02500370077345
0.8160000000000001,0.2964183867867089,0.3041873583711489,0.2998636687926127,0.089885506033628,0.0,0.0,0.0,0.0,252.93585371782422
0.8200000000000001,0.3044261129831148,0.3050899416848832,0.308053264436971,0.0715824743583519,0.0,0.0,0.0,0.0,254.96486195643405
0.8240000000000001,0.3045818582566597,0.3050254966423086,0.3045302891771934,0.0547544382745909,0.0,0.0,0.0,0.0,252.80211764867687
0.8280000000000001,0.3075798935053939,0.3128006268595463,0.3121677665911595,0.0509945139067312,0.0,0.0,0.0,0.0,260.65924902399894
0.8320000000000001,0.3071256515084974,0.3051157651558816,0.2980233067684473,0.1139664832340376,0.0,0.0,0.0,0.0,247.9648030185762
0.836,0.3100977319739411,0.3096931513499089,0.3122598024370417,0.0734502520463716,0.0,0.0,0.0,0.0,257.81682115788925
0.84,0.3108115314522717,0.3114596356201352,0.3116551223353528,0.0486760058109492,0.0,0.0,0.0,0.0,258.2248355683105
0.844,0.3120834258745045,0.3128393022391817,0.3155329873706147,0.0547584677929234,0.0,0.0,0.0,0.0,260.78977484016707
0.848,0.3117589791428713,0.3102475903186062,0.3124307013715366,0.0642435701839436,0.0,0.0,0.0,0.0,257.5620854333847
0.852,0.3111359909492959,0.312504052104022,0.3131274010210095,0.0875303485092029,0.0,0.0,0.0,0.0,259.5607981130604
0.856,0.3097213493242732,0.3184740377308515,0.3139424202871917,0.0904907013108023,0.0,0.0,0.0,0.0,264.1698433449898
0.86,0.3209347291054225,0.31924767625944,0.3184907115302555,0.0778449214925105,0.0,0.0,0.0,0.0,262.6567930550081
0.864,0.3211423903092184,0.3258752255987784,0.3256549860111289,0.1126006684011504,0.0,0.0,0.0,0.0,270.6967390747004
0.868,0.3255161375135688,0.3284282746111021,0.3303479155198403,0.0649257100730858,0.0,0.0,0.0,0.0,273.1711528005177
0.872,0.3270346576972113,0.3265199524712321,0.3239198015113576,0.0910592471593334,0.0,0.0,0.0,0.0,267.6294229690991
0.876,0.3222585874887265,0.3277320064830339,0.3258521860653226,0.0777031208235721,0.0,0.0,0.0,0.0,271.4659934614958
0.88,0.3316420049520986,0.3303495018080263,0.3321356928102106,0.0588035285532628,0.0,0.0,0.0,0.0,272.82607392559925
0.884,0.3286699398023943,0.3268551914468524,0.3295065879568109,0.0679323063945961,0.0,0.0,0.0,0.0,270.4366150558013
0.888,0.3200132668796632,0.3207949445540575,0.3234859974169738,0.0742830191684187,0.0,0.0,0.0,0.0,266.88969345349835
0.892,0.3281248434412752,0.3270744261212089,0.3282052211379146,0.0715047622190826,0.0,0.0,0.0,0.0,270.0284498914343
0.896,0.3219081239499908,0.3242506028346257,0.3260756568619828,0.0523722254127905,0.0,0.0,0.0,0.0,269.68438877644957
0.9,0.3257368178681979,0.3306460909850011,0.3275216853805333,0.1709557691285552,0.0,0.0,0.0,0.0,272.7027263186728
0.904,0.3365867824947476,0.3451132419914321,0.3409693973949551,0.1480588946724202,0.0,0.0,0.0,0.0,284.6967788772196
0.908,0.3376250917957979,0.3366160388947491,0.3363553459463869,0.08426394419616,0.0,0.0,0.0,0.0,276.53669907587255
0.912,0.3340819766267089,0.3416963463773533,0.3385112425388949,0.0893359564858071,0.0,0.0,0.0,0.0,282.2846142996424
0.916,0.3405582487535195,0.3461576732421977,0.3445186907206277,0.1066521399332749,0.0,0.0,0.0,0.0,285.76912345830726
0.92,0.3500974031543855,0.3514442592022337,0.3507101713957003,0.0814929787561874,0.0,0.0,0.0,0.0,288.5983217184321
0.924,0.3510578523880081,0.3548354289065652,0.3562575575413977,0.0958236728829342,0.0,0.0,0.0,0.0,293.46321685132807
0.928,0.353963742239579,0.354049854069668,0.3569114136306613,0.0757806568153258,0.135,0.0,0.0,0.0,292.2510845576263
0.932,0.3547171707821892,0.3558437653027156,0.359977102510194,0.0824980557574045,0.0,0.0,0.0,0.0,294.73298722669506
0.936,0.3559382760686654,0.3631356775183703,0.3612139143723976,0.0958073629277789,0.0,0.0,0.0,0.0,299.27908061028324
0.94,0.3641482487391901,0.3625290947159867,0.3636875380968045,0.0624978293368506,0.0,0.0,0.0,0.0,296.9809698272883
0.944,0.3616540652738746,0.3660782401927993,0.3651874766434121,0.0999875084931692,0.0,0.0,0.0,0.0,300.9885571361232
0.948,0.364693825356049,0.3628001093425176,0.3630691321657027,0.0608823762491746,0.0,0.0,0.0,0.0,296.5541973804584
0.952,0.3604459631214145,0.3626065274664241,0.3649638209693496,0.0757735571877876,0.0,0.0,0.0,0.0,299.30479796838597
0.956,0.3620177962330142,0.3655619693419685,0.3672400494884259,0.0680718044816302,0.0,0.0,0.0,0.0,301.74707152774283
0.96,0.3657590516091368,0.3690982356176657,0.3702926081335928,0.0771579845577344,0.0,0.0,0.0,0.0,304.08498031464785
0.964,0.3723322151416826,0.3766611230739151,0.3774503124687873,0.0785109433083228,0.0,0.0,0.0,0.0,310.0519323562381
0.968,0.3768009324360845,0.3772031917129129,0.3798581645604986,0.0868200019917333,0.0,0.0,0.0,0.0,309.932229412472
0.972,0.3752030930564526,0.3790616564952824,0.380687055777675,0.0914834978751965,0.0,0.0,0.0,0.0,312.1825824747274
0.976,0.3782558562726431,0.3784679528940143,0.3823580889072593,0.0872419501256921,0.0,0.0,0.0,0.0,311.54717007272086
0.98,0.3796848134848707,0.3813072850298388,0.3823054475089297,0.1290844684902219,0.0,0.0,0.0,0.0,312.5959687832999
0.984,0.3768918750867948,0.3760674588585831,0.3763713846479508,0.088449846216311,0.0,0.0,0.0,0.0,307.17512933183343
0.988,0.3740729304206867,0.3818880700440553,0.3785687112999655,0.0801697616885293,0.0,0.0,0.0,0.0,313.09189737186887
0.992,0.3828025130837392,0.3838110489898105,0.3814107445054359,0.092262154322493,0.0,0.0,0.0,0.0,312.2807482943077
0.996,0.3815684443069482,0.3794230224593022,0.3824633315502966,0.0808114145125213,0.0,0.0,0.0,0.0,310.8072194034362
1.0,0.3812566465964704,0.3815267040800355,0.3791739468430794,0.1191015747549525,0.0,0.0,0.0,0.0,310.243088754832
0.0,0.3628621674263347,0.3690466006553953,0.358108754482523,0.3108366604042835,0.0,0.0,0.9090909090909092,0.0,298.15396725869084
0.004,0.346143467152525,0.3746348742036192,0.3458853896674895,0.2650943358212091,0.0,0.0,0.9090909090909092,0.0,301.2462110304988
0.008,0.383789799820133,0.3978656445973015,0.3838054262091593,0.2849494995817935,0.0,0.0,0.9090909090909092,0.0,321.68329335701503
0.012,0.409069200589591,0.4077645513115325,0.3993707769761177,0.2299847588266119,0.0,0.0,0.9090909090909092,0.0,326.2405128958146
0.016,0.3943640039032147,0.403970188996356,0.391949905802897,0.1964363323631148,0.0,0.0,0.9090909090909092,0.0,325.7379853097285
0.02,0.3825297247753098,0.4045251368364694,0.3872658251921094,0.242174819309682,0.0,0.0,0.9090909090909092,0.0,328.20615706727506
0.024,0.4050291902807079,0.4033119712317022,0.4045153794766401,0.1557543152783408,0.0,0.0,0.9090909090909092,0.0,328.31379296262867
0.028,0.3982741414467418,0.3971300334681464,0.3891605139957563,0.1641142226454708,0.0,0.0,0.9090909090909092,0.0,318.4317260545308
0.032,0.3868685296606544,0.3997886629289929,0.3900947281632138,0.1772677217736558,0.0,0.0,0.9090909090909092,0.0,325.2786463085413
0.036,0.4006903853953632,0.4037120535709408,0.3931604170427467,0.2032682847549314,0.0,0.0,0.9090909090909092,0.0,323.67251118855984
0.04,0.4001577722688192,0.4362093500883033,0.4059232457681984,0.3606666435129264,0.0,0.0,0.9090909090909092,0.0,350.6241572233139
0.044,0.4373494313265775,0.4345573857690789,0.4229754048473985,0.2148736813161404,0.0,0.0,0.9090909090909092,0.0,344.2909536059992
0.048,0.4198512962421253,0.4174440389755667,0.3966076857913309,0.2246767318917763,0.0,0.0,0.9090909090909092,0.0,325.90658550185015
0.052,0.3963515408663173,0.4020213728764977,0.4008312445123836,0.1490672336646684,0.0,0.0,0.9090909090909092,0.0,328.98461394969274
0.056,0.3962216681009612,0.39981446071716,0.3927920075616832,0.1656191518017415,0.0,0.0,0.9090909090909092,0.0,323.0068740546137
0.06,0.3902330509436215,0.3949617982980912,0.3916078370978094,0.1418797242504664,0.0,0.0,0.9090909090909092,0.0,321.9193904633221
0.064,0.3623815271921539,0.3695499529191745,0.3608323345033462,0.2731088559026974,0.0,0.0,0.9090909090909092,0.0,300.26576553754217
0.068,0.3807890094963057,0.3836690626900512,0.3747925040806596,0.2239832709749381,0.0,0.0,0.9090909090909092,0.0,309.2326057820226
0.072,0.387751870612322,0.385759865109669,0.3865553470059583,0.1060883911303777,0.0,0.0,0.9090909090909092,0.0,314.53170130587455
0.076,0.3531713042949205,0.3569794981570454,0.3549903840510386,0.2464223153957725,0.0,0.0,0.9090909090909092,0.0,293.198314476144
0.08,0.3604849328797616,0.3671752172859743,0.3623323132035758,0.1928274189918106,0.0,0.0,0.9090909090909092,0.0,300.55018647747386
0.084,0.3611993916640247,0.3621418915778637,0.3612796860050931,0.1397530979800408,0.0,0.0,0.9090909090909092,0.0,296.66655084094896
0.088,0.3644470036719505,0.3754737946432511,0.3697663146111624,0.1949738090902479,0.0,0.0,0.9090909090909092,0.0,308.1976160525078
0.092,0.3746315498152628,0.3801328358002903,0.377200316018749,0.1467560170782499,0.0,0.0,0.9090909090909092,0.0,311.1237656180849
0.096,0.3874141459212146,0.3911158404065807,0.3864369339749331,0.1444668669017474,0.0,0.0,0.9090909090909092,0.0,317.7706424557973
0.1,0.3899472595011759,0.3893090105864816,0.3835817303814749,0.1435322105304362,0.0,0.0,0.9090909090909092,0.0,313.97414675224513
0.104,0.381009824912372,0.3922773710490776,0.3863711221886156,0.1813876164458842,0.0,0.0,0.9090909090909092,0.0,321.06181506319615
0.108,0.394454946553925,0.3933614689411371,0.3922130726409231,0.1365603762879347,0.0,0.0,0.9090909090909092,0.0,319.5790347351324
0.112,0.3925193824831856,0.4018277910004042,0.3979497804501935,0.1755739809012343,0.0,0.0,0.9090909090909092,0.0,328.76013069989665
0.116,0.409069200589591,0.4109910471995439,0.4051337854077418,0.1401023229021895,0.0,0.0,0.9090909090909092,0.0,331.57378953555406
0.12,0.4030156470495732,0.4076484021858764,0.3981207947259264,0.1431755022170985,0.0,0.0,0.9090909090909092,0.0,327.9819100822523
0.124,0.4045225437784949,0.4086679859145501,0.4074889961011235,0.1723096872882703,0.0,0.0,0.9090909090909092,0.0,333.447353566268
0.128,0.3773725153209756,0.3750478751299094,0.3703057785215807,0.2959049924005202,0.0,0.0,0.9090909090909092,0.0,302.8724266882008
0.132,0.3757357061829966,0.392445155137004,0.3803055160622455,0.2791364396826197,0.0,0.0,0.9090909090909092,0.0,319.75474876377814
0.136,0.3883494597652452,0.401298640948458,0.3904104962459477,0.2109163105499889,0.0,0.0,0.9090909090909092,0.0,325.73972341223543
0.14,0.3975726461527935,0.3958265165258902,0.3937788229738484,0.1623416183428279,0.0,0.0,0.9090909090909092,0.0,320.66218619985364
0.144,0.3931948715091017,0.3935034552408964,0.3850553683057287,0.1557658281878622,0.0,0.0,0.9090909090909092,0.0,315.98206645065613
0.148,0.3898563168504657,0.3895283902507421,0.3777924213274969,0.1583351258293852,0.0,0.0,0.9090909090909092,0.0,310.74352757744236
0.152,0.3724491244167238,0.3739637772378498,0.3668979807833382,0.1657235355147354,0.0,0.0,0.9090909090909092,0.0,302.3171598026951
0.156,0.3761773766588304,0.3775903554650998,0.3737135762598231,0.1456958699931555,0.0,0.0,0.9090909090909092,0.0,306.93155725345616
0.16,0.3760085341351273,0.3780162749784416,0.3770029609670404,0.105932966851839,0.0,0.0,0.9090909090909092,0.0,309.1981538353274
0.164,0.3746315498152628,0.3883668596082452,0.3788844793826994,0.1453882834271091,0.0,0.0,0.9090909090909092,0.0,317.00587507603746
0.168,0.3900901750442493,0.3908577049811654,0.3910289021770494,0.1226216967303912,0.0,0.0,0.9090909090909092,0.0,319.2130076657237
0.172,0.392220587906724,0.4073128340100236,0.3973708455294335,0.1697125667820707,0.0,0.0,0.9090909090909092,0.0,331.8070188879168
0.176,0.4098486354002334,0.4221418358937607,0.4146993016810257,0.1968060886405767,0.0,0.0,0.9090909090909092,0.0,343.46639344649554
0.18,0.4228390834319365,0.4203608038618286,0.4131072507257467,0.1492230417068579,0.0,0.0,0.9090909090909092,0.0,336.1111935995608
0.184,0.4182924266208405,0.4251618313186271,0.4200281289988908,0.1248862860332481,0.0,0.0,0.9090909090909092,0.0,344.9141102557687
0.188,0.4108359221366273,0.4141788267123366,0.4097652246201999,0.1386284786016266,0.0,0.0,0.9090909090909092,0.0,335.4553773017003
0.192,0.4133040993339106,0.4126688093069354,0.4053179700714626,0.1373219552527745,0.0,0.0,0.9090909090909092,0.0,330.9284892241885
0.196,0.4028597680161849,0.408758297866103,0.4086994671873512,0.1040051301524827,0.0,0.0,0.9090909090909092,0.0,334.9274212059687
0.2,0.4108748918949743,0.4142820572509411,0.406410068280287,0.1404615256792568,0.0,0.0,0.9090909090909092,0.0,333.53265374477314
0.204,0.4023401580236571,0.4024343738027878,0.3889763293320356,0.1433892585705456,0.0,0.0,0.9090909090909092,0.0,319.8052342430575
0.208,0.3930649591000444,0.3940842008691768,0.3943445875066205,0.1016791386655117,0.0,0.0,0.9090909090909092,0.0,321.8511191709043
0.212,0.3925193824831856,0.4138948934987542,0.3956735117774952,0.1751159589841085,0.0,0.0,0.9090909090909092,0.0,334.5971030225694
0.216,0.4149149022038574,0.4258716446596152,0.4158571715225457,0.1610197444479473,0.0,0.0,0.9090909090909092,0.0,344.2769280395712
0.22,0.4227481407812263,0.4289303564597002,0.4272910759771227,0.1417962556564363,0.0,0.0,0.9090909090909092,0.0,349.56196017870946
0.224,0.4318544575374346,0.4334345715018007,0.4344487803123171,0.1204348195668037,0.0,0.0,0.9090909090909092,0.0,352.6710603385807
0.228,0.4305164429759172,0.4310598358686005,0.4227385787853481,0.1250096660469523,0.0,0.0,0.9090909090909092,0.0,344.9454077871268
0.232,0.4257359676147388,0.424864979517993,0.411475728760126,0.1504196167697807,0.0,0.0,0.9090909090909092,0.0,336.63154269244353
0.236,0.4010541163545029,0.4049639355509267,0.4034496220437915,0.1067594018736492,0.0,0.0,0.9090909090909092,0.0,330.3434249278049
0.24,0.410108460218348,0.4178699191029724,0.407278470661427,0.164978842150527,0.0,0.0,0.9090909090909092,0.0,336.48342367768385
0.244,0.411342528995139,0.4121396986409253,0.411186261299746,0.1112091414036654,0.0,0.0,0.9090909090909092,0.0,334.88010466779065
0.248,0.4267362178414475,0.4340540335052998,0.42855418846168,0.2038473841038571,0.0,0.0,0.9090909090909092,0.0,351.67299025509624
0.252,0.4353618943634749,0.4373708807308002,0.4287647139013765,0.1390268252710666,0.0,0.0,0.9090909090909092,0.0,350.2171273403859
0.256,0.4273078007263385,0.4274719740165693,0.4274226593961357,0.0979788895453379,0.0,0.0,0.9090909090909092,0.0,346.9015485147585
0.26,0.4300487662320513,0.4346476977206318,0.4303831056326312,0.1331042008496143,0.0,0.0,0.9090909090909092,0.0,351.7521114977835
0.264,0.4295551625075556,0.450986677623834,0.4323962074673033,0.193804673128351,0.0,0.0,0.9090909090909092,0.0,362.82033909107065
0.268,0.4565363087976706,0.4867362678173751,0.4621848544959794,0.3173773361852089,0.0,0.0,0.9090909090909092,0.0,390.3045952366981
0.272,0.5243334602466253,0.5241765387053593,0.5045389751983986,0.3090636723379898,0.0,0.0,0.9090909090909092,0.0,409.30320915363654
0.276,0.5131226972522733,0.5210145569807335,0.5163807601443807,0.1948210711572642,0.0,0.0,0.9090909090909092,0.0,419.05521152361075
0.28,0.5147465032562362,0.5275449815071938,0.5140650606149626,0.1983666635262007,0.0,0.0,0.9090909090909092,0.0,420.9022068325505
0.284,0.5317899647308385,0.532591225802356,0.52313058398817,0.1682815121285623,0.0,0.0,0.9090909090909092,0.0,422.1675785317881
0.288,0.5226317147259684,0.5290420803255435,0.5299198788423011,0.1734172291842278,0.0,0.0,0.9090909090909092,0.0,427.8332211775139
0.292,0.5346998124039556,0.5490592734182659,0.5396696199329276,0.1810499044332568,0.0,0.0,0.9090909090909092,0.0,440.43941843934294
0.296,0.546092460699728,0.543883961410396,0.5325513866080749,0.1547887659331472,0.0,0.0,0.9090909090909092,0.0,428.4812563432431
0.3,0.5330370366416456,0.5480654874777593,0.5395380365139145,0.1734222181116871,0.0,0.0,0.9090909090909092,0.0,440.46382462344116
0.304,0.5400648737840411,0.5366308049558961,0.5264462693177411,0.180354524698165,0.0,0.0,0.9090909090909092,0.0,423.08045027274045
0.308,0.5310494996785432,0.5432386622327937,0.5289988350628314,0.1897218116484164,0.0,0.0,0.9090909090909092,0.0,432.2334956163256
0.312,0.5518991925556473,0.5568028635494933,0.5533139812738853,0.1472455076147343,0.0,0.0,0.9090909090909092,0.0,445.92981179086496
0.316,0.5482228735622027,0.549085071206433,0.5449194650764874,0.1373952541100607,0.0,0.0,0.9090909090909092,0.0,437.94895114426447
0.32,0.551184694127683,0.5713995277959821,0.5549586736274938,0.1829946267332445,0.0,0.0,0.9090909090909092,0.0,455.8477533686746
0.324,0.5859211791221739,0.5823179788529507,0.548143078151009,0.2576111365141327,0.0,0.0,0.9090909090909092,0.0,443.920399150502
0.328,0.5505222082357829,0.551369416116208,0.5231568846105239,0.2502797157309133,0.0,0.0,0.9090909090909092,0.0,425.54971381624375
0.332,0.547222623335494,0.5601196713890577,0.5496167160752629,0.1584387420150776,0.0,0.0,0.9090909090909092,0.0,447.6654522083671
0.336,0.5564068796083965,0.5589968571217795,0.5440379324609814,0.1910033903599721,0.0,0.0,0.9090909090909092,0.0,439.9107872648582
0.34,0.5430916703759008,0.5443485579130203,0.5345381878203931,0.1313204674011007,0.0,0.0,0.9090909090909092,0.0,431.1758119404217
0.344,0.5356091596236553,0.5379214033111006,0.5357881299169626,0.1277664322318485,0.0,0.0,0.9090909090909092,0.0,431.192250794243
0.348,0.5417536558143833,0.5466716585839502,0.5164071009203566,0.2098304513002967,0.0,0.0,0.9090909090909092,0.0,422.4482900555655
0.352,0.5248530702391532,0.5386183374509732,0.5272620704541735,0.1473631311736777,0.0,0.0,0.9090909090909092,0.0,431.054456287849
0.356,0.5290879689834728,0.5351466247245982,0.5248410479744742,0.1341551376070916,0.0,0.0,0.9090909090909092,0.0,425.8232244932891
0.36,0.5396232033082075,0.543290297195064,0.5359854849686712,0.1320229467637307,0.0,0.0,0.9090909090909092,0.0,432.83339998813335
0.364,0.5394023878921411,0.5417931983767144,0.5293804149318828,0.1428291555223301,0.0,0.0,0.9090909090909092,0.0,428.1581261683615
0.368,0.5274121900871467,0.5445163420009467,0.5323935025667079,0.1661268711116347,0.0,0.0,0.9090909090909092,0.0,436.5010979130966
0.372,0.5512756367783932,0.5552799275570405,0.5547744488101513,0.1169809467103875,0.0,0.0,0.9090909090909092,0.0,446.1536011189702
0.376,0.5537308504853616,0.5546346283794382,0.5566691376137982,0.0991228889881131,0.0,0.0,0.9090909090909092,0.0,445.87113352679944
0.38,0.5507300601615344,0.5497820053463055,0.5394985655035728,0.1559415919398887,0.0,0.0,0.9090909090909092,0.0,434.14120458535865
0.384,0.52026744366971,0.5547636960921458,0.5196306738412562,0.2378488435570208,0.0,0.0,0.9090909090909092,0.0,438.0367917644935
0.388,0.555120798295541,0.5577062587665749,0.5410380152141441,0.1764811981715197,0.0,0.0,0.9090909090909092,0.0,437.9250248216689
0.392,0.5462223731087853,0.5686505469976466,0.5522482238410367,0.1978562578707526,0.0,0.0,0.9090909090909092,0.0,454.6786051538211
0.396,0.5654482203382254,0.5774782350209335,0.5692346112875412,0.1485775512463588,0.0,0.0,0.9090909090909092,0.0,461.9384414582985
0.4,0.5754768478044483,0.5758004729135421,0.5706161368031236,0.1251637471527135,0.0,0.0,0.9090909090909092,0.0,457.6066972382886
0.404,0.5606027689506677,0.562068487508916,0.5534586949272643,0.1337301193639271,0.0,0.0,0.9090909090909092,0.0,445.54597217557534
0.408,0.5550168921545159,0.5658628498240924,0.5588269932554712,0.1542382569761995,0.0,0.0,0.9090909090909092,0.0,453.2547169088017
0.412,0.5670200534498251,0.5866027748448546,0.5721292457377193,0.1570385803354516,0.0,0.0,0.9090909090909092,0.0,468.4023380704713
0.416,0.5650325164867226,0.568727979748084,0.5587085802244459,0.1631047323622705,0.0,0.0,0.9090909090909092,0.0,450.73553451810983
0.42,0.5619018137538381,0.5766135167931346,0.5549060322291642,0.158914800823787,0.0,0.0,0.9090909090909092,0.0,454.48759974942925
0.424,0.5747753525104999,0.5780590200351501,0.5475115018319194,0.2050621879401888,0.0,0.0,0.9090909090909092,0.0,445.66044273339674
0.428,0.5435463439857505,0.5418060775778298,0.5301304042819975,0.1932587693352119,0.0,0.0,0.9090909090909092,0.0,426.87377209084104
0.432,0.5457287297405884,0.5551121828550503,0.5452352331592212,0.1415358720194276,0.0,0.0,0.9090909090909092,0.0,442.7507531892778
0.436,0.5454689049224738,0.54584565673137,0.5439194792763343,0.1108679755181816,0.0,0.0,0.9090909090909092,0.0,436.59392661045433
0.44,0.5490412781311922,0.5456391562682249,0.536288122817039,0.1069925382914573,0.0,0.0,0.9090909090909092,0.0,430.5173849207324
0.444,0.5243334602466253,0.5226278049247393,0.4965260388700519,0.2229553600365035,0.0,0.0,0.9090909090909092,0.0,403.72234538578925
0.448,0.4764896179453899,0.506740542323046,0.4786844194303952,0.1971639482448665,0.0,0.0,0.9090909090909092,0.0,403.6493276169829
0.452,0.4926497384683247,0.5219308707848667,0.4996838401582561,0.1908464310268306,0.0,0.0,0.9090909090909092,0.0,418.29637124779435
0.456,0.5012754149903522,0.5024944627063608,0.4930655997334799,0.1495425249460764,0.0,0.0,0.9090909090909092,0.0,399.3124111627178
0.46,0.5023146349754081,0.5062113922710997,0.4993680720755223,0.1329622082988505,0.0,0.0,0.9090909090909092,0.0,404.7921450524465
0.464,0.5132915794196776,0.5283580647727225,0.4944208246267085,0.2125952765218579,0.0,0.0,0.9090909090909092,0.0,410.46961515950306
0.468,0.4973003410641471,0.4946218048624257,0.4799738726909283,0.1874813994555544,0.0,0.0,0.9090909090909092,0.0,388.5916006056209
0.472,0.4971054922724118,0.5190399430727081,0.5027758698137648,0.1804696537933789,0.0,0.0,0.9090909090909092,0.0,416.55164851248264
0.476,0.5130187911112483,0.5174396137157539,0.5091704545644785,0.1327087324075546,0.0,0.0,0.9090909090909092,0.0,412.7772123735101
0.48,0.5253986864997133,0.5257768680623134,0.5235648052555509,0.116489729237475,0.0,0.0,0.9090909090909092,0.0,421.04938154711806
0.484,0.5288281441653582,0.5335075396064892,0.5358144706929383,0.0642784926761585,0.0,0.0,0.9090909090909092,0.0,431.42384134909923
0.488,0.5271783715370645,0.5344496905847255,0.5346171298410766,0.1049779710070399,0.0,0.0,0.9090909090909092,0.0,431.9501126675598
0.492,0.534310114820485,0.5385021489393811,0.5304461723647315,0.1277601001316117,0.0,0.0,0.9090909090909092,0.0,428.94876772038947
0.496,0.535985893716811,0.5528536357334423,0.5422747869227257,0.1625797436880953,0.0,0.0,0.9090909090909092,0.0,443.70389797138205
0.5,0.5591608482481253,0.5615135396688028,0.5610637909178277,0.1326912711614472,0.0,0.0,0.9090909090909092,0.0,450.2785087526139
0.504,0.5631748919326773,0.5669856640913706,0.5693135533082246,0.1029898834145217,0.0,0.0,0.9090909090909092,0.0,456.71532069300883
0.508,0.5559262393742157,0.5552154133936547,0.5477220272716159,0.1274323659739029,0.0,0.0,0.9090909090909092,0.0,440.0549304612282
0.512,0.5430527006175536,0.5586226119566441,0.5483141325803639,0.1143874719588697,0.0,0.0,0.9090909090909092,0.0,447.76330831097357
0.516,0.5541335512028485,0.564417385968013,0.5587217104588119,0.1160954120863675,0.0,0.0,0.9090909090909092,0.0,452.7187727779025
0.52,0.5578748065789711,0.5545959120042194,0.5544060393290877,0.1021302528369248,0.0,0.0,0.9090909090909092,0.0,442.80956487962715
0.524,0.5567576074335199,0.5723287601871668,0.5561691848673435,0.1782635884472558,0.0,0.0,0.9090909090909092,0.0,454.8118552501727
0.528,0.5844922219099464,0.5965403585483681,0.590365615434415,0.2145014305749489,0.0,0.0,0.9090909090909092,0.0,477.7474029081882
0.532,0.5880905617429957,0.6090978947234456,0.5879577633427038,0.201196152922907,0.0,0.0,0.9090909090909092,0.0,482.3084177748277
0.536,0.6088882817277368,0.6139763549306814,0.5884446260084144,0.1990514897608979,0.0,0.0,0.9090909090909092,0.0,476.87769129928597
0.54,0.5958198941793396,0.6082718928708652,0.5975496203919634,0.1773266294940402,0.0,0.0,0.9090909090909092,0.0,484.25061346715256
0.544,0.6087583693186794,0.6077943777811893,0.5996548346353068,0.1929400536232949,0.0,0.0,0.9090909090909092,0.0,479.8368407471273
0.548,0.6110447008582436,0.6185579633372831,0.6136149640589983,0.1614919656201495,0.0,0.0,0.9090909090909092,0.0,493.4819455209455
0.552,0.6104211450809894,0.6097044775258291,0.610338749739769,0.106436272879749,0.0,0.0,0.9090909090909092,0.0,486.580106077452
0.556,0.6092260460625454,0.6083235278331355,0.602391585044118,0.073934945537222,0.0,0.0,0.9090909090909092,0.0,481.605855617222
0.56,0.6050041504522419,0.6059875479610901,0.598470664171433,0.1075052465288097,0.0,0.0,0.9090909090909092,0.0,479.65567561680757
0.5640000000000001,0.5839206390250553,0.5805756631962372,0.5789711819901798,0.1218624203474557,0.0,0.0,0.9090909090909092,0.0,461.8539105228524
0.5680000000000001,0.573645189874734,0.57247070710099,0.5721687167480609,0.1083836815252916,0.0,0.0,0.9090909090909092,0.0,457.3116115340864
0.5720000000000001,0.5671629689928985,0.5639914664546714,0.5662083532647282,0.0888875286599491,0.0,0.0,0.9090909090909092,0.0,451.4718163629649
0.5760000000000001,0.5693713213720674,0.5663016485385496,0.5477877989043116,0.158842653257453,0.0,0.0,0.9090909090909092,0.0,441.1007774735999
0.58,0.5566276950244626,0.565282064809876,0.5599848630969912,0.1250818136132863,0.0,0.0,0.9090909090909092,0.0,452.93962793355445
0.584,0.5545362519203351,0.5532795158608478,0.5392090980431928,0.165670576130937,0.0,0.0,0.9090909090909092,0.0,434.4776598618005
0.588,0.5409222481113777,0.5405283978096769,0.542511653138398,0.1095163599403707,0.0,0.0,0.9090909090909092,0.0,434.5004483933528
0.592,0.5305169261957003,0.5386183374509732,0.533406618601227,0.1041672702949089,0.0,0.0,0.9090909090909092,0.0,432.3381379431087
0.596,0.540987224137757,0.5543119787906371,0.5413274826745241,0.1239126776513894,0.0,0.0,0.9090909090909092,0.0,441.9611622858198
0.6,0.5478461791127482,0.5610876201554611,0.5513403504495549,0.1130101442164611,0.0,0.0,0.9090909090909092,0.0,449.02107083259216
0.604,0.559498612582934,0.5578740428545012,0.5591691021141808,0.0977931479383928,0.0,0.0,0.9090909090909092,0.0,446.8827686940307
0.608,0.5498986524585288,0.5476783237255723,0.5463668023783873,0.1045863402014874,0.0,0.0,0.9090909090909092,0.0,437.29269358462886
0.612,0.5477162667036909,0.5495496677090572,0.5508798285598201,0.0896316463786814,0.0,0.0,0.9090909090909092,0.0,441.9605946647097
0.616,0.5455988173315311,0.5519889175056433,0.5477351976596039,0.1102681529321173,0.0,0.0,0.9090909090909092,0.0,442.4349697465167
0.62,0.5324264839984075,0.5306682468566007,0.52428845382969,0.1159607110449673,0.0,0.0,0.9090909090909092,0.0,421.4743615963922
0.624,0.5224238628002169,0.5403090181454164,0.5271567876575142,0.1254333411173393,0.0,0.0,0.9090909090909092,0.0,433.0229462835081
0.628,0.539960967643016,0.5548927638048535,0.5442747585230318,0.1320008803538147,0.0,0.0,0.9090909090909092,0.0,444.4582593545815
0.632,0.5559002331061834,0.5586742075329784,0.5592875151452059,0.1036497650119225,0.0,0.0,0.9090909090909092,0.0,448.9171275609915
0.636,0.5527435637489678,0.5491367061687032,0.5464457443990708,0.0895003992101376,0.0,0.0,0.9090909090909092,0.0,437.0334556094557
0.64,0.5428838184501493,0.5394313813305658,0.5417221927779415,0.0671187274550847,0.0,0.0,0.9090909090909092,0.0,432.5908655139732
0.644,0.5357390720327125,0.5403864508958537,0.5409459028054728,0.0999771468746,0.0,0.0,0.9090909090909092,0.0,435.65070665468284
0.648,0.5433904253086611,0.5429289312310441,0.5205780182430797,0.151456546154007,0.0,0.0,0.9090909090909092,0.0,422.02760402292654
0.652,0.5272173412954114,0.5424772139295353,0.5312093321028342,0.1532602353123577,0.0,0.0,0.9090909090909092,0.0,434.69320166432965
0.656,0.5219432225660361,0.5260478826888442,0.5204201342017127,0.1074261912167629,0.0,0.0,0.9090909090909092,0.0,420.8083335642856
0.66,0.5258143507075148,0.527867631095995,0.5193543767688642,0.1038706209929078,0.0,0.0,0.9090909090909092,0.0,419.6620986817685
0.664,0.520864993178932,0.5218534380344293,0.5002627750790162,0.1378728479733729,0.0,0.0,0.9090909090909092,0.0,406.93092577223456
0.668,0.4904153798211237,0.4937184096453441,0.484934250374108,0.1344437278724277,0.0,0.0,0.9090909090909092,0.0,393.84396638784267
0.672,0.4954167102420697,0.5097863355360794,0.498381256663357,0.1149817299719986,0.0,0.0,0.9090909090909092,0.0,409.20979838256164
0.676,0.5071600863629657,0.5184333602703244,0.5109335599491123,0.0992612357841951,0.0,0.0,0.9090909090909092,0.0,416.84909976707706
0.68,0.5177732602043944,0.5261769504015519,0.52370951890893,0.1183839866173939,0.0,0.0,0.9090909090909092,0.0,424.53857444300684
0.684,0.5306078292027093,0.5379214033111006,0.5276962515679324,0.1047830190724777,0.0,0.0,0.9090909090909092,0.0,428.54126864184434
0.6880000000000001,0.5336475892848838,0.5377665378102259,0.5197622572602693,0.1135547048368227,0.0,0.0,0.9090909090909092,0.0,422.533969155436
0.6920000000000001,0.5128758755681748,0.5220599384975744,0.5156571115702416,0.0934084563471725,0.0,0.0,0.9090909090909092,0.0,419.40868004867104
0.6960000000000001,0.5103427223445122,0.5087151562310714,0.502012750229284,0.1092285372023361,0.0,0.0,0.9090909090909092,0.0,404.5238443289254
0.7000000000000001,0.5087189163405493,0.5128192495479973,0.5139466074303155,0.0828305869607473,0.0,0.0,0.9090909090909092,0.0,414.64290014867413
0.704,0.5037046224292885,0.510689770139097,0.5067494320847793,0.09261310618107,0.0,0.0,0.9090909090909092,0.0,411.2306780261533
0.708,0.505068603615137,0.509979956798109,0.5085783492557306,0.1058387528755889,0.0,0.0,0.9090909090909092,0.0,411.3121383961703
0.712,0.5037565953216517,0.500945768311677,0.4934998210008608,0.1284190223198857,0.0,0.0,0.9090909090909092,0.0,397.6382638305105
0.716,0.4936370252047186,0.5049724288781655,0.498236543009978,0.1071191802961926,0.0,0.0,0.9090909090909092,0.0,407.00757322465563
0.72,0.5100699340360828,0.5172589110407759,0.5173281045462041,0.099885619243905,0.0,0.0,0.9090909090909092,0.0,418.69823076079126
0.724,0.5130187911112483,0.5127031004223412,0.5061573669296533,0.0975692218482019,0.0,0.0,0.9090909090909092,0.0,408.2202553631315
0.728,0.4981057424991206,0.5001971992095341,0.4988549087874578,0.1038775287386206,0.0,0.0,0.9090909090909092,0.0,402.68457596700466
0.732,0.482075534385243,0.4968674727829182,0.4858815947759314,0.100420202009348,0.0,0.0,0.9090909090909092,0.0,399.73959390911625
0.736,0.4879082328654933,0.4862845505158663,0.4821185579446135,0.1148669846404355,0.0,0.0,0.9090909090909092,0.0,388.82567930241055
0.74,0.4914936092082277,0.5017588121912695,0.4942102991870119,0.1257816066303613,0.0,0.0,0.9090909090909092,0.0,403.6196299225893
0.744,0.4963260574617694,0.5021330967423409,0.5005785833153719,0.0943521311642755,0.0,0.0,0.9090909090909092,0.0,405.5866594323609
0.748,0.4918053672750043,0.4940410592341452,0.4937234766749233,0.1176249021162838,0.0,0.0,0.9090909090909092,0.0,398.624189322152
0.752,0.4813610359572787,0.4930601918806901,0.4768686726474319,0.1233128550653251,0.0,0.0,0.9090909090909092,0.0,392.4808175435345
0.756,0.4971704286550898,0.499513183656713,0.4989601915841171,0.1084224416540136,0.0,0.0,0.9090909090909092,0.0,402.7270582276541
0.76,0.497248368171784,0.5121481525822279,0.5041705657173351,0.1147568444726809,0.0,0.0,0.9090909090909092,0.0,413.2532243265888
0.764,0.5010155901722377,0.499397034531057,0.4943024115956833,0.1117134068407021,0.0,0.0,0.9090909090909092,0.0,398.3327527534351
0.768,0.4932083578629009,0.4912662806476428,0.4881183924382881,0.1069745013998738,0.0,0.0,0.9090909090909092,0.0,393.1123097306829
0.772,0.489376159836068,0.4958220912660773,0.4939998139009373,0.1061382804049704,0.0,0.0,0.9090909090909092,0.0,400.85554264487644
0.776,0.4886876676761358,0.4911630107231021,0.4921314257196442,0.0846901137302767,0.0,0.0,0.9090909090909092,0.0,397.2855070692999
0.78,0.4929875028031333,0.49497029162533,0.4912235523281625,0.0922936229418515,0.0,0.0,0.9090909090909092,0.0,397.23079755479637
0.784,0.4777496929902131,0.4745788139815361,0.473355632266152,0.1234268328695869,0.0,0.0,0.9090909090909092,0.0,380.94042126572174
0.788,0.4681108027511622,0.4650542312043127,0.4545797986590379,0.1455897593437334,0.0,0.0,0.9090909090909092,0.0,368.256158358318
0.792,0.4593292471957464,0.4720750500215643,0.4654611089688307,0.1378711210369447,0.0,0.0,0.9090909090909092,0.0,382.44850378314356
0.796,0.4638369342484955,0.4748498679940031,0.4701714902019721,0.1098542638348235,0.0,0.0,0.9090909090909092,0.0,385.00231841549294
0.8,0.4812830964405845,0.4861426036020431,0.481618565044537,0.100552600468844,0.0,0.0,0.9090909090909092,0.0,391.2003517890224
0.804,0.4703841311567102,0.4709264379661191,0.4643295397496645,0.1012541204223472,0.0,0.0,0.9090909090909092,0.0,376.5371601744374
0.808,0.4549125027937077,0.4521094918911122,0.4480141996325913,0.1138085644917693,0.0,0.0,0.9090909090909092,0.0,362.1961120825682
0.812,0.4499371389970926,0.4487926840515479,0.438369741338624,0.1251079095415348,0.0,0.0,0.9090909090909092,0.0,356.6266822628662
0.8160000000000001,0.4442863258182628,0.4565878697591095,0.4500273014672634,0.1396535113126808,0.0,0.0,0.9090909090909092,0.0,370.42940311556436
0.8200000000000001,0.4665259665055463,0.4692486758587276,0.4672373445878304,0.1073193130400393,0.0,0.0,0.9090909090909092,0.0,378.8426730368693
0.8240000000000001,0.4477807595102871,0.45265156053011,0.4474352647118313,0.1540375485868766,0.0,0.0,0.9090909090909092,0.0,365.1188776848235
0.8280000000000001,0.4456892767624582,0.4493476318916612,0.431133094982746,0.1438033395496648,0.0,0.0,0.9090909090909092,0.0,354.46561140449455
0.8320000000000001,0.4247097111199979,0.4239228285397567,0.4187649763607116,0.1376972761031717,0.0,0.0,0.9090909090909092,0.0,340.80294951349765
0.836,0.447248146383743,0.445191903612465,0.4219622888128794,0.1459927111769819,0.0,0.0,0.9090909090909092,0.0,345.97252349647965
0.84,0.4204358426173312,0.4250327636059194,0.4187781467486995,0.1139971843260947,0.0,0.0,0.9090909090909092,0.0,343.24914336180984
0.844,0.4245148623282626,0.4269428239646231,0.4260016227165896,0.0932202202764978,0.0,0.0,0.9090909090909092,0.0,346.93818142240093
0.848,0.4294252500984983,0.434673534894735,0.4336724903398485,0.0975980041220053,0.0,0.0,0.9090909090909092,0.0,353.9934467018488
0.852,0.4392979985313329,0.4492314827660051,0.4418301403215741,0.1098057177330083,0.0,0.0,0.9090909090909092,0.0,363.3310121898204
0.856,0.4511972140419159,0.4841034361446956,0.4520009322915937,0.2130972393769903,0.0,0.0,0.9090909090909092,0.0,385.0428761705523
0.86,0.4862454571031834,0.4833419878414372,0.4773949661698622,0.1165896996684857,0.0,0.0,0.9090909090909092,0.0,385.0011310903469
0.864,0.4889864622525974,0.5029848963830883,0.4903551499470226,0.1686374529145985,0.0,0.0,0.9090909090909092,0.0,403.11539239817034
0.868,0.4976380657552545,0.4997841982832439,0.4859868374189688,0.1186789089829668,0.0,0.0,0.9090909090909092,0.0,395.0868084422467
0.872,0.4851932339841115,0.4832000409276141,0.481894862116929,0.0916748040550769,0.0,0.0,0.9090909090909092,0.0,388.0013062696348
0.876,0.4781394302173851,0.4819868753228469,0.4820001047599664,0.1143786453949033,0.0,0.0,0.9090909090909092,0.0,390.25628617020857
0.88,0.4621741584861855,0.4729397682493633,0.4597507419355361,0.1750261582898417,0.0,0.0,0.9090909090909092,0.0,378.42510498382285
0.884,0.4598618603222904,0.4687582421820001,0.4628296012030569,0.1153965784784193,0.0,0.0,0.9090909090909092,0.0,378.726585263582
0.888,0.4580302023925761,0.466202843259758,0.4540008637382779,0.122769637617741,0.0,0.0,0.9090909090909092,0.0,372.7870420960014
0.892,0.4613947236755432,0.4681516593796164,0.4652111125187924,0.0923153055881168,0.0,0.0,0.9090909090909092,0.0,379.13674199326977
0.896,0.4623300375195738,0.4605500161622122,0.4619217278115751,0.0818009490858845,0.0,0.0,0.9090909090909092,0.0,372.3089783896572
0.9,0.4588875767199127,0.4713265203053576,0.4594612744751561,0.092721327530571,0.0,0.0,0.9090909090909092,0.0,378.6889975750587
0.904,0.4715402604168071,0.4881946502605061,0.4734477045212016,0.1200880891083846,0.0,0.0,0.9090909090909092,0.0,391.66028168888477
0.908,0.4815948941510622,0.4840905569435801,0.481342227818523,0.0882871304284087,0.0,0.0,0.9090909090909092,0.0,389.6994304542644
0.912,0.4880381452745506,0.4937442074335112,0.4868684101880967,0.0863980538577744,0.0,0.0,0.9090909090909092,0.0,396.0063321731209
0.916,0.4764246815627119,0.4931763410063463,0.480315941396016,0.0973061518656382,0.0,0.0,0.9090909090909092,0.0,396.6328746473629
0.92,0.5040034170057501,0.5114382998553038,0.5041310947069934,0.1180846509698378,0.0,0.0,0.9090909090909092,0.0,410.01617358707244
0.924,0.5156948202342829,0.5312748296589844,0.5229069283141075,0.1195348938058819,0.0,0.0,0.9090909090909092,0.0,427.96702757431945
0.928,0.523073385201802,0.5544539650903964,0.523446352070904,0.1451052577347084,0.0,0.0,0.9090909090909092,0.0,438.98560218222804
0.932,0.5480799976628306,0.5526987308466313,0.530630397182074,0.1109372448571353,0.0,0.0,0.9090909090909092,0.0,431.8106352231191
0.936,0.5419225379817877,0.5599260895129642,0.5410906164588518,0.1257388169833068,0.0,0.0,0.9090909090909092,0.0,444.7836308331025
0.94,0.5546791278197072,0.5580934619046979,0.5554981375379121,0.0831164908805284,0.0,0.0,0.9090909090909092,0.0,446.87644142097463
0.944,0.5384281042897634,0.5357402889399301,0.5302882883233645,0.0958158057280946,0.0,0.0,0.9090909090909092,0.0,425.5412562467301
0.948,0.5193191266916632,0.5182784947694496,0.5083546534280462,0.095404219212705,0.0,0.0,0.9090909090909092,0.0,410.2213858355036
0.952,0.498391533941566,0.4982742202637787,0.4929603570904425,0.0839419664932118,0.0,0.0,0.9090909090909092,0.0,397.9839078029562
0.956,0.5041592960391384,0.513541981476037,0.5097493894852385,0.0816280635612384,0.0,0.0,0.9090909090909092,0.0,414.510886659039
0.96,0.5230993518261331,0.525789786649365,0.5183149199583693,0.0765282284069145,0.0,0.0,0.9090909090909092,0.0,418.9658893718405
0.964,0.5237359107374033,0.5316749119982229,0.528327827887022,0.0831823063466256,0.0,0.0,0.9090909090909092,0.0,428.0680117082112
0.968,0.5335956560362218,0.5364372230798027,0.535709187896279,0.0823268971691866,0.0,0.0,0.9090909090909092,0.0,431.1421158145414
0.972,0.550002598243255,0.549859438096743,0.5480772663646916,0.0804034737518135,0.0,0.0,0.9090909090909092,0.0,439.57295418032743
0.976,0.5431566067585787,0.5477428378889581,0.5491035527871985,0.0569526364658744,0.0,0.0,0.9090909090909092,0.0,441.7620425893208
0.98,0.546053490941381,0.5440130291231038,0.5383670364380286,0.0814018348891431,0.0,0.0,0.9090909090909092,0.0,432.0412423099218
0.984,0.5299972765594713,0.5292098644134698,0.5216437756759283,0.0809434292083665,0.0,0.0,0.9090909090909092,0.0,420.09183065968864
0.988,0.5179551455058149,0.5225245743861348,0.5193017353705345,0.066855657472521,0.0,0.0,0.9090909090909092,0.0,419.7407693109136
0.992,0.5185787012830692,0.5343722578342881,0.5223937650260431,0.0801045218679081,0.0,0.0,0.9090909090909092,0.0,428.3284349918538
0.996,0.5200595917439587,0.525015419759055,0.5239200443486265,0.0624947592276449,0.0,0.0,0.9090909090909092,0.0,423.0590463762752
1.0,0.5209754405306664,0.522859985018243,0.4863289462776785,0.1114378261631252,0.0,0.0,0.9090909090909092,0.0,399.3352203314844
0.0,0.5804974571527937,0.5808197140229495,0.5869515322418607,0.0240460547081947,0.0,0.0,0.6363636363636364,0.0,468.0562591821605
0.004,0.579994920102442,0.5809349981080593,0.5867427309451198,0.0263185111658912,0.0,0.0,0.6363636363636364,0.0,468.20979258485386
0.008,0.5819150996018242,0.5801283113623376,0.5845758355937181,0.0242193239964916,0.0,0.0,0.6363636363636364,0.0,465.66534123858037
0.012,0.5804072606307284,0.5835469365803475,0.5881002525145786,0.0261828507153642,0.0,0.0,0.6363636363636364,0.0,470.38696299284925
0.016,0.5868509711387819,0.5898847463664305,0.5931387535301453,0.0310785236075087,0.0,0.0,0.6363636363636364,0.0,474.43571921232524
0.02,0.5886424213757934,0.5882971273557261,0.592146800041985,0.0269797359360695,0.0,0.0,0.6363636363636364,0.0,472.17055416188714
0.024,0.5870958807489484,0.590230476567945,0.5950706967587641,0.0246994123235334,0.0,0.0,0.6363636363636364,0.0,475.6753343368532
0.028,0.5873407610926853,0.5877337514967773,0.593869792653632,0.0242926228537778,0.0,0.0,0.6363636363636364,0.0,473.3869372354417
0.032,0.5906915310673264,0.590627413119383,0.5943658334915556,0.0283459345326075,0.0,0.0,0.6363636363636364,0.0,474.00735071695306
0.036,0.5961429437408121,0.5937770981547358,0.5975116599988549,0.0668176648711005,0.0,0.0,0.6363636363636364,0.0,475.45138332072804
0.04,0.5909621052566134,0.5992698664252689,0.5918204162121011,0.0424252634681373,0.0,0.0,0.6363636363636364,0.0,477.5310099329413
0.044,0.6048033235274334,0.6045194048544917,0.6104735248799026,0.0375161588482178,0.0,0.0,0.6363636363636364,0.0,485.85751727458944
0.048,0.6087855933332765,0.6079892346161451,0.6138543929196116,0.0282856836394456,0.0,0.0,0.6363636363636364,0.0,488.25527552633685
0.052,0.6099969852143393,0.6124449036604288,0.6183185531491819,0.0361217536233524,0.0,0.0,0.6363636363636364,0.0,493.0155381374037
0.056,0.615886582221341,0.6140581807075023,0.6186057628771484,0.0609902138350249,0.0,0.0,0.6363636363636364,0.0,491.6938429050592
0.06,0.6152293343254313,0.6159275392161483,0.6216079883502784,0.049150721446881,0.0,0.0,0.6363636363636364,0.0,494.84163146062883
0.064,0.614494745007728,0.6124577129562753,0.6159298538105188,0.0329873640061548,0.0,0.0,0.6363636363636364,0.0,489.7607887459304
0.068,0.606143654288345,0.6066320679133198,0.6129537377457852,0.0260301127823804,0.0,0.0,0.6363636363636364,0.0,488.01697544719013
0.072,0.6110667067424536,0.6151209510325121,0.6191409924254223,0.021550055923958,0.0,0.0,0.6363636363636364,0.0,494.6503884376151
0.076,0.615667524484192,0.6133539999670324,0.6214775072446477,0.0215439157055465,0.0,0.0,0.6363636363636364,0.0,493.0656448904522
0.08,0.6154870554879522,0.612649786483369,0.6200154818079239,0.0174472387341863,0.0,0.0,0.6363636363636364,0.0,491.86630882438
0.084,0.619430633066044,0.6236353581395203,0.6273644851331139,0.0305199556138961,0.0,0.0,0.6363636363636364,0.0,501.06342009430614
0.088,0.6229746931417947,0.6206392894448359,0.6247668916029446,0.0263611089311203,0.0,0.0,0.6363636363636364,0.0,496.2940493336663
0.092,0.6170722624620796,0.6213947346180402,0.6248321730055744,0.0262985554560541,0.0,0.0,0.6363636363636364,0.0,499.2261510926619
0.096,0.6210029406345061,0.6200375479491564,0.6290483991014486,0.0178544119675926,0.0,0.0,0.6363636363636364,0.0,499.2678465307639
0.1,0.6229360691778514,0.6255815409212587,0.6313457905865704,0.0233583502461172,0.0,0.0,0.6363636363636364,0.0,503.1056305232039
0.104,0.6257197783081356,0.6235585739393724,0.6301710063468086,0.023794305753327,0.0,0.0,0.6363636363636364,0.0,500.0620091412144
0.108,0.6263641437812022,0.6320730255413085,0.6350398424788953,0.0283010341854741,0.0,0.0,0.6363636363636364,0.0,507.7064567846995
0.112,0.6377051175441752,0.6336991043122396,0.6374024641819895,0.0354133259241364,0.0,0.0,0.6363636363636364,0.0,505.35789019235426
0.116,0.6276915221281586,0.6304341572935465,0.6349484261901598,0.0217073990207502,0.0,0.0,0.6363636363636364,0.0,506.13230812794404
0.12,0.6331816615097304,0.6292946563021637,0.6345829846545222,0.0213270892428938,0.0,0.0,0.6363636363636364,0.0,502.9673393906031
0.124,0.6277430835292427,0.6236481665138541,0.6286176202836596,0.0261778617879049,0.0,0.0,0.6363636363636364,0.0,498.36610274451334
0.128,0.6303463426644514,0.6324570846925301,0.6372327462783969,0.0256221720216726,0.0,0.0,0.6363636363636364,0.0,507.5730190334481
0.132,0.6351146911012808,0.638372387795471,0.6412270391969461,0.0314145086837079,0.0,0.0,0.6363636363636364,0.0,511.4520514980484
0.136,0.6371896714541402,0.6341600262273892,0.6409138053682197,0.02217021798351,0.0,0.0,0.6363636363636364,0.0,507.9103513386883
0.14,0.6390583829875189,0.6375145998904332,0.6427934872927364,0.0263171679931137,0.0,0.0,0.6363636363636364,0.0,510.2298863723238
0.144,0.6385943716782816,0.6353764004453349,0.6400261981173425,0.0453349594678426,0.0,0.0,0.6363636363636364,0.0,507.52241832710445
0.148,0.6902216344456114,0.6859509755702722,0.6693437928413308,0.0937599838512255,0.0,0.0,0.6363636363636364,0.0,533.3540472988169
0.152,0.6641503845153528,0.6607918013107271,0.6549330768469799,0.0503185142360004,0.0,0.0,0.6363636363636364,0.0,520.7737204470851
0.156,0.6554770328520209,0.663928642991999,0.6644227501817046,0.0433558903211161,0.0,0.0,0.6363636363636364,0.0,531.7978474741368
0.16,0.6669598183897919,0.6627123249150515,0.6632610399029054,0.0315025824415465,0.0,0.0,0.6363636363636364,0.0,525.6421008659163
0.164,0.6588664377163114,0.6555422108235984,0.6590709234340203,0.0356934733891568,0.0,0.0,0.6363636363636364,0.0,522.2769601881245
0.168,0.6535824876979226,0.6509200647818174,0.6506123229086188,0.0255686369923982,0.0,0.0,0.6363636363636364,0.0,516.763233071815
0.172,0.648169781881894,0.6465283855537752,0.6530402760698089,0.0245169327076194,0.0,0.0,0.6363636363636364,0.0,517.8213064424082
0.176,0.6477831684741562,0.6502799383890427,0.6534449204914656,0.0334651497512923,0.0,0.0,0.6363636363636364,0.0,520.4440139099328
0.18,0.6496518599502293,0.6546203246959241,0.6573348375237786,0.0305343467507978,0.0,0.0,0.6363636363636364,0.0,524.530624081171
0.184,0.6604258515299034,0.6568226573942145,0.652988127844181,0.032361445491842,0.0,0.0,0.6363636363636364,0.0,518.8261413293727
0.188,0.6481181908563551,0.6481800452657707,0.6539931494517053,0.0336084854748336,0.0,0.0,0.6363636363636364,0.0,519.3799819340803
0.192,0.6483888637315999,0.6483720609644412,0.6526095125712386,0.0430955066841074,0.0,0.0,0.6363636363636364,0.0,518.5671863037509
0.196,0.6468681803623303,0.6441725169605186,0.64600459215199,0.0403080394071542,0.0,0.0,0.6363636363636364,0.0,512.8301684509383
0.2,0.6383753049402907,0.6343648559756256,0.6388644363941808,0.0359339013163285,0.0,0.0,0.6363636363636364,0.0,506.33681413526017
0.204,0.6317639817470481,0.6290385206624063,0.633499534287016,0.0479111648550783,0.0,0.0,0.6363636363636364,0.0,502.76111251384316
0.208,0.624866692098225,0.6257922111423302,0.6323331953286193,0.0301051071074755,0.415,0.0,0.6363636363636364,0.0,503.2192882921646
0.212,0.6255895206914995,0.6297678397153186,0.6319278260709955,0.0413894853748632,0.0,0.0,0.6363636363636364,0.0,504.8328008123515
0.216,0.6286618168886745,0.6265103600966687,0.6341636151662811,0.0362363070730902,0.0,0.0,0.6363636363636364,0.0,502.9386592986681
0.22,0.6257314857543096,0.6223935904957909,0.6268286764218471,0.0538838704329487,0.0,0.0,0.6363636363636364,0.0,497.39920784466574
0.224,0.6226851017327598,0.6253561561099245,0.6286460927746901,0.0278689163147713,0.0,0.0,0.6363636363636364,0.0,501.496178296003
0.228,0.6292555848925611,0.630229512163327,0.6359679136809663,0.0292844285404259,0.0,0.0,0.6363636363636364,0.0,505.9629833651828
0.232,0.6312822450744743,0.6283186211255755,0.6346473385649232,0.034937267115427,0.0,0.0,0.6363636363636364,0.0,503.21213379993003
0.236,0.62071003076495,0.6237017084382465,0.6246059622864656,0.0295001037121266,0.0,0.0,0.6363636363636364,0.0,498.9620558942182
0.24,0.6249957437175028,0.6259973687632401,0.6318101702973212,0.0260790426478463,0.0,0.0,0.6363636363636364,0.0,502.77696183517617
0.244,0.6256540327507607,0.6264590137701946,0.6328953277425529,0.0244756781151678,0.0,0.0,0.6363636363636364,0.0,503.4156710391172
0.248,0.6318115166679279,0.6313580935875602,0.6188007788498017,0.0561079726706553,0.0,0.0,0.6363636363636364,0.0,495.4974846819574
0.252,0.6176635563552967,0.6175458366586992,0.6222786592064127,0.0268962673420395,0.0,0.0,0.6363636363636364,0.0,495.20429722039046
0.256,0.6219492643274372,0.6188924330041488,0.6257696427189706,0.0223668968545004,0.0,0.0,0.6363636363636364,0.0,496.2781281117701
0.26,0.6239501432354662,0.6201492813310292,0.6244883121804041,0.0361848827438947,0.0,0.0,0.6363636363636364,0.0,495.4395608925256
0.264,0.6230077937668475,0.6200723352895477,0.6260049854409541,0.0309461251480128,0.0,0.0,0.6363636363636364,0.0,496.675771593621
0.268,0.628687623370074,0.6321019406082755,0.6338106150208854,0.0400476557701455,0.0,0.0,0.6363636363636364,0.0,506.04304644360104
0.272,0.6314501014839856,0.6358467476434884,0.6379291467318204,0.0276116027869683,0.0,0.0,0.6363636363636364,0.0,509.54318020087794
0.276,0.6418932582768307,0.638103945756515,0.6400211397286402,0.0325393199439474,0.0,0.0,0.6363636363636364,0.0,507.7834364390843
0.28,0.6338123665457231,0.6304860372181902,0.636530131935903,0.0250649472008375,0.0,0.0,0.6363636363636364,0.0,504.5613672908804
0.284,0.6349354261071701,0.6327688526042184,0.6387920847085562,0.0310077192139522,0.0,0.0,0.6363636363636364,0.0,506.7767312241134
0.288,0.6337350039549363,0.6407587317776617,0.6422569590833574,0.0954040273308796,0.0,0.0,0.6363636363636364,0.0,514.0287829940072
0.292,0.6402280510240181,0.6387580072128961,0.6451725342377697,0.0331099764925575,0.0,0.0,0.6363636363636364,0.0,511.88342085220484
0.296,0.6379173254542819,0.6347182355162431,0.6383344551299582,0.032707600304785,0.0,0.0,0.6363636363636364,0.0,506.4309504172662
0.3,0.633502562945097,0.6320121402857262,0.637824550094967,0.020684477009775,0.0,0.0,0.6363636363636364,0.0,506.35776070065526
0.304,0.630817516185589,0.6288444455698252,0.6353664774152088,0.0250071907714052,0.0,0.0,0.6363636363636364,0.0,504.1454496973423
0.308,0.6330894812061245,0.6338845895345614,0.6374322901171321,0.0258257586383758,0.0,0.0,0.6363636363636364,0.0,507.4094802109938
0.312,0.6349482784788358,0.6376165025638005,0.64038713435605,0.0285211226391579,0.0,0.0,0.6363636363636364,0.0,510.58834172125717
0.316,0.63719445149308,0.6392966162598238,0.6414070353249386,0.0325705966814805,0.0,0.0,0.6363636363636364,0.0,511.2527369055166
0.32,0.6392080849320081,0.6423103619074341,0.6440610841191892,0.0381430367716573,0.0,0.0,0.6363636363636364,0.0,513.7634469007228
0.324,0.6428743184582831,0.6437083472545643,0.6427406536558113,0.0354386543250835,0.0,0.0,0.6363636363636364,0.0,512.3019018114882
0.328,0.6421771197252563,0.6422847386864475,0.6483888688162825,0.023713523504852,0.0,0.0,0.6363636363636364,0.0,515.0621346504774
0.332,0.6441264165820455,0.6558021589399627,0.6525728715897682,0.0357566025096991,0.0,0.0,0.6363636363636364,0.0,524.7332802318615
0.336,0.6566220011738059,0.654224637811671,0.6568090502825301,0.022759678951005,0.0,0.0,0.6363636363636364,0.0,521.1096835679283
0.34,0.6501547092885678,0.6505695098231421,0.6589663096338523,0.0203577022611929,0.0,0.0,0.6363636363636364,0.0,522.8838011127654
0.344,0.6489413189991735,0.647209458997122,0.6515268143021246,0.0299138009275951,0.0,0.0,0.6363636363636364,0.0,517.0242130400609
0.348,0.6454560278782648,0.6462476737651066,0.6413677932244956,0.0410241423793845,0.0,0.0,0.6363636363636364,0.0,511.9346475944417
0.352,0.6412864750164576,0.6370522724669,0.6440481065620693,0.0221245501090752,0.0,0.0,0.6363636363636364,0.0,509.7789703076552
0.356,0.6333089514792262,0.6356031471477078,0.6366216681871489,0.0228922692923263,0.0,0.0,0.6363636363636364,0.0,507.86707084186185
0.36,0.6394147830913983,0.6380526471370397,0.6418515666398237,0.0229122250021634,0.0,0.0,0.6363636363636364,0.0,509.860271612132
0.364,0.6363425343810946,0.637616597718862,0.6394066248052337,0.0245718109096714,0.0,0.0,0.6363636363636364,0.0,509.4395089459654
0.368,0.6317728162256734,0.6358595822941333,0.6383344576396269,0.0328384637096781,0.0,0.0,0.6363636363636364,0.0,509.6571605684967
0.372,0.6389629670118969,0.6399892341982971,0.6463362265833352,0.0228563873909847,0.0,0.0,0.6363636363636364,0.0,513.828437304395
0.376,0.6426935754152514,0.6399763736149663,0.6458262692984044,0.0246228514752162,0.0,0.0,0.6363636363636364,0.0,511.9759579963028
0.38,0.6474052771306369,0.648363736263594,0.6519322241149712,0.0311017413083769,0.0,0.0,0.6363636363636364,0.0,518.584990703054
0.384,0.6490962385057095,0.6467221332777472,0.6531088274109697,0.0216243141903709,0.0,0.0,0.6363636363636364,0.0,517.6031566128204
0.388,0.6495221283148459,0.648517512478173,0.65585452840095,0.0245196190531744,0.0,0.0,0.6363636363636364,0.0,520.1025928056022
0.392,0.6611272380670229,0.6603549476620146,0.6667066697565894,0.0306642507465642,0.0,0.0,0.6363636363636364,0.0,528.6891614061152
0.396,0.6846467463971126,0.6849013866220874,0.6820824743521159,0.0522547937356724,0.0,0.0,0.6363636363636364,0.0,542.5367595323146
0.4,0.6781149811357418,0.6753470330720739,0.6768002616451542,0.063837356359664,0.0,0.0,0.6363636363636364,0.0,536.465447390269
0.404,0.6594490515645018,0.6608550607567273,0.6576981656626841,0.0734316395093121,0.0,0.0,0.6363636363636364,0.0,524.3830917611514
0.408,0.6573836332522912,0.6536090588656702,0.6485196188741128,0.0599678674695258,0.0,0.0,0.6363636363636364,0.0,515.5566650659201
0.412,0.6456754047164469,0.6480174480126002,0.6478528406750172,0.0376487491895391,0.0,0.0,0.6363636363636364,0.0,516.7023874168166
0.416,0.6352840089353325,0.6359493913018164,0.6390274433210931,0.0349317025424917,0.0,0.0,0.6363636363636364,0.0,508.6638716865866
0.42,0.6372718955806305,0.6350260220920466,0.6373799900563674,0.0388952135270546,0.0,0.0,0.6363636363636364,0.0,506.32453393350863
0.424,0.6274096500565034,0.6233169852522835,0.6232984929615304,0.0473038588778251,0.0,0.0,0.6363636363636364,0.0,495.19342851721876
0.428,0.616166198877549,0.6152117370901864,0.6199513747442644,0.0408053970984781,0.0,0.0,0.6363636363636364,0.0,493.0759328638659
0.432,0.6201549850548781,0.6247918397522704,0.6272078402730823,0.0447998010569234,0.0,0.0,0.6363636363636364,0.0,501.3685141938828
0.436,0.6262995231589267,0.6283186756252487,0.631849421237845,0.029216118610599,0.0,0.0,0.6363636363636364,0.0,503.64615700183947
0.44,0.6321858574025689,0.6309733833539993,0.6276262405653578,0.0457081696181609,0.0,0.0,0.6363636363636364,0.0,500.30210752250105
0.444,0.6334122055808395,0.6333203039223083,0.6304634817207202,0.0432102520156706,0.0,0.0,0.6363636363636364,0.0,502.85320224801205
0.448,0.6178185146891993,0.6308836015376758,0.6254296958159962,0.0494130239021433,0.0,0.0,0.6363636363636364,0.0,504.91079916677427
0.452,0.6310111725708313,0.6315504457895739,0.6351964939325634,0.0313513795631656,0.0,0.0,0.6363636363636364,0.0,505.5770053396143
0.456,0.6141266090600077,0.6198286649445425,0.6114920265320951,0.0596007975376189,0.0,0.0,0.6363636363636364,0.0,491.69621154999015
0.46,0.6073237214638675,0.6098381449102852,0.6063274709861142,0.0393192723610924,0.0,0.0,0.6363636363636364,0.0,485.55861159791357
0.464,0.6118832607214466,0.6089452532857643,0.5979072955025477,0.0461448926526722,0.455,0.0,0.6363636363636364,0.0,478.4257514118815
0.468,0.5935056979108128,0.5901218334790748,0.5884365681422655,0.0556750872726512,0.0,0.0,0.6363636363636364,0.0,469.0731710562711
0.472,0.5889792039106151,0.5875263629671815,0.5881090929843926,0.0607634095174536,0.0,0.0,0.6363636363636364,0.0,469.2128032728283
0.476,0.5877764335565129,0.5904173104453777,0.5840090514162807,0.0484806701127363,0.0,0.0,0.6363636363636364,0.0,469.0281045112479
0.48,0.6036062868239569,0.6021868355258382,0.6053739025357624,0.0440468567742247,0.0,0.0,0.6363636363636364,0.0,481.993757316195
0.484,0.6052746265199391,0.6077375016788111,0.6125129354530245,0.0223212289800655,0.0,0.0,0.6363636363636364,0.0,488.79455778429553
0.488,0.6063609570904119,0.6041783443846585,0.6098930699197411,0.0406983270399292,0.0,0.0,0.6363636363636364,0.0,484.68759982318375
0.492,0.604136528632097,0.6088553375610832,0.6120806789202757,0.0322530322605156,0.0,0.0,0.6363636363636364,0.0,489.6731981113227
0.496,0.590686345810976,0.5969573468520448,0.5975143476419715,0.0611358521404705,0.0,0.0,0.6363636363636364,0.0,479.62433850370076
0.5,0.5951352830278254,0.5932055617904404,0.599204148612477,0.0375403359582127,0.0,0.0,0.6363636363636364,0.0,476.5527865612552
0.504,0.598704686267546,0.5958780499421822,0.6023348397016319,0.0380977526608732,0.0,0.0,0.6363636363636364,0.0,478.49772023371986
0.508,0.6017698407058226,0.6073134772885441,0.6095394372135146,0.0368643362874819,0.0,0.0,0.6363636363636364,0.0,488.24634869677266
0.512,0.6072145330319948,0.6070821804586505,0.6149362743701117,0.0229149113477184,0.0,0.0,0.6363636363636364,0.0,489.0240443432634
0.516,0.6006575885591209,0.5969702312545417,0.5973571467074849,0.063325415649613,0.0,0.0,0.6363636363636364,0.0,475.4095864656124
0.52,0.5910872571613263,0.5992572825943878,0.5983788559221302,0.0420514776723429,0.0,0.0,0.6363636363636364,0.0,481.33929940834764
0.524,0.5952128535643916,0.594657455080766,0.5990076449705707,0.0354870085450733,0.0,0.0,0.6363636363636364,0.0,477.2695716958465
0.528,0.5955749726668713,0.5924346054867012,0.5940037400714373,0.0402449102866119,0.0,0.0,0.6363636363636364,0.0,472.8630068743756
0.532,0.5849829652281638,0.5887984258940707,0.5918554948294199,0.0344460496425145,0.0,0.0,0.6363636363636364,0.0,473.83301360773214
0.536,0.5914493834011384,0.5915094873206005,0.5972523515331147,0.0417790054803368,0.0,0.0,0.6363636363636364,0.0,475.9274968519994
0.54,0.5931047829109207,0.6038443045169659,0.6010380364408023,0.049543119779735,0.0,0.0,0.6363636363636364,0.0,484.7858874112949
0.544,0.604964181761454,0.6015957645041783,0.6070636320370606,0.1306373681028317,0.0,0.0,0.6363636363636364,0.0,482.0428522170158
0.548,0.6033605491422374,0.6027264906314245,0.6073256609232898,0.0272646804467239,0.0,0.0,0.6363636363636364,0.0,483.56978677940344
0.552,0.6018861999367141,0.6015700461611189,0.6100109572791111,0.0228909261195489,0.0,0.0,0.6363636363636364,0.0,485.07025184789836
0.556,0.6027914750090974,0.6032789527116886,0.6101288442719441,0.0059521742225572,0.0,0.0,0.6363636363636364,0.0,485.78571093796563
0.56,0.6041235559749412,0.6019426688427826,0.6116090592863895,0.0116823411731769,0.0,0.0,0.6363636363636364,0.0,485.3064718160764
0.5640000000000001,0.6017309851502547,0.6022382196151302,0.6092774178071274,0.0156182211748885,0.0,0.0,0.6363636363636364,0.0,485.104347279026
0.5680000000000001,0.6031147786812795,0.6039470566279495,0.6110064906435443,0.0214727275483393,0.0,0.0,0.6363636363636364,0.0,486.558290318074
0.5720000000000001,0.6055850071754355,0.6019684236505903,0.6081246986944726,0.0246524012763211,0.0,0.0,0.6363636363636364,0.0,482.6687229931829
0.5760000000000001,0.6011231732194723,0.5974970167908089,0.5909123420898194,0.0437830192643596,0.0,0.0,0.6363636363636364,0.0,471.7594787514572
0.58,0.5877635494404666,0.586459969689868,0.5900478267091903,0.0431665029594893,0.0,0.0,0.6363636363636364,0.0,470.23106190229976
0.584,0.5874272537515981,0.5898905390573989,0.5903752778861955,0.0389209256916524,0.0,0.0,0.6363636363636364,0.0,472.6017504072705
0.588,0.5951352468064756,0.603972796268066,0.6011166247534404,0.0437688200092832,0.0,0.0,0.6363636363636364,0.0,484.0714182424956
0.592,0.5970492960302471,0.5949272674049289,0.5983788680186027,0.0295664948236999,0.0,0.0,0.6363636363636364,0.0,476.305476075956
0.596,0.5877635152050714,0.5912782221528551,0.5935845935224637,0.0301966347381705,0.0,0.0,0.6363636363636364,0.0,475.17259342341947
0.6,0.5911390073251102,0.5927815022299688,0.598143087622033,0.0398461798535212,0.0,0.0,0.6363636363636364,0.0,477.33749827466784
0.604,0.588565352082034,0.5860873165860943,0.5853975970130945,0.0494899685141112,0.0,0.0,0.6363636363636364,0.0,466.9490615727311
0.608,0.5779345364976982,0.5763479627626169,0.5738964895176756,0.0487963157154476,0.0,0.0,0.6363636363636364,0.0,458.82288330033134
0.612,0.5749082469852358,0.5712726788792826,0.5722328586768617,0.0392818554051479,0.0,0.0,0.6363636363636364,0.0,456.0897937067233
0.616,0.5667734663057089,0.5699107086276292,0.5729926304943396,0.0604289594958573,0.0,0.0,0.6363636363636364,0.0,459.0885865275345
0.62,0.5582249163645505,0.5617003774959538,0.5635612356418155,0.04485448737715,0.0,0.0,0.6363636363636364,0.0,452.2272970479139
0.624,0.5600096434648982,0.5564195407219501,0.5496760572442394,0.0675934430910166,0.0,0.0,0.6363636363636364,0.0,440.19987906457686
0.628,0.5535690401036941,0.5566122367608587,0.5575617765077193,0.0433566578484175,0.0,0.0,0.6363636363636364,0.0,447.6159531929211
0.632,0.559065486843163,0.5800740758672098,0.5651985785072027,0.0676312438106118,0.0,0.0,0.6363636363636364,0.0,463.7450571648486
0.636,0.5764472870884852,0.5841214706760939,0.580223408655882,0.0509202556403182,0.0,0.0,0.6363636363636364,0.0,467.76725382286054
0.64,0.5872979459258029,0.5951970740480523,0.5948421004113204,0.0507719309893177,0.0,0.0,0.6363636363636364,0.0,478.4251361121296
0.644,0.5995970851240915,0.5963149318280659,0.6011821321738962,0.0654729570390024,0.0,0.0,0.6363636363636364,0.0,477.70778753625723
0.648,0.5437012774135265,0.5433266306530049,0.5265428416157727,0.2419656681200435,0.0,0.0,0.6363636363636364,0.0,425.54931601561884
0.652,0.5426408400054831,0.5396005233160476,0.5336557662435363,0.1070948113043723,0.0,0.0,0.6363636363636364,0.0,427.99577320091817
0.656,0.5310917577418226,0.5282164844582747,0.5281540715098046,0.0757280811951781,0.0,0.0,0.6363636363636364,0.0,422.8027064386258
0.66,0.5204480202838485,0.5170508816479178,0.5102212341874793,0.1125774507002823,0.0,0.0,0.6363636363636364,0.0,410.04908493200526
0.664,0.5062089324627216,0.5141599069719139,0.5111119677721373,0.0810863811682571,0.0,0.0,0.6363636363636364,0.0,414.7639902170407
0.668,0.5016048346936288,0.4993838233628013,0.4889481320045296,0.1219126933856991,0.0,0.0,0.6363636363636364,0.0,394.8812598642843
0.672,0.4909093878608661,0.4910193138879418,0.4897341014677295,0.097401900896491,0.0,0.0,0.6363636363636364,0.0,394.813272036027
0.676,0.4982552461469392,0.507851209576971,0.5001479514244119,0.0819845799927506,0.0,0.0,0.6363636363636364,0.0,407.88135425713756
0.68,0.5173570601877454,0.5191452475341672,0.5156443348900764,0.0807899237480814,0.0,0.0,0.6363636363636364,0.0,415.7663124250414
0.684,0.5129081562070764,0.5098684391210054,0.500331362742189,0.0762482728237195,0.0,0.0,0.6363636363636364,0.0,403.1199622241246
0.6880000000000001,0.4984492122421325,0.4966856113858583,0.4964015794042504,0.0730081563207504,0.0,0.0,0.6363636363636364,0.0,398.97558668492945
0.6920000000000001,0.4977379392954279,0.4958376064232108,0.4964539656145849,0.0601313507847295,0.0,0.0,0.6363636363636364,0.0,398.80206006992546
0.6960000000000001,0.4909740444794091,0.4893875038376524,0.4918430623089075,0.0562691534039547,0.0,0.0,0.6363636363636364,0.0,395.0699924615843
0.7000000000000001,0.4895643706272911,0.4920086653317215,0.4941878336742891,0.0392772502413393,0.0,0.0,0.6363636363636364,0.0,398.5922612524588
0.704,0.4940579650323055,0.4955974424940239,0.4958322951891421,0.0488916809826498,0.455,0.0,0.6363636363636364,0.0,400.0504659282391
0.708,0.4881211717868258,0.4900469841239939,0.4938497836509022,0.0599847530701571,0.0,0.0,0.6363636363636364,0.0,397.8195276035742
0.712,0.4866823413957102,0.4839169743010336,0.4780160632956639,0.0776822057046082,0.0,0.0,0.6363636363636364,0.0,385.48201148835165
0.716,0.4726052556231904,0.4761901519732702,0.4761911308727813,0.059734347288067,0.0,0.0,0.6363636363636364,0.0,385.65990466894993
0.72,0.4808881716583017,0.4917855207260265,0.4872852187626353,0.0784251721323884,0.0,0.0,0.6363636363636364,0.0,397.99205809981584
0.724,0.4992688195130715,0.4995381299610846,0.498549983723165,0.0607344353618248,0.0,0.0,0.6363636363636364,0.0,401.5963944644144
0.728,0.4813418769554939,0.4857972307692167,0.4869176199776353,0.093280087406009,0.0,0.0,0.6363636363636364,0.0,394.0266998818345
0.732,0.4839083801015036,0.4914249286248248,0.4879022811088576,0.0627856520748853,0.0,0.0,0.6363636363636364,0.0,396.89490172380215
0.736,0.4842713648113819,0.4985207695057356,0.4905806295090948,0.0680130886430712,0.0,0.0,0.6363636363636364,0.0,402.52834168694994
0.74,0.4948097382842795,0.5040969631800309,0.5006112405628877,0.0634248104351476,0.0,0.0,0.6363636363636364,0.0,407.35986203891025
0.744,0.4988929207667493,0.5048438786465327,0.5059810420986354,0.0695521727642553,0.0,0.0,0.6363636363636364,0.0,409.2594636461271
0.748,0.5050889409152027,0.5066983344604395,0.5113771316740562,0.054436873853626,0.0,0.0,0.6363636363636364,0.0,410.96478884691896
0.752,0.4995410417735534,0.5030409561850675,0.5047994332910626,0.0525334061460899,0.0,0.0,0.6363636363636364,0.0,407.23360200633795
0.756,0.5061648157459164,0.5030281251710087,0.5040510852169885,0.0555545854863273,0.0,0.0,0.6363636363636364,0.0,404.0424657480804
0.76,0.5003835956406119,0.5014956164290499,0.5022917774875222,0.0436688495782725,0.0,0.0,0.6363636363636364,0.0,404.4995499227724
0.764,0.4991651344762438,0.4977738343039276,0.5024493253942328,0.0470302353948668,0.0,0.0,0.6363636363636364,0.0,402.88501904444945
0.768,0.4944597922398943,0.4960739223769211,0.4926550314526434,0.0462321988832094,0.0,0.0,0.6363636363636364,0.0,398.0805980617713
0.772,0.490661810609771,0.4907037645517921,0.4933639983843491,0.0479316962103915,0.0,0.0,0.6363636363636364,0.0,396.8794802518056
0.776,0.4935134992493915,0.4955587809853701,0.4972501917961568,0.0450431072114754,0.0,0.0,0.6363636363636364,0.0,400.86238576627716
0.78,0.4894433491388344,0.4873168250790501,0.4883880620453226,0.0444294691339855,0.0,0.0,0.6363636363636364,0.0,392.4557481096722
0.784,0.4803307958369912,0.4802209776536329,0.4832151856667605,0.0429525547242168,0.0,0.0,0.6363636363636364,0.0,388.98254413164125
0.788,0.4760402795039408,0.4731509440961566,0.474103611135091,0.0922938148236768,0.0,0.0,0.6363636363636364,0.0,381.19898777830315
0.792,0.4722941355426633,0.4734213739646041,0.4761517489723949,0.0516664840591295,0.0,0.0,0.6363636363636364,0.0,384.1273550282747
0.796,0.470297895143356,0.4673171474971105,0.4632458347565011,0.0767137781320342,0.0,0.0,0.6363636363636364,0.0,373.75052442047775
0.8,0.4632464252524057,0.4603501199907024,0.4603311967695135,0.0545468221395552,0.0,0.0,0.6363636363636364,0.0,370.8319715602921
0.804,0.4553393677647923,0.4573366495287928,0.454501870011045,0.0653985068907641,0.0,0.0,0.6363636363636364,0.0,368.89477579557683
0.808,0.4437768923453649,0.4415352246020618,0.4431057972554481,0.0674071258385955,0.0,0.0,0.6363636363636364,0.0,357.61448177463546
0.812,0.443776896070691,0.4452827182143312,0.4428038171875907,0.0806730677164393,0.0,0.0,0.6363636363636364,0.0,359.6586515366847
0.8160000000000001,0.4472119121807227,0.4549928049639063,0.4517184842459188,0.0815315470030841,0.0,0.0,0.6363636363636364,0.0,369.2314677898428
0.8200000000000001,0.4588002904347312,0.4563965258604411,0.4584537340002916,0.0511620267402674,0.0,0.0,0.6363636363636364,0.0,369.22633962078646
0.8240000000000001,0.4506599078025742,0.4559458101128759,0.4531364093874559,0.0409575593859858,0.0,0.0,0.6363636363636364,0.0,369.2158419249364
0.8280000000000001,0.4588002734176497,0.456061705294752,0.4601604842967808,0.0256981572245138,0.0,0.0,0.6363636363636364,0.0,370.0379822384881
0.8320000000000001,0.4547171424727489,0.4544133197942272,0.4563005335593915,0.0358615618681691,0.0,0.0,0.6363636363636364,0.0,368.48291444727283
0.836,0.4736940945851031,0.4705753272951568,0.462668175010007,0.0581611082019694,0.0,0.0,0.6363636363636364,0.0,373.948631600251
0.84,0.4575170292157708,0.4557655130300742,0.4569438561825006,0.0531155756042214,0.0,0.0,0.6363636363636364,0.0,368.49773927997774
0.844,0.4581392453439841,0.4585214514085764,0.4608563512858677,0.0486558582192867,0.0,0.0,0.6363636363636364,0.0,372.1733511254308
0.848,0.4589558429186955,0.4699829462956621,0.4621561209582623,0.0633054599397759,0.0,0.0,0.6363636363636364,0.0,379.4000273884758
0.852,0.4775050334720058,0.4830541990364221,0.4825062285540614,0.0666800856023199,0.0,0.0,0.6363636363636364,0.0,391.41450791668024
0.856,0.4905710694044734,0.508398253918105,0.4959110524193568,0.0811842408991889,0.0,0.0,0.6363636363636364,0.0,408.9124996943317
0.86,0.5189068055957344,0.5167046462338283,0.5161430122486771,0.0746199636537446,0.0,0.0,0.6363636363636364,0.0,413.9773154044061
0.864,0.5253361779065068,0.5305614524542099,0.5273683859025207,0.0879093151142819,0.0,0.0,0.6363636363636364,0.0,426.1235421062254
0.868,0.5205789591424055,0.5199370167407849,0.5216046800916595,0.0476409952449764,0.0,0.0,0.6363636363636364,0.0,418.4178599042849
0.872,0.5193993895672415,0.5248951009065534,0.5227863425705175,0.0562110132108717,0.0,0.0,0.6363636363636364,0.0,422.541512261507
0.876,0.5271119926482286,0.5332916164991979,0.5312808487773324,0.0510871928283784,0.0,0.0,0.6363636363636364,0.0,429.3179818151742
0.88,0.518945715069524,0.5203620037579877,0.515184557816686,0.068221856069059,0.0,0.0,0.6363636363636364,0.0,415.5745962782272
0.884,0.5151606912108317,0.5220232949508748,0.5209482194070176,0.0474015267269316,0.0,0.0,0.6363636363636364,0.0,421.5171748323444
0.888,0.5221733461902914,0.5248049345346807,0.5226156475669357,0.0539445050897613,0.0,0.0,0.6363636363636364,0.0,421.24033190003524
0.892,0.5250120982428333,0.5284237034205786,0.52895697568003,0.0531209482953314,0.0,0.0,0.6363636363636364,0.0,425.93347450296096
0.896,0.5250250248734203,0.5244314785568963,0.5268432005456116,0.0681840553494638,0.0,0.0,0.6363636363636364,0.0,422.31192525353845
0.9,0.5071758813160282,0.5084626833261183,0.4975915910036078,0.130778017480818,0.0,0.0,0.6363636363636364,0.0,403.04240150092744
0.904,0.5097553669474966,0.5119268396963031,0.5139110423159072,0.0549137001896368,0.0,0.0,0.6363636363636364,0.0,413.63017656124
0.908,0.5081221320258212,0.5166531135299172,0.5143836679219866,0.0485702789251777,0.0,0.0,0.6363636363636364,0.0,417.3935856211142
0.912,0.5130219220896172,0.5115018917838192,0.5117578620476083,0.0440311224645455,0.0,0.0,0.6363636363636364,0.0,410.76614872984806
0.916,0.5035334439910938,0.5136139060328185,0.506913208413531,0.0528289041571389,0.0,0.0,0.6363636363636364,0.0,413.10660765106013
0.92,0.5192308695052615,0.5259253688821794,0.5248344765244567,0.0617638813548622,0.0,0.0,0.6363636363636364,0.0,424.4245706030217
0.924,0.5157051371737712,0.5138843408844245,0.5185850059039359,0.0587732112248565,0.0,0.0,0.6363636363636364,0.0,415.06905985659034
0.928,0.5033649243403733,0.5062347432288086,0.5074252601594677,0.0631367958152876,0.0,0.0,0.6363636363636364,0.0,409.09057564007367
0.932,0.5119330611634993,0.5098534714539249,0.50892198491715,0.0687710218532292,0.0,0.0,0.6363636363636364,0.0,408.566832580085
0.936,0.4973115341425188,0.498018530713083,0.5015565656156843,0.0516415394218331,0.0,0.0,0.6363636363636364,0.0,403.2804371278928
0.94,0.4989707104840122,0.5051401077441404,0.5013596312013021,0.0466725676724024,0.0,0.0,0.6363636363636364,0.0,406.7096027526351
0.944,0.5116608265676151,0.5261700334655106,0.5171539213818069,0.0921364717268846,0.0,0.0,0.6363636363636364,0.0,423.19111763981175
0.948,0.5147070204022668,0.522242220921463,0.5206987836171583,0.0572003559024096,0.0,0.0,0.6363636363636364,0.0,421.6881125058744
0.952,0.531921034271101,0.5320038198379644,0.5218541349886703,0.0580726506804801,0.0,0.0,0.6363636363636364,0.0,421.0332197957681
0.956,0.5115312381696171,0.5183530266572038,0.5150401187663484,0.0481817182288309,0.0,0.0,0.6363636363636364,0.0,417.3783946021824
0.96,0.526437906484769,0.5250025011720033,0.5220121851569918,0.054954187254787,0.455,0.0,0.6363636363636364,0.0,419.46683949542205
0.964,0.519669894160488,0.5224987372120315,0.5228279461398021,0.0376786827542947,0.0,0.0,0.6363636363636364,0.0,421.0412073606186
0.968,0.5156298442079038,0.5165232605256846,0.5184728039997363,0.0530440036833635,0.0,0.0,0.6363636363636364,0.0,416.60585724793395
0.972,0.5085890435751933,0.5115802861550631,0.5139466074303155,0.0501724921669041,0.0,0.0,0.6363636363636364,0.0,413.93299399490684
0.976,0.5111481634231869,0.5290678781137105,0.5180123222636234,0.0853808883015599,0.0,0.0,0.6363636363636364,0.0,425.63196714189917
0.98,0.536570440092017,0.5559639431098614,0.5439194792763343,0.1475580831082399,0.0,0.0,0.6363636363636364,0.0,446.24890641035813
0.984,0.5785166078866226,0.5766006375920192,0.5780106672003685,0.097619878650096,0.0,0.0,0.6363636363636364,0.0,461.1436646870076
0.988,0.5551857743219202,0.5600551572256718,0.5545376227481009,0.0657826543051277,0.0,0.0,0.6363636363636364,0.0,447.22529894112404
0.992,0.5442348361456828,0.5431354316941892,0.53324873455986,0.0696206745759075,0.0,0.0,0.6363636363636364,0.0,429.22477601874743
0.996,0.5408053388363365,0.5376632678856853,0.5360907677653304,0.0463310180232679,0.0,0.0,0.6363636363636364,0.0,429.070452078725
1.0,0.5311014725709062,0.5290420803255435,0.5202885507826996,0.0606920256407845,0.0,0.0,0.6363636363636364,0.0,418.6964907287726
0.0,0.1958176322486577,0.1992000150879842,0.1990337044809728,0.063278596484226,0.0,0.0,0.3636363636363636,0.0,173.15478286985638
0.004,0.2008939696670917,0.2020084821796671,0.2039521640386556,0.0502384995148268,0.105,0.0,0.3636363636363636,0.0,175.66201156909986
0.008,0.2030455185083866,0.2079833689620204,0.2046610638101474,0.1132336865430013,0.0,0.0,0.3636363636363636,0.0,178.66059788038078
0.012,0.2076727027475013,0.2070304821946059,0.207076616223681,0.0554402239184149,0.0,0.0,0.3636363636363636,0.0,177.61561575534282
0.016,0.2030196014211406,0.202330396577658,0.2044510228249835,0.0348994663958318,0.0,0.0,0.3636363636363636,0.0,175.21902884487832
0.02,0.1981720973808682,0.2028583402744302,0.2013528103946406,0.0477962276416898,0.0,0.0,0.3636363636363636,0.0,175.7190106232654
0.024,0.2011402406914292,0.2026137052460452,0.2043197494639399,0.0472706633220385,0.0,0.0,0.3636363636363636,0.0,176.08468092394588
0.028,0.2023974648226818,0.2031545180568852,0.2042278471090005,0.0426344146577758,0.0,0.0,0.3636363636363636,0.0,175.83308082447112
0.032,0.2027992669879431,0.2021243646656517,0.2024161911633358,0.0498002414257126,0.0,0.0,0.3636363636363636,0.0,173.98985028013752
0.036,0.2001292443119026,0.1992656665324141,0.1922551612842139,0.1398933635943763,0.0,0.0,0.3636363636363636,0.0,167.40627312674505
0.04,0.1901750135857581,0.190251782215406,0.1877128687445068,0.1053759339128292,0.0,0.0,0.3636363636363636,0.0,163.5241874369993
0.044,0.1910175232067178,0.1913849982291567,0.1931347545382943,0.0724745329644341,0.0,0.0,0.3636363636363636,0.0,167.04018868165684
0.048,0.1919377461102822,0.1967160241532221,0.1949988869900266,0.0627935192297249,0.0,0.0,0.3636363636363636,0.0,170.92240898285567
0.052,0.1981591518452956,0.1984286924620081,0.198136495928803,0.0557278547746242,0.0,0.0,0.3636363636363636,0.0,171.2055302950404
0.056,0.1995978200835596,0.2048542519525753,0.2004863603035085,0.2022171561156287,0.0,0.0,0.3636363636363636,0.0,175.75177152570586
0.06,0.2089817987694784,0.2081379199559113,0.2042278723714373,0.1163283566223502,0.0,0.0,0.3636363636363636,0.0,176.0405659752083
0.064,0.2024493165965931,0.2015191347726709,0.2028494044612935,0.0636099763966166,0.0,0.0,0.3636363636363636,0.0,174.025826328248
0.068,0.2021900704459507,0.2050860516037342,0.2048711136904679,0.0506088314377647,0.0,0.0,0.3636363636363636,0.0,177.44240055005508
0.072,0.2060266071999481,0.2061290855646405,0.2074704450595999,0.0363343586858474,0.0,0.0,0.3636363636363636,0.0,178.00254599866227
0.076,0.2067524557659016,0.2056526670996045,0.2056719254072647,0.0602925315180289,0.0,0.0,0.3636363636363636,0.0,176.35564709621104
0.08,0.2051841545401615,0.2039142667603466,0.2019042077307302,0.0723175736312925,0.0,0.0,0.3636363636363636,0.0,173.75884247352474
0.084,0.2018142281738712,0.2058329426085363,0.2018517067503086,0.0772740730620751,0.0,0.0,0.3636363636363636,0.0,176.26196170154083
0.088,0.202306729784552,0.2045323254116537,0.2039652753854041,0.0508458054920799,0.0,0.0,0.3636363636363636,0.0,176.5347100812147
0.092,0.2038102334070629,0.2083954284964583,0.2067221480415036,0.0604984207166363,0.0,0.0,0.3636363636363636,0.0,179.82005121262435
0.096,0.2092798733890308,0.2112798725846607,0.2109230855908317,0.0571475884004366,0.0,0.0,0.3636363636363636,0.0,181.732856470216
0.1,0.2116129160468728,0.2119881261815213,0.2134436860854408,0.0588969750022114,0.0,0.0,0.3636363636363636,0.0,182.6649894346616
0.104,0.2121702388574839,0.2121297530436137,0.214008157615726,0.0582367096411598,0.0,0.0,0.3636363636363636,0.0,182.84972532151932
0.108,0.210744513411025,0.2117820877011949,0.2119733398984736,0.0561037512704975,0.0,0.0,0.3636363636363636,0.0,182.04133412596812
0.112,0.2149698509470186,0.2148210334537016,0.2162136641655248,0.0599834098973796,0.0,0.0,0.3636363636363636,0.0,184.58182085882854
0.116,0.2160715610962967,0.2198044070526719,0.2194168638194338,0.0826035907613506,0.0,0.0,0.3636363636363636,0.0,188.9560923008042
0.12,0.2228762228495993,0.2215556891577122,0.2211366567636864,0.0804105733793517,0.0,0.0,0.3636363636363636,0.0,188.1872645033442
0.124,0.2228762107713617,0.2226888556566061,0.2233946331675154,0.1073156672853576,0.0,0.0,0.3636363636363636,0.0,190.17509867632157
0.128,0.2300437691698468,0.2296681629482682,0.2257839280025303,0.1384001392294524,0.0,0.0,0.3636363636363636,0.0,192.7418911351183
0.132,0.2234983407157617,0.2250067082018302,0.226125244790043,0.071057677566002,0.0,0.0,0.3636363636363636,0.0,192.90899901940526
0.136,0.2256628752159793,0.2246461661656489,0.2255738846597823,0.0678985351933334,0.0,0.0,0.3636363636363636,0.0,191.4762002946142
0.14,0.2240816079429627,0.2270541555796981,0.2272017619521408,0.074134118871942,0.0,0.0,0.3636363636363636,0.0,194.5141178234554
0.144,0.2281903352744931,0.229217494006397,0.2306281562891076,0.0569725921757115,0.0,0.0,0.3636363636363636,0.0,196.11304047537024
0.148,0.2283329009900341,0.2271442944546292,0.225902078763384,0.0932071723123736,0.0,0.0,0.3636363636363636,0.0,192.0379176206702
0.152,0.2196747823494992,0.220499774236384,0.2216092490051726,0.0615524275833194,0.0,0.0,0.3636363636363636,0.0,189.17155118691915
0.156,0.2213078731473618,0.2262171286709513,0.2246286432084373,0.0552494933840106,0.0,0.0,0.3636363636363636,0.0,193.66428464970076
0.16,0.2270367636098436,0.2295522648198057,0.2295778935200767,0.0553548365061312,0.0,0.0,0.3636363636363636,0.0,196.17503128515557
0.164,0.2267645750561106,0.2279684106997975,0.2292890831562678,0.0360910525312954,0.0,0.0,0.3636363636363636,0.0,195.18474939976463
0.168,0.2300826546906588,0.2291402063903,0.2301555399971847,0.0452225167181837,0.0,0.0,0.3636363636363636,0.0,195.0113928004164
0.172,0.2302900242568758,0.2356688179111503,0.2338838569720407,0.0698601430939524,0.0,0.0,0.3636363636363636,0.0,200.98118507832996
0.176,0.2351116254008557,0.2342137371224112,0.2363782004466133,0.0442834470648892,0.0,0.0,0.3636363636363636,0.0,199.5919982937344
0.18,0.2356689469045227,0.2381025817885146,0.23837363197189,0.0530438118015381,0.0,0.0,0.3636363636363636,0.0,202.8383016397549
0.184,0.2392462515232387,0.2381412030805931,0.2343302140362508,0.049100640290463,0.0,0.0,0.3636363636363636,0.0,199.00962189986438
0.188,0.235837430422712,0.2380253042121552,0.2392138007308471,0.0431283184762434,0.0,0.0,0.3636363636363636,0.0,203.21928157537982
0.192,0.2388833375414223,0.2406007054949123,0.2392794543973104,0.061742774354073,0.0,0.0,0.3636363636363636,0.0,203.5192809411406
0.196,0.239336969623143,0.239094104735891,0.2408679455830725,0.0302649446679974,0.0,0.0,0.3636363636363636,0.0,203.37964849592348
0.2,0.2378205184449155,0.2367376297359366,0.2375465872299757,0.0412283046415637,0.0,0.0,0.3636363636363636,0.0,200.656418876734
0.204,0.2348394184658698,0.2339561895882012,0.2331355836708377,0.0502761083525966,0.0,0.0,0.3636363636363636,0.0,197.64908744516043
0.208,0.2335692308450733,0.2355014280545589,0.236850782471863,0.0326596298484459,0.0,0.0,0.3636363636363636,0.0,201.2784830927968
0.212,0.2374316622138207,0.2433048506219903,0.2393057119208193,0.0768929957569171,0.0,0.0,0.3636363636363636,0.0,205.73758390865476
0.216,0.2422273286161647,0.2458545171912482,0.244530643819494,0.0521438860406163,0.0,0.0,0.3636363636363636,0.0,208.3389814496334
0.22,0.2436271444074841,0.2424163722683752,0.2450820155546337,0.049333201062795,0.0,0.0,0.3636363636363636,0.0,206.04157164861897
0.224,0.2412811668029049,0.2437813288603966,0.2450163740640216,0.0388925271814996,0.0,0.0,0.3636363636363636,0.0,207.7894962391944
0.228,0.2432901647130588,0.2480436017086287,0.2466573704643448,0.0567690055590083,0.0,0.0,0.3636363636363636,0.0,210.44513432583264
0.232,0.2475155033969052,0.2511726768890842,0.2509895809745943,0.0709473455164221,0.0,0.0,0.3636363636363636,0.0,213.08933718624093
0.236,0.244832539997478,0.247348220340363,0.2457384036163675,0.0859037662756562,0.0,0.0,0.3636363636363636,0.0,208.84411651840958
0.24,0.2678646579534307,0.2726256973093004,0.270143255420676,0.1929989613436793,0.0,0.0,0.3636363636363636,0.0,228.5924692757658
0.244,0.2723232997008616,0.2739906462479815,0.2718761486646336,0.093888352792389,0.0,0.0,0.3636363636363636,0.0,228.6085155483261
0.248,0.2756284170546186,0.2783559332406515,0.2794772202291242,0.0841113981450016,0.0,0.0,0.3636363636363636,0.0,234.29393432366155
0.252,0.2801397145856842,0.2816820434123704,0.2820752392589639,0.057028813550541,0.105,0.0,0.3636363636363636,0.0,235.98681832788682
0.256,0.2784532632641484,0.2846979617909045,0.2814971097053688,0.0677479079604285,0.0,0.0,0.3636363636363636,0.0,238.08165071787332
0.26,0.2845893860868663,0.2862316755833579,0.2875676417037443,0.0621451505418454,0.0,0.0,0.3636363636363636,0.0,240.013405813755
0.264,0.2858607508233406,0.2869921046098738,0.2854652972600505,0.053430261797806,0.0,0.0,0.3636363636363636,0.0,238.70875876047364
0.268,0.2864963913569534,0.2867729876836389,0.2877647275470896,0.046085601168637,0.0,0.0,0.3636363636363636,0.0,239.66672521529478
0.272,0.2920617466145809,0.3000867865662875,0.2965157673574232,0.10674366756397,0.0,0.0,0.3636363636363636,0.0,250.3800966894667
0.276,0.3016875795583701,0.3008987468756989,0.3028359540025432,0.060166081395119,0.0,0.0,0.3636363636363636,0.0,250.59881524456827
0.28,0.3005719173656089,0.2990428245709845,0.2986443917087994,0.0601628194040879,0.0,0.0,0.3636363636363636,0.0,247.5004640271963
0.284,0.3011686616939492,0.3021231746586159,0.3032695731355783,0.054658689243738,0.0,0.0,0.3636363636363636,0.0,251.79767466937648
0.288,0.3032054079444179,0.304713754288182,0.3059106466508744,0.1013471831076451,0.0,0.0,0.3636363636363636,0.0,254.02505400396242
0.292,0.3047361775241821,0.3044301920749969,0.3039265467171474,0.0566753672282344,0.0,0.0,0.3636363636363636,0.0,252.07515503038107
0.296,0.3029329686731858,0.302600043987184,0.3041630644040633,0.0458100588674251,0.0,0.0,0.3636363636363636,0.0,251.87783936061436
0.3,0.3011427147536184,0.3000094501381616,0.2988546215715996,0.0488283599802822,0.0,0.0,0.3636363636363636,0.0,247.96642303261868
0.304,0.2917244510615958,0.2924568227310197,0.2913650224874,0.054238276164382,0.0,0.0,0.3636363636363636,0.0,242.98732777548827
0.308,0.2951882063246143,0.2962331300369215,0.2982370676872605,0.030220044320864,0.0,0.0,0.3636363636363636,0.0,247.83476287943728
0.312,0.2962000772608666,0.2984628227774714,0.2940323636835177,0.0570884887982268,0.0,0.0,0.3636363636363636,0.0,246.26447432665324
0.316,0.2896617734440206,0.2883324918528575,0.2894071984004603,0.0613453870937597,0.0,0.0,0.3636363636363636,0.0,240.24174847725973
0.32,0.2869893754923985,0.2922119360072428,0.2885662598539585,0.0554620984465055,0.0,0.0,0.3636363636363636,0.0,243.16205673479166
0.324,0.2926973952999717,0.2928692260856864,0.2934147930911348,0.0436135876125698,0.0,0.0,0.3636363636363636,0.0,244.03613558915868
0.328,0.2918412191779326,0.2922119362143829,0.2925738690892442,0.0527592510545345,0.0,0.0,0.3636363636363636,0.0,243.50406452918912
0.332,0.292217415794115,0.2986819492489752,0.2964106490891806,0.0501594442027799,0.0,0.0,0.3636363636363636,0.0,249.4425371765095
0.336,0.2967449342735634,0.297547752909623,0.2976457786957466,0.0391964679928642,0.0,0.0,0.3636363636363636,0.0,247.6219837955581
0.34,0.29245094539637,0.2918381613182341,0.2954120485368062,0.0356002188220336,0.0,0.0,0.3636363636363636,0.0,244.70075761362668
0.344,0.2918152552307226,0.2902270874267347,0.2892757817821575,0.0482356370217561,0.0,0.0,0.3636363636363636,0.0,240.40392582033755
0.348,0.2878715258002361,0.2893635822514276,0.2849265681655958,0.0583827317102561,0.0,0.0,0.3636363636363636,0.0,238.97036496803403
0.352,0.286288838374107,0.2898919931931986,0.2900116201683373,0.0426766286593543,0.0,0.0,0.3636363636363636,0.0,242.92796079914527
0.356,0.2876120441077556,0.2932687588994851,0.2910627710377,0.0371439081070263,0.0,0.0,0.3636363636363636,0.0,245.00419714492304
0.36,0.2954216922127629,0.2997001171561736,0.2982633371109989,0.0465386341583036,0.0,0.0,0.3636363636363636,0.0,249.8091259692214
0.364,0.3012854187015972,0.3059510198549917,0.3036637542623468,0.0484373048202057,0.0,0.0,0.3636363636363636,0.0,254.2598425710809
0.368,0.2999751429546461,0.3024195826442633,0.3006547466123177,0.0516501741039742,0.0,0.0,0.3636363636363636,0.0,250.93930480904714
0.372,0.3050734920015167,0.3064278982441062,0.3090904429912384,0.0376017381423268,0.0,0.0,0.3636363636363636,0.0,256.16093726237216
0.376,0.3051383507365514,0.3032702363193097,0.2958456255794157,0.0854990875059795,0.0,0.0,0.3636363636363636,0.0,246.47352383320072
0.38,0.3046583500391968,0.3051777125661791,0.3025994316334508,0.0619308185429223,0.0,0.0,0.3636363636363636,0.0,251.77501652616917
0.384,0.3028551398771078,0.3034764558121607,0.3059632204024373,0.0329029360029979,0.0,0.0,0.3636363636363636,0.0,253.49490675457707
0.388,0.3075253279867441,0.3120343851666525,0.3105226769867079,0.0496996953492258,0.0,0.0,0.3636363636363636,0.0,259.3117273751383
0.392,0.3182149487481872,0.322938049273031,0.3222958130273767,0.0623257113395059,0.0,0.0,0.3636363636363636,0.0,268.26070332372984
0.396,0.3245327465502743,0.3236985034682044,0.3252128643952777,0.051778734926963,0.0,0.0,0.3636363636363636,0.0,267.8102138995946
0.4,0.3220160006729715,0.3296400566256001,0.3267502108171878,0.0783384415473273,0.0,0.0,0.3636363636363636,0.0,273.2740272001245
0.404,0.3529432169382034,0.35058383527218,0.3430302714293403,0.1383892019654071,0.0,0.0,0.3636363636363636,0.0,282.42983612263754
0.408,0.3420719478860063,0.3433791468374079,0.3390489120307277,0.0700637297106556,0.0,0.0,0.3636363636363636,0.0,280.34335719305807
0.412,0.3407357674777076,0.3427734059289873,0.3426886099469975,0.051869686912182,0.0,0.0,0.3636363636363636,0.0,282.6784096215166
0.416,0.3336915043738617,0.3372828739268447,0.3380371597526416,0.0524307493695242,0.0,0.0,0.3636363636363636,0.0,279.607055018853
0.42,0.3364417358758144,0.3439204684125909,0.3394562276651101,0.054218896100021,0.0,0.0,0.3636363636363636,0.0,283.2421494342094
0.424,0.3448221907881834,0.3464079566997107,0.3444493551066786,0.0660451486422154,0.0,0.0,0.3636363636363636,0.0,284.1726040125743
0.428,0.3420719913589708,0.3405179474119406,0.3366312571207008,0.0608758522671125,0.0,0.0,0.3636363636363636,0.0,277.23014228440593
0.432,0.3436416925489438,0.349565603004591,0.3467093367773208,0.0514308531775918,0.0,0.0,0.3636363636363636,0.0,287.86818766956435
0.436,0.3479616564288554,0.3510091763860654,0.3525696977562974,0.0327891500805615,0.0,0.0,0.3636363636363636,0.0,290.3801241205364
0.44,0.3530599472498093,0.3511251482699245,0.347799964827393,0.0423598317656907,0.0,0.0,0.3636363636363636,0.0,285.53652327882105
0.444,0.3409433395395213,0.3393064053328385,0.3393248550857889,0.0513093919821411,0.0,0.0,0.3636363636363636,0.0,278.56194980153896
0.448,0.3267640512649978,0.3337901389447296,0.3307315268601047,0.0554409914457163,0.0,0.0,0.3636363636363636,0.0,276.11763193962054
0.452,0.3454059838061641,0.353625510078308,0.347642289757812,0.0957803075904036,0.0,0.0,0.3636363636363636,0.0,290.0809011220192
0.456,0.3481821912258027,0.3469879186430806,0.3405862877915456,0.0890423772930117,0.0,0.0,0.3636363636363636,0.0,280.852774992435
0.46,0.3471962521424564,0.3663335394392278,0.3516630435043449,0.1255770606045313,0.0,0.0,0.3636363636363636,0.0,299.23521012245953
0.464,0.3697430115980919,0.3696974362864175,0.3543435363535707,0.1137308523524999,0.0,0.0,0.3636363636363636,0.0,293.4704301213509
0.468,0.3592091204589153,0.3664753538858564,0.3611499205801757,0.1369725384488004,0.0,0.0,0.3636363636363636,0.0,299.90366070382174
0.472,0.3782920985940083,0.3865297809136774,0.3818448942944719,0.158132114858158,0.0,0.0,0.3636363636363636,0.0,316.0406536885573
0.476,0.3978551018185361,0.39858047493242,0.3924223293597775,0.1647846577432663,0.0,0.0,0.3636363636363636,0.0,321.2962707752274
0.48,0.3906811654864545,0.3929998168644919,0.3912923691325417,0.0932919840791811,0.0,0.0,0.3636363636363636,0.0,320.3163513629653
0.484,0.3941708674987588,0.3960286253423509,0.3912923780122627,0.0446407310237029,0.0,0.0,0.3636363636363636,0.0,320.6875444414003
0.488,0.3868152915572356,0.3870066864080998,0.38748186989236,0.073738458548057,0.0,0.0,0.3636363636363636,0.0,316.13054074145987
0.492,0.3855698279821519,0.3851120351848043,0.3875080907946042,0.0635144192475891,0.0,0.0,0.3636363636363636,0.0,315.54031519525176
0.496,0.3844671628509791,0.3892363162945992,0.3877577412220359,0.0749958601496179,0.0,0.0,0.3636363636363636,0.0,318.58919947024253
0.5,0.3926919538457166,0.3902416412239211,0.3885461559395385,0.054661375589293,0.0,0.0,0.3636363636363636,0.0,316.2493398485682
0.504,0.3891373440388704,0.3912727135603864,0.3944195687971754,0.0500769350178766,0.0,0.0,0.3636363636363636,0.0,321.7806714401039
0.508,0.3901354520668517,0.3880372430113422,0.384241037716975,0.05978174209893,0.105,0.0,0.3636363636363636,0.0,313.5248934825687
0.512,0.3801657934597455,0.3848774635235533,0.3851350894606751,0.0526525647596363,0.0,0.0,0.3636363636363636,0.0,316.2524977773015
0.516,0.384657321400663,0.3891592512481485,0.3887903164429833,0.0588597499280922,0.0,0.0,0.3636363636363636,0.0,319.0769364317979
0.52,0.3901743646154423,0.3889141934321192,0.3807961646997708,0.075984819077505,0.0,0.0,0.3636363636363636,0.0,311.95163498100555
0.524,0.3818923472745787,0.3808536529314034,0.3767991000299129,0.0636784782082689,0.0,0.0,0.3636363636363636,0.0,308.25491102494254
0.528,0.3788027625209682,0.3764042178377584,0.3759050000341967,0.0506529642575967,0.0,0.0,0.3636363636363636,0.0,306.3723571775097
0.532,0.3705336733341597,0.3755658861589958,0.3728940306592421,0.05340282269678,0.0,0.0,0.3636363636363636,0.0,307.5329307780838
0.536,0.3745059483543458,0.3721095227517527,0.3643870877263683,0.0790102198179003,0.0,0.0,0.3636363636363636,0.0,298.83630161745623
0.54,0.366340706273743,0.3667831075868066,0.3684762371314007,0.0590307166344848,0.0,0.0,0.3636363636363636,0.0,301.4604194190267
0.544,0.3663537134972408,0.3710262136468217,0.3707640389106945,0.1097358727485785,0.0,0.0,0.3636363636363636,0.0,305.29898026028457
0.548,0.3769334492252114,0.3747405045948251,0.376457203880301,0.045429940971394,0.0,0.0,0.3636363636363636,0.0,306.4850956820694
0.552,0.3766089300429541,0.3809439261432916,0.3817428529114651,0.0436047610486034,0.0,0.0,0.3636363636363636,0.0,313.4049402921447
0.556,0.3832813029751385,0.3811244626043323,0.385161414810809,0.0140908418450512,0.0,0.0,0.3636363636363636,0.0,312.7640859636556
0.56,0.38290485883414,0.3811373574928854,0.3856347189804945,0.0156289665571085,0.0,0.0,0.3636363636363636,0.0,313.20488518869786
0.5640000000000001,0.3788676570044046,0.3797573852895674,0.3834521053028304,0.0323664344193013,0.0,0.0,0.3636363636363636,0.0,312.7715938732748
0.5680000000000001,0.3803345783709995,0.383536235481663,0.3858714119203679,0.0280665545948885,0.0,0.0,0.3636363636363636,0.0,315.8290888097862
0.5720000000000001,0.3807889087032671,0.3804796124078385,0.3845302777732882,0.0261415961229125,0.0,0.0,0.3636363636363636,0.0,313.0396765465447
0.5760000000000001,0.3860463456059429,0.3906940007719011,0.3830708196311883,0.0561359874171574,0.0,0.0,0.3636363636363636,0.0,316.06234670508627
0.58,0.3870329394233924,0.3862058650851552,0.3887246072436692,0.052655634868842,0.0,0.0,0.3636363636363636,0.0,316.30519629495234
0.584,0.3853972533531866,0.388682059746451,0.3849773101351312,0.0546061136235904,0.0,0.0,0.3636363636363636,0.0,316.2552285746764
0.588,0.3827490595042226,0.3954013405096033,0.3881460555624106,0.0620747299119396,0.0,0.0,0.3636363636363636,0.0,323.199103399578
0.592,0.401714763846422,0.4007793573402061,0.3977574375509091,0.0559185853090285,0.0,0.0,0.3636363636363636,0.0,324.17682939514634
0.596,0.3992742773541482,0.4014370787449357,0.403411189118591,0.0450160518741001,0.0,0.0,0.3636363636363636,0.0,328.89835611687477
0.6,0.397599671041918,0.4055770070423068,0.4023593361939993,0.0598095649636067,0.0,0.0,0.3636363636363636,0.0,331.4289344626318
0.604,0.4094776302348905,0.413895516415429,0.4136931790776191,0.0590299491071834,0.0,0.0,0.3636363636363636,0.0,338.09736998708354
0.608,0.4096204057680923,0.4087754436037101,0.4095646390440222,0.0494512083853892,0.0,0.0,0.3636363636363636,0.0,332.5793657677027
0.612,0.412982538983442,0.4102843775732222,0.4099064459033967,0.0492915627066927,0.0,0.0,0.3636363636363636,0.0,332.28365279235265
0.616,0.4087766040177623,0.406363704261208,0.4059093934995727,0.0721239648695078,0.0,0.0,0.3636363636363636,0.0,329.3448244527258
0.62,0.3911999230078437,0.3974390919560712,0.3963505897063721,0.0625670986758043,0.0,0.0,0.3636363636363636,0.0,325.7220261670352
0.624,0.3912648555421797,0.4035651242119705,0.3949305949697579,0.0626162204230955,0.0,0.0,0.3636363636363636,0.0,328.5011241217675
0.628,0.4088285583194975,0.4070085673776536,0.4072899650365499,0.0450916533132906,0.0,0.0,0.3636363636363636,0.0,330.5262767036088
0.632,0.4062841865346926,0.4051256237996069,0.4055806977839603,0.0470611283687492,0.0,0.0,0.3636363636363636,0.0,329.4588055960204
0.636,0.4002089375641182,0.4078984449257856,0.4049890034902669,0.0446858232526617,0.0,0.0,0.3636363636363636,0.0,333.27626634194587
0.64,0.4100227940374246,0.4105681031116896,0.4135090947206832,0.0362317019092817,0.0,0.0,0.3636363636363636,0.0,335.79700494569033
0.644,0.4109185335757426,0.4100909499113641,0.4114842739847784,0.0473573939070996,0.0,0.0,0.3636363636363636,0.0,333.9511936889942
0.648,0.4164225817268356,0.4162169651637362,0.4043841946621125,0.0710571019205259,0.0,0.0,0.3636363636363636,0.0,331.1374657988614
0.652,0.4160331677414148,0.4132635723665802,0.4119444667632103,0.0542451839100949,0.0,0.0,0.3636363636363636,0.0,333.98480121775174
0.656,0.411126240189744,0.4194927663270241,0.4163359946969045,0.0561296553169206,0.0,0.0,0.3636363636363636,0.0,342.2923548050993
0.66,0.4255614208781448,0.4248707632079636,0.4187552445799216,0.0647654887489132,0.0,0.0,0.3636363636363636,0.0,340.92327452116626
0.664,0.4198756109788885,0.417532431396847,0.4069875252368245,0.1302196413690307,0.0,0.0,0.3636363636363636,0.0,331.9947178021607
0.668,0.3799710680041256,0.4038359146580506,0.3779824066295327,0.1639666655217717,0.0,0.0,0.3636363636363636,0.0,323.3656008863845
0.672,0.3993911194911981,0.4008567568086291,0.3956800474643655,0.1028996989566041,0.0,0.0,0.3636363636363636,0.0,323.9535274859586
0.676,0.3912777871224639,0.3974003819394789,0.3921825856890797,0.0707779138646323,0.0,0.0,0.3636363636363636,0.0,323.2217884566312
0.68,0.3913297108728195,0.3896235375265419,0.3886982461318339,0.0698758774036316,0.0,0.0,0.3636363636363636,0.0,316.5380808251434
0.684,0.3887334629150766,0.388836819796764,0.3821898840308643,0.0818423955601615,0.0,0.0,0.3636363636363636,0.0,313.32500237621525
0.6880000000000001,0.3798023083007263,0.3826204950612345,0.3789554104716233,0.0863610206654807,0.0,0.0,0.3636363636363636,0.0,311.4337585630411
0.6920000000000001,0.3741424919651142,0.3728059852245994,0.3743666480870955,0.0685896935282673,0.0,0.0,0.3636363636363636,0.0,305.26401136903894
0.6960000000000001,0.3641598501285984,0.3674021675246781,0.3645580287328457,0.0700247777001082,0.0,0.0,0.3636363636363636,0.0,300.43636179799796
0.7000000000000001,0.3668210105382419,0.3686144875236102,0.3711321780202982,0.0493677397913592,0.0,0.0,0.3636363636363636,0.0,303.91740719154734
0.704,0.3664705269082337,0.368730552403669,0.3695412444573286,0.0442872847013963,0.0,0.0,0.3636363636363636,0.0,303.20046223090924
0.708,0.3697158393682551,0.3829558212296128,0.3746164472888252,0.0968176207382806,0.0,0.0,0.3636363636363636,0.0,313.26331263033694
0.712,0.388837304777379,0.386850694235988,0.382465995409729,0.0550107923932671,0.0,0.0,0.3636363636363636,0.0,312.2751213205787
0.716,0.3777642648153773,0.37750045402101,0.377285584427828,0.0438674472675164,0.0,0.0,0.3636363636363636,0.0,308.2740222308838
0.72,0.3797633620744811,0.3792673275289049,0.3819006090578267,0.052210469034015,0.0,0.0,0.3636363636363636,0.0,311.19924852868735
0.724,0.3805163305506588,0.3786225125166025,0.3725785112537383,0.0646206179707691,0.0,0.0,0.3636363636363636,0.0,305.0327555372363
0.728,0.3694822151548227,0.3776294239494506,0.3744849866342402,0.0803729645415818,0.0,0.0,0.3636363636363636,0.0,310.1260868633225
0.732,0.3683008805261873,0.3726253874710518,0.3711978849185072,0.0614718372166696,0.0,0.0,0.3636363636363636,0.0,305.7223283436866
0.736,0.3622775428414902,0.366757320729707,0.3651628369466962,0.0628280579582891,0.0,0.0,0.3636363636363636,0.0,301.1920916986985
0.74,0.3678595545540775,0.3687305704330789,0.3704747794128549,0.0513903661124416,0.0,0.0,0.3636363636363636,0.0,303.1716361006727
0.744,0.3680542318914604,0.3659318904683841,0.3668458060389143,0.0633179322584241,0.0,0.0,0.3636363636363636,0.0,299.2962073540954
0.748,0.3590322295765539,0.3623594858187812,0.3631511655412164,0.0437931890011035,0.0,0.0,0.3636363636363636,0.0,298.7517627445661
0.752,0.3570554355704153,0.3707243627627868,0.3619770339568783,0.0509603589418177,0.105,0.0,0.3636363636363636,0.0,303.90034529552634
0.756,0.3723971911680619,0.3742219126632652,0.3770950733757117,0.0393085269788724,0.0,0.0,0.3636363636363636,0.0,308.4414969672375
0.76,0.3731506197106721,0.3766869602480183,0.3775555952654465,0.0410085999515306,0.0,0.0,0.3636363636363636,0.0,309.86321716330883
0.764,0.3732415623613823,0.373486262148174,0.3711215395043911,0.0425486434818415,0.0,0.0,0.3636363636363636,0.0,304.15056216909034
0.768,0.3734883840454808,0.3718730142041683,0.3703452495319224,0.0401785191750386,0.0,0.0,0.3636363636363636,0.0,302.63585363878053
0.772,0.3700329201118036,0.3703242804235483,0.373739876882177,0.0398457960898705,0.0,0.0,0.3636363636363636,0.0,305.13849159819847
0.776,0.3719944508068739,0.3766869602480183,0.3770029609670404,0.0368438049321688,0.0,0.0,0.3636363636363636,0.0,310.02021221877885
0.78,0.3764241983429288,0.3780420727666086,0.3788844793826994,0.0331109359016843,0.0,0.0,0.3636363636363636,0.0,310.0952169080043
0.784,0.3695912496359699,0.3723505292938441,0.372858344266671,0.0428316691742423,0.0,0.0,0.3636363636363636,0.0,306.00740276691874
0.788,0.371474840814346,0.3696918998329976,0.3674900459384642,0.0798424112944712,0.0,0.0,0.3636363636363636,0.0,300.48645133439095
0.792,0.3671230327949852,0.3696661020448306,0.370989956085378,0.0509887574519705,0.0,0.0,0.3636363636363636,0.0,304.3369585274361
0.796,0.3633428473042168,0.3618450791631658,0.3570429568960525,0.0654516581563879,0.0,0.0,0.3636363636363636,0.0,293.07258352293775
0.8,0.3558603365519713,0.3567859162809519,0.3556087899821403,0.0512454953342974,0.0,0.0,0.3636363636363636,0.0,292.33119562883735
0.804,0.3486766203761876,0.3463966152759296,0.341477606129094,0.0697043350517629,0.0,0.0,0.3636363636363636,0.0,280.8417058461988
0.808,0.334867767775495,0.3353232593321502,0.3354909420234074,0.0635833048228921,0.0,0.0,0.3636363636363636,0.0,276.47570030627173
0.812,0.3337506082737451,0.3323806966577212,0.3330699195437082,0.0621453424236708,0.0,0.0,0.3636363636363636,0.0,273.77146167990804
0.8160000000000001,0.3358550545118888,0.3465643599779198,0.3396223883357889,0.0789046848139542,0.0,0.0,0.3636363636363636,0.0,285.1614476860241
0.8200000000000001,0.3524828121349883,0.3626194066675396,0.3571482396927117,0.0670254728879615,0.0,0.0,0.3636363636363636,0.0,298.09319045774737
0.8240000000000001,0.352287963343253,0.3594703435299655,0.3558851272081544,0.0362898421023647,0.0,0.0,0.3636363636363636,0.0,295.5739058170052
0.8280000000000001,0.3590170059091869,0.3627484743802472,0.3634243712587783,0.0272311011272865,0.0,0.0,0.3636363636363636,0.0,299.1588113652946
0.8320000000000001,0.3679284738736599,0.3692143847433217,0.3667663973643252,0.0392427115127752,0.0,0.0,0.3636363636363636,0.0,301.2639329093289
0.836,0.3909475493715859,0.3904447040548752,0.3895289234768198,0.0590865542456636,0.0,0.0,0.3636363636363636,0.0,317.6820218141106
0.84,0.3850498748649563,0.3871666125905296,0.3843185493436017,0.0402669766965279,0.0,0.0,0.3636363636363636,0.0,315.1290124779566
0.844,0.3903889299770097,0.3901220544660741,0.3912394276167459,0.0314661248947288,0.0,0.0,0.3636363636363636,0.0,318.73525618934536
0.848,0.3866477142445882,0.3898639584265949,0.3901210287855677,0.0309169591105586,0.0,0.0,0.3636363636363636,0.0,319.4760896401757
0.852,0.3965853990601009,0.4049123399745925,0.4010154693297263,0.0479080947458726,0.0,0.0,0.3636363636363636,0.0,330.6814331644108
0.856,0.4071076698945207,0.4103199502337745,0.4104231015616433,0.0425304147084326,0.0,0.0,0.3636363636363636,0.0,335.0544048674609
0.86,0.4147200534121221,0.4134173784090783,0.4151861241931144,0.0341311715671046,0.0,0.0,0.3636363636363636,0.0,336.5376204223378
0.864,0.4132910961998945,0.4165664415466523,0.4174492224778247,0.0438027830923713,0.0,0.0,0.3636363636363636,0.0,340.32393296253645
0.868,0.4173311461524788,0.4153790737300522,0.4179360449899134,0.0307592322501156,0.0,0.0,0.3636363636363636,0.0,338.2355922624091
0.872,0.4133430690922576,0.4127204442692057,0.4110152068703911,0.0390861359432843,0.0,0.0,0.3636363636363636,0.0,334.246585996902
0.876,0.412472691630905,0.4133399456586409,0.4160413963398884,0.0336543452310938,0.0,0.0,0.3636363636363636,0.0,337.92501193587395
0.88,0.4178767227693377,0.4161018056580919,0.4173702804571413,0.0305023024859633,0.0,0.0,0.3636363636363636,0.0,338.10768373625285
0.884,0.4146940867877912,0.4203736830629441,0.4163308638002684,0.0454226494620305,0.0,0.0,0.3636363636363636,0.0,341.3485405002464
0.888,0.4241121616107759,0.4305823207789246,0.4259884924822236,0.0495496437617971,0.0,0.0,0.3636363636363636,0.0,349.17373359281316
0.892,0.4274506766257107,0.4296014928114057,0.4304488772653268,0.0481051573805137,0.0,0.0,0.3636363636363636,0.0,349.824935775623
0.896,0.4261776380905726,0.4339508029666953,0.4279357825305782,0.0625964565950838,0.0,0.0,0.3636363636363636,0.0,351.4566484074769
0.9,0.4606023253745859,0.4727332677862182,0.4563692448196476,0.1329474333982981,0.0,0.0,0.3636363636363636,0.0,376.8834145565546
0.904,0.4704231009150573,0.4739206356028183,0.4737766429919233,0.0524821736987198,0.0,0.0,0.3636363636363636,0.0,383.7590896226063
0.908,0.4756192801277385,0.4747208002812954,0.4747503281697224,0.045178000134701,0.0,0.0,0.3636363636363636,0.0,382.65585425004224
0.912,0.476398714938381,0.4817416584844832,0.480315941396016,0.0405344599610748,0.0,0.0,0.3636363636363636,0.0,389.7691573826513
0.916,0.4868170399880744,0.4908145633461338,0.4918156576369104,0.054791087703234,0.0,0.0,0.3636363636363636,0.0,397.58215818438214
0.92,0.4941826414652786,0.4911372129349349,0.4917103748402513,0.0415992122099778,0.0,0.0,0.3636363636363636,0.0,394.66599248200805
0.924,0.4903894131967928,0.4935893419326365,0.4965523394924058,0.03589706000586,0.0,0.0,0.3636363636363636,0.0,400.5356919090327
0.928,0.4860376051774319,0.4877042165837786,0.4861710622363115,0.0537265273361564,0.0,0.0,0.3636363636363636,0.0,392.7479948669603
0.932,0.4778406356409234,0.4761920619255418,0.4786712490424074,0.044638620323624,0.0,0.0,0.3636363636363636,0.0,384.9104225099635
0.936,0.4755803103693914,0.4957833748908588,0.4816053946565491,0.0487201386307811,0.0,0.0,0.3636363636363636,0.0,399.2027987030856
0.94,0.4907531441559324,0.4947895889503521,0.4958681619286084,0.0352732521916262,0.0,0.0,0.3636363636363636,0.0,400.69759410917334
0.944,0.4895060722451254,0.4904144810068953,0.4923682517816948,0.0336863894959283,0.0,0.0,0.3636363636363636,0.0,396.56358410872656
0.948,0.4886876676761358,0.5021201781552893,0.4941445275543164,0.0462114756460709,0.0,0.0,0.3636363636363636,0.0,404.8927901755469
0.952,0.4903374403044296,0.487329932032707,0.483065862192815,0.0705967774214958,0.0,0.0,0.3636363636363636,0.0,388.91841404610875
0.956,0.4783083123847895,0.4830838524160219,0.4788423034717622,0.0556275005799628,0.0,0.0,0.3636363636363636,0.0,388.9075993737612
0.96,0.4757102227784488,0.481328657558193,0.4790001875131291,0.0424037727036974,0.0,0.0,0.3636363636363636,0.0,389.03879063666614
0.964,0.4778536387749395,0.4764759951391243,0.4773554951595205,0.0339404410327003,0.0,0.0,0.3636363636363636,0.0,384.30725983744867
0.968,0.47416435629118,0.4771471314908297,0.4784475933683449,0.0479579840204653,0.0,0.0,0.3636363636363636,0.0,386.86970131044086
0.972,0.476970297823272,0.4831096895901251,0.4827895651204228,0.0390160990770292,0.0,0.0,0.3636363636363636,0.0,391.79888521222006
0.976,0.47869800996826,0.4805155742926643,0.4818159200962456,0.0414533820227069,0.0,0.0,0.3636363636363636,0.0,388.9706831385038
0.98,0.4751126336255255,0.4719589008959082,0.4730003530194546,0.0799416141981805,0.0,0.0,0.3636363636363636,0.0,380.1895433220262
0.984,0.4637849613561323,0.4633377133357664,0.4665005256257035,0.0497323152595364,0.0,0.0,0.3636363636363636,0.0,375.9599901720619
0.988,0.4508854559751394,0.4568589237715765,0.4466589747393627,0.0914478078556803,0.0,0.0,0.3636363636363636,0.0,365.8033659213414
0.992,0.4449618148441789,0.4477085861594885,0.44618528246164,0.1010981204983324,0.0,0.0,0.3636363636363636,0.0,362.5409674312149
0.996,0.4408957982672636,0.456484639220505,0.4463563368909948,0.0792502639814212,0.0,0.0,0.3636363636363636,0.0,369.54622514116204
1.0,0.4505606947743468,0.4549746218151038,0.4541333706905951,0.0649520496912525,0.0,0.0,0.3636363636363636,0.0,369.21239417903894
0.0,0.2505857346028129,0.2507890670662507,0.2520063420927848,0.0711470944966181,0.0,0.0,0.1818181818181818,0.0,212.1415104071813
0.004,0.2536384978190034,0.2559256626989019,0.2551378427586351,0.0678275389179515,0.0,0.0,0.1818181818181818,0.0,215.76591095713687
0.008,0.2562755571836911,0.2557191622357569,0.2568088357345976,0.0547811098483154,0.0,0.0,0.1818181818181818,0.0,215.53582289017604
0.012,0.2570939617526805,0.25663547603989,0.255150993069812,0.0701752130511877,0.0,0.0,0.1818181818181818,0.0,214.7634079292834
0.016,0.2497803331678395,0.2504148022081474,0.2530984202247981,0.0477519029400325,0.0,0.0,0.1818181818181818,0.0,212.90243856077768
0.02,0.2474160819334319,0.251021385010531,0.2508484722512648,0.0510096725709343,0.0,0.0,0.1818181818181818,0.0,212.9214820286369
0.024,0.2504688253277717,0.2549060789702282,0.2534536793946846,0.0585820969268014,0.0,0.0,0.1818181818181818,0.0,215.48971878333037
0.028,0.2542230640160599,0.255357796271737,0.2573482996450157,0.0562835445408565,0.0,0.0,0.1818181818181818,0.0,216.48809398273502
0.032,0.2540801682948372,0.2560676293056932,0.254427324418862,0.0798355035487584,0.0,0.0,0.1818181818181818,0.0,215.2474771373239
0.036,0.2535475551682932,0.2521054829025905,0.249072216555454,0.1393000649903742,0.0,0.0,0.1818181818181818,0.0,209.95277735967332
0.04,0.2471952268736644,0.2462977903041699,0.2478090839940857,0.0663101374430326,0.0,0.0,0.1818181818181818,0.0,208.42011517304874
0.044,0.2502479900898549,0.2513956498686344,0.2527300107437347,0.0683577084014114,0.0,0.0,0.1818181818181818,0.0,213.06905450834606
0.048,0.2534696156515991,0.2535767642398049,0.2528089527644182,0.055649183226228,0.0,0.0,0.1818181818181818,0.0,213.08114438231055
0.052,0.2515210484468436,0.2561708598442976,0.253993123228292,0.0915792469060494,0.0,0.0,0.1818181818181818,0.0,216.11082692044775
0.056,0.2603545570727718,0.2629594197961732,0.260216653549651,0.2234717140285378,0.0,0.0,0.1818181818181818,0.0,220.0866984485796
0.06,0.2650311262929252,0.2636305364549107,0.2633481341386903,0.1077107519637665,0.0,0.0,0.1818181818181818,0.0,220.42661262777628
0.064,0.2598089606340624,0.2611267724949389,0.2617823838057652,0.070042430828041,0.0,0.0,0.1818181818181818,0.0,220.19803399341214
0.068,0.2601077353886734,0.260765406530919,0.2632691921180068,0.0539961213007822,0.0,0.0,0.1818181818181818,0.0,220.7375849253085
0.072,0.2628227540919058,0.2638757336003064,0.2662954300640089,0.0515749564284345,0.0,0.0,0.1818181818181818,0.0,223.23629499641572
0.076,0.2643556174451585,0.2642370995643262,0.2676243342580727,0.0649523816468104,0.0,0.0,0.1818181818181818,0.0,223.59073703159603
0.08,0.2655507362854531,0.2638628347062228,0.2624402607472086,0.0823904100533795,0.0,0.0,0.1818181818181818,0.0,219.82688930688295
0.084,0.2618484704895281,0.2642370995643262,0.265124409911312,0.067928468758089,0.0,0.0,0.1818181818181818,0.0,223.16235011839876
0.088,0.2624720064449317,0.2623012020315194,0.264111273799982,0.0529914280632158,0.0,0.0,0.1818181818181818,0.0,221.1655724420942
0.092,0.2651090658096193,0.2673216288455464,0.2676243342580727,0.0916512025905581,0.0,0.0,0.1818181818181818,0.0,225.10183458793736
0.096,0.2670446497022093,0.2672958310573793,0.2700848076713028,0.0632225669912219,0.0,0.0,0.1818181818181818,0.0,225.73820226937087
0.1,0.2685125568509333,0.2680830968417728,0.2716900290145696,0.061696530834162,0.0,0.0,0.1818181818181818,0.0,226.53994208261167
0.104,0.2680968728212812,0.2665730991293396,0.2673743378080345,0.0705779730026109,0.0,0.0,0.1818181818181818,0.0,223.2811138275763
0.108,0.2647713212966613,0.2645081338838251,0.2678085389986045,0.0558412569334099,0.0,0.0,0.1818181818181818,0.0,223.69224380938124
0.112,0.2671355725310689,0.2669602628815266,0.2684269449297062,0.0673119524532187,0.0,0.0,0.1818181818181818,0.0,224.5281345745503
0.116,0.268044899928918,0.2712063424982117,0.2719400053877969,0.072039536866351,0.0,0.0,0.1818181818181818,0.0,228.73233924390442
0.12,0.2730332272158479,0.2716064248374503,0.2728610491672665,0.0666401741826457,0.0,0.0,0.1818181818181818,0.0,227.4460062746116
0.124,0.2714613941042481,0.2700447921627468,0.2738346941914438,0.0490085370142919,0.0,0.0,0.1818181818181818,0.0,227.74709157821462
0.128,0.2723707215020972,0.2793500149686777,0.2758741167252807,0.0770374827714105,0.0,0.0,0.1818181818181818,0.0,234.08358915822487
0.132,0.2763328121161368,0.2748071032443265,0.2792161227540166,0.049809067989679,0.0,0.0,0.1818181818181818,0.0,231.71410562284194
0.136,0.2778007390867114,0.2771430831163719,0.2806239890455748,0.0451808783620813,0.0,0.0,0.1818181818181818,0.0,233.32108921767988
0.14,0.2788399590717672,0.2776980506494533,0.2780714233004844,0.0594110264123413,0.0,0.0,0.1818181818181818,0.0,231.71825466850635
0.144,0.2755793637516759,0.2739295058154121,0.2767293487184328,0.0580239126968395,0.0,0.0,0.1818181818181818,0.0,230.04404002984606
0.148,0.2809444251317615,0.2800340305214986,0.2795055902143966,0.1949584585442194,0.0,0.0,0.1818181818181818,0.0,233.02670937718196
0.152,0.2568341567564167,0.2592683077125695,0.2550325800387868,0.229308183510405,0.0,0.0,0.1818181818181818,0.0,216.31423044924273
0.156,0.2570809586186645,0.2553965126469558,0.2532168332558234,0.144172712063476,0.0,0.0,0.1818181818181818,0.0,212.87819679746775
0.16,0.251430125617984,0.2539252313097412,0.2551246723706472,0.0935446924431756,0.0,0.0,0.1818181818181818,0.0,215.48232690594355
0.164,0.2535735416144747,0.2621205190495095,0.2562693919009903,0.0999111395266774,0.0,0.0,0.1818181818181818,0.0,220.13144160262337
0.168,0.2617575278388178,0.2667279646302145,0.2655849318010468,0.0726265033701164,0.0,0.0,0.1818181818181818,0.0,224.95158466948988
0.172,0.2645374829247283,0.2636047189737756,0.2669796277046172,0.0579801636406583,0.0,0.0,0.1818181818181818,0.0,222.7683926699876
0.176,0.2627707811995426,0.2626367702073721,0.2650322975026407,0.0554390726274627,0.0,0.0,0.1818181818181818,0.0,221.78427172815674
0.18,0.2633553473965991,0.2632175355286206,0.2632560418068299,0.0660685582249089,0.0,0.0,0.1818181818181818,0.0,220.84168070721552
0.184,0.2630565726419882,0.2650501828298549,0.2671375117459841,0.0647685588581189,0.0,0.0,0.1818181818181818,0.0,224.33105022118264
0.188,0.2700714066503676,0.2756201865098552,0.2737426018595834,0.1128109708817411,0.0,0.0,0.1818181818181818,0.0,231.560264958852
0.192,0.2768004690381521,0.2768720684898411,0.277413546359041,0.0707953751107397,0.0,0.0,0.1818181818181818,0.0,231.68479038798884
0.196,0.2737477058219616,0.2740714724222033,0.2754662362338755,0.0431638166139343,0.0,0.0,0.1818181818181818,0.0,230.1538986313684
0.2,0.2735658403423919,0.2722904403902713,0.2738741652017855,0.0520711628288062,0.0,0.0,0.1818181818181818,0.0,228.23459699462185
0.204,0.269707675691228,0.2680830968417728,0.2657164951432489,0.0649527654104611,0.0,0.0,0.1818181818181818,0.0,222.54486850468822
0.208,0.2639009438353086,0.2622883031374358,0.2651638809216537,0.0563875444901997,0.0,0.0,0.1818181818181818,0.0,221.18738960618074
0.212,0.2640828093148784,0.2704965094642556,0.2655849318010468,0.0663170451887455,0.0,0.0,0.1818181818181818,0.0,226.2309860774553
0.216,0.2700064702676896,0.2710901933725556,0.2741241616518238,0.0381457231172123,0.0,0.0,0.1818181818181818,0.0,229.1483910796684
0.22,0.2696946923790625,0.2703158264822457,0.2724268479766965,0.0448072844481123,0.0,0.0,0.1818181818181818,0.0,227.81991043205923
0.224,0.2715913065133054,0.2714386407495239,0.2747820385932672,0.0354992889818961,0.0,0.0,0.1818181818181818,0.0,229.08602507837932
0.228,0.2721628695763459,0.2751039550449606,0.2750583557424703,0.0593407976642609,0.0,0.0,0.1818181818181818,0.0,231.1799893678248
0.232,0.2751636797220237,0.2739424047094956,0.275242560483002,0.0449872696002967,0.0,0.0,0.1818181818181818,0.0,229.36044762765871
0.236,0.2650311262929252,0.2666634307738606,0.2669138359951106,0.0692501507711442,0.0,0.0,0.1818181818181818,0.0,224.3408419241375
0.24,0.2672265151817791,0.2679540291290652,0.2702426917126697,0.0507895841172505,0.0,0.0,0.1818181818181818,0.0,226.15719441514932
0.244,0.2749947975546194,0.2790531828610116,0.2786898292315862,0.108677836363563,0.0,0.0,0.1818181818181818,0.0,234.4654079611173
0.248,0.2801909767673007,0.2793500149686777,0.2802029381661818,0.0651782265552549,0.0,0.0,0.1818181818181818,0.0,233.39260668248014
0.252,0.2798662155665081,0.2814149802141922,0.2825976198699052,0.0598540815470894,0.0,0.0,0.1818181818181818,0.0,236.16019269793
0.256,0.2817108568083879,0.2830282281581979,0.2843475749433621,0.0465887153147216,0.0,0.0,0.1818181818181818,0.0,237.3855965935971
0.26,0.2832177535373095,0.2815182107527967,0.2764793723452055,0.1115865729541415,0.0,0.0,0.1818181818181818,0.0,231.22667370004592
0.264,0.2753845149599407,0.2735810387454758,0.2767951404279394,0.0666438199373275,0.0,0.0,0.1818181818181818,0.0,229.9585105293528
0.268,0.2739036046772005,0.2726259888731559,0.2727820870697721,0.0685829776643798,0.0,0.0,0.1818181818181818,0.0,227.65053355616138
0.272,0.2742673356363401,0.2764203511883322,0.2780845936884724,0.0585036172602307,0.0,0.0,0.1818181818181818,0.0,232.8672521923952
0.276,0.2772681259601675,0.2792209472559701,0.28059766834641,0.0680221070888629,0.0,0.0,0.1818181818181818,0.0,234.7583576289147
0.28,0.2783463355254209,0.2771560017034235,0.275966229133952,0.0768703537015251,0.0,0.0,0.1818181818181818,0.0,230.36593729400715
0.284,0.2766965430752764,0.2760977015995311,0.2760714717769894,0.0674998047602426,0.0,0.0,0.1818181818181818,0.0,230.48599452150128
0.288,0.2765276609078721,0.2769753187214136,0.277268812628851,0.1826509663840311,0.0,0.0,0.1818181818181818,0.0,231.73817232458396
0.292,0.2741763929856299,0.2723420753525415,0.274387308413039,0.0828173471147977,0.0,0.0,0.1818181818181818,0.0,228.30627565650198
0.296,0.2706300062230932,0.2688445451450312,0.2645981163888816,0.1308678181750848,0.0,0.0,0.1818181818181818,0.0,221.9394764760923
0.3,0.2658495110400641,0.2645855666342624,0.2637823353292603,0.0897145393272354,0.0,0.0,0.1818181818181818,0.0,220.92651618097193
0.304,0.2605364225523416,0.2595651398202355,0.2598613943797644,0.0949285441676463,0.0,0.0,0.1818181818181818,0.0,217.844059744873
0.308,0.2592633641953529,0.260055573496963,0.2619008169136013,0.074634738554297,0.0,0.0,0.1818181818181818,0.0,219.8662669023756
0.312,0.2605624089985232,0.2620560048861236,0.2635849802775517,0.0796411272596723,0.0,0.0,0.1818181818181818,0.0,221.5024778513467
0.316,0.2630955424003352,0.2615913886905313,0.2617297624842465,0.0875796621383195,0.0,0.0,0.1818181818181818,0.0,219.0864881949596
0.32,0.257029005548152,0.2614752198719072,0.2600455991202962,0.0790167437999624,0.0,0.0,0.1818181818181818,0.0,220.5458878855741
0.324,0.2617705111509834,0.2623270195126544,0.2631244583878169,0.0738835212080265,0.0,0.0,0.1818181818181818,0.0,220.8955370876644
0.328,0.2649272003300495,0.2641209504386702,0.2636376015990703,0.0784510761788115,0.0,0.0,0.1818181818181818,0.0,220.95298665024174
0.332,0.2617575278388178,0.2609331709258773,0.2592824594590044,0.0785506628461715,0.0,0.0,0.1818181818181818,0.0,217.81839789001734
0.336,0.2616016488054296,0.262430269744227,0.2647296797310837,0.0545727261859783,0.0,0.0,0.1818181818181818,0.0,221.97573213027144
0.34,0.2642516914822828,0.2673861627019002,0.2660717543131354,0.0842977153974227,0.0,0.0,0.1818181818181818,0.0,224.5982425034966
0.344,0.2669537070514991,0.26929626244654,0.2668085732752624,0.0837721510777714,0.0,0.0,0.1818181818181818,0.0,225.04604434438846
0.348,0.2685255599849495,0.2693478777158423,0.2592429884486627,0.1335758463763404,0.0,0.0,0.1818181818181818,0.0,219.97072195245374
0.352,0.2574706760239857,0.259578038714319,0.2606113636530682,0.0672657089333078,0.0,0.0,0.1818181818181818,0.0,219.57352579021594
0.356,0.2546907209380752,0.2578228438564901,0.2547694332775715,0.0823397532514854,0.0,0.0,0.1818181818181818,0.0,216.25103743454156
0.36,0.2560677052579397,0.2557449797168921,0.254848375298255,0.0828077530235298,0.0,0.0,0.1818181818181818,0.0,214.4927888392852
0.364,0.254833616659298,0.2568806928782538,0.2550457303499637,0.0761016751091471,0.0,0.0,0.1818181818181818,0.0,215.7968835406568
0.368,0.2533916761349049,0.2519893337769344,0.2527036900445699,0.0829562695563557,0.0,0.0,0.1818181818181818,0.0,212.1129962254262
0.372,0.2525083351832374,0.2544285638805523,0.2560720167724706,0.0693247928012079,0.0,0.0,0.1818181818181818,0.0,215.9082804071096
0.376,0.2584189731801818,0.2629852372773084,0.2618613459032596,0.0916057265979486,0.0,0.0,0.1818181818181818,0.0,221.92986744368503
0.38,0.2595491556377984,0.2587133401794881,0.2599271860892709,0.079735724999573,0.0,0.0,0.1818181818181818,0.0,217.79445010828178
0.384,0.2591594382324772,0.2603782230857641,0.2621113222764868,0.0552352941289342,0.0,0.0,0.1818181818181818,0.0,220.23472803346348
0.388,0.2630176028836411,0.265669664526322,0.267005928326971,0.0689454424324782,0.0,0.0,0.1818181818181818,0.0,224.6453990405632
0.392,0.2704091709851762,0.2695414595919357,0.2717952716576069,0.0681431845206628,0.0,0.0,0.1818181818181818,0.0,226.69272967678415
0.396,0.2711366329034556,0.2735294234761736,0.2726768444267348,0.0850921061543984,0.0,0.0,0.1818181818181818,0.0,229.27121697065104
0.4,0.275618333510023,0.2752459216517518,0.2747162468837608,0.0945637768176437,0.0,0.0,0.1818181818181818,0.0,229.62719581855637
0.404,0.2696297361745338,0.269593094554206,0.2681243271581492,0.1909204974114182,0.0,0.0,0.1818181818181818,0.0,224.84961572178463
0.408,0.2995597395398142,0.298063691119144,0.2960577764703311,0.3138935297640371,0.0,0.0,0.1818181818181818,0.0,245.70108999122425
0.412,0.3063927080686238,0.3085175456734882,0.307794298696465,0.1789180973535466,0.0,0.0,0.1818181818181818,0.0,256.01206122679037
0.416,0.2999234704989538,0.3064654990150253,0.3022155150821835,0.0936237477552224,0.0,0.0,0.1818181818181818,0.0,254.23189468902683
0.42,0.2981697520859336,0.2987089902967462,0.2989261303749662,0.0726403188615421,0.0,0.0,0.1818181818181818,0.0,248.42976813397615
0.424,0.2983386342533379,0.2979088256182692,0.2936762651545956,0.0829894651121424,0.0,0.0,0.1818181818181818,0.0,244.8020051858931
0.428,0.2902066010995074,0.2908363324528112,0.2888343005024411,0.0836996197477866,0.0,0.0,0.1818181818181818,0.0,241.12980979127516
0.432,0.2972734080002501,0.2996769390631497,0.2981761410248515,0.0647075404376555,0.0,0.0,0.1818181818181818,0.0,248.9395006720166
0.436,0.2973643506509602,0.2970957423527405,0.3003339765897135,0.0399309916203288,0.0,0.0,0.1818181818181818,0.0,248.64333128278034
0.44,0.299741605019384,0.2978959070312176,0.2957551586987742,0.0545638996220119,0.0,0.0,0.1818181818181818,0.0,245.44337399314517
0.444,0.2904014697130934,0.2893521522215131,0.2862159430478442,0.0741581041001116,0.0,0.0,0.1818181818181818,0.0,238.636037676119
0.448,0.2800220945998963,0.282873342964355,0.28146607072755,0.0694665934701463,0.0,0.0,0.1818181818181818,0.0,236.3033210648018
0.452,0.2776708266776542,0.2775431851485785,0.2765977853762307,0.1096894373468423,0.0,0.0,0.1818181818181818,0.0,231.241837903321
0.456,0.2709807538700673,0.2718645405698975,0.2676901259675793,0.1110122706508497,0.0,0.0,0.1818181818181818,0.0,225.41554387097068
0.46,0.2653169177353708,0.2635272862233382,0.2625586938550447,0.1066511805241482,0.0,0.0,0.1818181818181818,0.0,219.8018023494811
0.464,0.2696167528623683,0.2682637798237827,0.260216653549651,0.091249593930087,0.0,0.0,0.1818181818181818,0.0,219.46617095775437
0.468,0.2557169774328161,0.2615526723153126,0.2581640606278262,0.1261365880072707,0.0,0.0,0.1818181818181818,0.0,220.0213772561174
0.472,0.2637840345602674,0.2681605295922102,0.2674927709158706,0.0989429038359287,0.0,0.0,0.1818181818181818,0.0,226.0858206889095
0.476,0.2687463952228663,0.2722775414961876,0.2695058727505427,0.0702774860641027,0.0,0.0,0.1818181818181818,0.0,227.6668249041807
0.48,0.274410231357563,0.2738649719590583,0.2760451711546354,0.0685862396554109,0.0,0.0,0.1818181818181818,0.0,230.09963502721095
0.484,0.2750597537591481,0.2758524847611673,0.2779530102694593,0.0336530020583163,0.0,0.0,0.1818181818181818,0.0,232.1427795557452
0.488,0.2776318569193071,0.2790918992362304,0.2806239890455748,0.0770407447624416,0.0,0.0,0.1818181818181818,0.0,234.55251540798687
0.492,0.2799571383953677,0.2831830936590727,0.28233447310869,0.0825696276782625,0.0,0.0,0.1818181818181818,0.0,237.02072641205524
0.496,0.2778007390867114,0.2759686535797915,0.2784661534807128,0.0628244122036073,0.0,0.0,0.1818181818181818,0.0,231.36738368484433
0.5,0.2770472907222506,0.2761235190806663,0.2734531343992034,0.0823735244527482,0.0,0.0,0.1818181818181818,0.0,228.82451940683222
0.504,0.2738646349188535,0.2732067738873724,0.2757557036942555,0.0582620380421069,0.0,0.0,0.1818181818181818,0.0,229.76968377510048
0.508,0.2729163179408067,0.2726776238354262,0.2727557864474182,0.0619112465967359,0.0,0.0,0.1818181818181818,0.0,228.0876427524188
0.512,0.2693439447320884,0.2697608786421324,0.2712295071248348,0.0443012920746474,0.0,0.0,0.1818181818181818,0.0,226.9463180369436
0.516,0.2719030645800818,0.2747296704938892,0.2756372906632303,0.0691480696400546,0.0,0.0,0.1818181818181818,0.0,231.413912746456
0.52,0.2743712615992159,0.2743295881546507,0.2759399084347872,0.0489216145474054,0.0,0.0,0.1818181818181818,0.0,230.33883781211154
0.524,0.2732800488999463,0.2717096750690228,0.2712426574360117,0.0631007220321206,0.0,0.0,0.1818181818181818,0.0,226.47488905460847
0.528,0.2707598988102998,0.2689348767895521,0.2664796348045407,0.0854491982313868,0.0,0.0,0.1818181818181818,0.0,223.0693242608322
0.532,0.264407570515671,0.2634240359917656,0.265992812292452,0.0701232130765161,0.0,0.0,0.1818181818181818,0.0,222.14752069918794
0.536,0.2665120365756653,0.2653986498997912,0.2658086075519203,0.079209776916271,0.0,0.0,0.1818181818181818,0.0,222.3375285808678
0.54,0.2678760375833643,0.2706126585899117,0.2703084834221761,0.0911793651820066,0.0,0.0,0.1818181818181818,0.0,227.50446328464025
0.544,0.2692400187692126,0.2704836105701721,0.2718479130559365,0.1588599226217351,0.0,0.0,0.1818181818181818,0.0,227.74149357918117
0.548,0.271643259583818,0.2709353081787128,0.2733347213681782,0.0566193377352303,0.0,0.0,0.1818181818181818,0.0,227.92329098976887
0.552,0.2722278257808744,0.2747683868691079,0.2759925297563058,0.0508032077268508,0.0,0.0,0.1818181818181818,0.0,231.51891008289357
0.556,0.2762159028410956,0.2754136860467102,0.2794134978825362,0.0166296302763424,0.0,0.0,0.1818181818181818,0.0,232.2690882287497
0.56,0.2760989737442038,0.2754653210089804,0.2792161227540166,0.0254066887317973,0.0,0.0,0.1818181818181818,0.0,232.22944921714938
0.5640000000000001,0.2759690811569972,0.2749619884381694,0.2786766789204092,0.032704338313754,0.0,0.0,0.1818181818181818,0.0,231.66546173863412
0.5680000000000001,0.275020784000801,0.2751813877953979,0.2779266895702945,0.0367580337562344,0.0,0.0,0.1818181818181818,0.0,231.7474369801764
0.5720000000000001,0.2772291562018203,0.2754653210089804,0.2778214268504462,0.0415036550609503,0.0,0.0,0.1818181818181818,0.0,230.9380610778863
0.5760000000000001,0.2751896463463548,0.2786531005217731,0.2706900432144166,0.0934508622305763,0.0,0.0,0.1818181818181818,0.0,229.4752942570048
0.58,0.271942034338429,0.2767688182582685,0.273953107222469,0.0901449302615099,0.0,0.0,0.1818181818181818,0.0,231.61644146750342
0.584,0.2761769330827485,0.2886165017064218,0.2803871629835244,0.09788045416893,0.0,0.0,0.1818181818181818,0.0,240.67026023780488
0.588,0.2859327524186914,0.2913396650236222,0.2901895253956696,0.0757599335781873,0.0,0.0,0.1818181818181818,0.0,244.0037768847157
0.592,0.2904144530252588,0.2927851485726696,0.2932947053623552,0.0705278918461928,0.0,0.0,0.1818181818181818,0.0,244.8291424965578
0.596,0.2923760233640304,0.2946565122491227,0.293768377563267,0.0610301252546991,0.0,0.0,0.1818181818181818,0.0,245.40954144865117
0.6,0.2951819450742717,0.2960503608358997,0.2986629836137511,0.0635395557667108,0.0,0.0,0.1818181818181818,0.0,247.94507203783544
0.604,0.2949221400780079,0.2943983965166753,0.2911500201086701,0.0683442766736364,0.0,0.0,0.1818181818181818,0.0,242.66365474568363
0.608,0.2879332726939594,0.2861643727087204,0.2858475335667807,0.0741751815825683,0.0,0.0,0.1818181818181818,0.0,237.55609347315524
0.612,0.2855430350133701,0.2853512894431917,0.286386997477199,0.0772318590604966,0.0,0.0,0.1818181818181818,0.0,238.37870105718434
0.616,0.2852572435709247,0.2839574605493827,0.286097530016819,0.0827670740765543,0.0,0.0,0.1818181818181818,0.0,237.4976094005279
0.62,0.2783333323914048,0.2781755657391292,0.2767951404279394,0.0863161203183472,0.0,0.0,0.1818181818181818,0.0,231.47454274037895
0.624,0.2748648851455622,0.2745748049930144,0.2735583971190517,0.0854300100488511,0.0,0.0,0.1818181818181818,0.0,228.87469979337996
0.628,0.2787100664845605,0.2789886490046578,0.2788477132729532,0.0559515889829898,0.0,0.0,0.1818181818181818,0.0,233.016527123844
0.632,0.2798922020126897,0.2850931737107444,0.2836765476907417,0.0595305687895384,0.0,0.0,0.1818181818181818,0.0,238.98368063542722
0.636,0.2864133926528722,0.2857384728883467,0.2875843182522497,0.0577019349938914,0.0,0.0,0.1818181818181818,0.0,238.95845107361095
0.64,0.2860366783815671,0.290810534664644,0.2882948365920228,0.0676868895399652,0.0,0.0,0.1818181818181818,0.0,242.54041257377892
0.644,0.2947142881522565,0.2945532620175501,0.2928341834726204,0.0731622374265116,0.0,0.0,0.1818181818181818,0.0,243.82949632804429
0.648,0.2901026949584824,0.2883842034551097,0.286531731207389,0.0853407850000604,0.0,0.0,0.1818181818181818,0.0,238.37498164645535
0.652,0.286296483377831,0.2887972043813998,0.2877159016712628,0.0841039147538127,0.0,0.0,0.1818181818181818,0.0,240.89202494442156
0.656,0.2842439902101998,0.2917784834310475,0.288413249623048,0.0667599084416682,0.0,0.0,0.1818181818181818,0.0,243.92839105058832
0.66,0.2929086166687237,0.2927077158222322,0.2848343974554507,0.0980082474646174,0.0,0.0,0.1818181818181818,0.0,238.7812229628024
0.664,0.2849584688163137,0.2830411270522815,0.2800582245128027,0.0931509509375441,0.0,0.0,0.1818181818181818,0.0,233.533475451699
0.668,0.2668367977764579,0.2668441137558704,0.2650059968802868,0.1933311087833713,0.0,0.0,0.1818181818181818,0.0,222.5555357247233
0.672,0.237985003976431,0.2476529225157283,0.2385988068138774,0.3385889125692381,0.0,0.0,0.1818181818181818,0.0,207.56801090422522
0.676,0.246130020442427,0.2494210359606087,0.2425987098608677,0.1696705446623177,0.0,0.0,0.1818181818181818,0.0,207.65125600262957
0.68,0.2459091852045101,0.2492145354974638,0.2466249135302119,0.1236123825947066,0.0,0.0,0.1818181818181818,0.0,209.99815620726613
0.684,0.2449478849142978,0.243948911538041,0.2414671607185126,0.1204856682505232,0.0,0.0,0.1818181818181818,0.0,204.2450862111821
0.6880000000000001,0.23962181311441,0.2379992523328292,0.2349804836359384,0.1558492967818923,0.0,0.0,0.1818181818181818,0.0,199.10044677362953
0.6920000000000001,0.2330226631356827,0.2343855729996627,0.234612074154875,0.1219748630971146,0.0,0.0,0.1818181818181818,0.0,199.48385435843795
0.6960000000000001,0.232048379533305,0.2351341224088377,0.2329279107909247,0.1288012509159958,0.0,0.0,0.1818181818181818,0.0,199.34200935938892
0.7000000000000001,0.2371666192292921,0.2417419796857353,0.2401777074579796,0.0925818294435369,0.0,0.0,0.1818181818181818,0.0,205.41190334134873
0.704,0.2394139611886586,0.2401674481169482,0.2418881915210947,0.0631592459888543,0.0,0.0,0.1818181818181818,0.0,204.55973812383107
0.708,0.2406610330994658,0.247304455445792,0.2431250033832982,0.1211305830655462,0.0,0.0,0.1818181818181818,0.0,208.9869897925398
0.712,0.244999857806661,0.243768208863063,0.242282921701323,0.097528926664877,0.0,0.0,0.1818181818181818,0.0,204.60415187504336
0.716,0.2415833636313309,0.2462590739289513,0.2424671264418547,0.0736505766720438,0.0,0.0,0.1818181818181818,0.0,207.61562624047875
0.72,0.248065604335017,0.2478465043918218,0.249940598859783,0.0740519934506895,0.0,0.0,0.1818181818181818,0.0,210.2565656655815
0.724,0.2484163321601405,0.2471495899449172,0.2452302176266415,0.0863523859833396,0.0,0.0,0.1818181818181818,0.0,206.9305044957095
0.728,0.2433500653565166,0.2462203575537325,0.245032842498122,0.1048996832222945,0.0,0.0,0.1818181818181818,0.0,208.35486598393956
0.732,0.2403882447910363,0.2454459906634225,0.2427434435910578,0.082983324893731,0.0,0.0,0.1818181818181818,0.0,207.78712422183534
0.736,0.2385046337908095,0.2447361576294664,0.2414539903305247,0.0775797408098679,0.0,0.0,0.1818181818181818,0.0,207.3916092775412
0.74,0.2480785876471825,0.2555255606666954,0.25154582020305,0.0997348001291748,0.0,0.0,0.1818181818181818,0.0,215.74535262893545
0.744,0.2552363173767847,0.2593070240877881,0.2587035245382444,0.1116550747657938,0.0,0.0,0.1818181818181818,0.0,219.22032792242572
0.748,0.2539502757076305,0.255241647146081,0.2546773208689002,0.0928685008906194,0.0,0.0,0.1818181818181818,0.0,214.98395564771778
0.752,0.2480526012010009,0.250724552902865,0.2475459372328706,0.0995655603592104,0.0,0.0,0.1818181818181818,0.0,210.55918551170848
0.756,0.2529110359007241,0.2530863305630775,0.2545457374498872,0.0631768991167871,0.0,0.0,0.1818181818181818,0.0,214.06811455837817
0.76,0.2548855895516612,0.2548286462197908,0.253124740923963,0.0603380075106384,0.0,0.0,0.1818181818181818,0.0,213.45288605279185
0.764,0.2479746616843068,0.2480013895856646,0.2489143124372762,0.0798143965479692,0.0,0.0,0.1818181818181818,0.0,209.784178820053
0.768,0.2469614083235821,0.2465171896613985,0.2463749170801737,0.0631448548519526,0.0,0.0,0.1818181818181818,0.0,207.83917518892193
0.772,0.2453246190074536,0.2493048868349527,0.2479932887346175,0.0757077417216903,0.0,0.0,0.1818181818181818,0.0,211.11777149074834
0.776,0.251131350863373,0.2531508644194313,0.2545457374498872,0.0810048313924806,0.0,0.0,0.1818181818181818,0.0,214.83808578987492
0.78,0.2525732715659154,0.2524281324913916,0.2498090355175809,0.0673365133268643,0.0,0.0,0.1818181818181818,0.0,211.038606781269
0.784,0.2436488401111275,0.244658724879029,0.2461512413293002,0.0646386548623526,0.0,0.0,0.1818181818181818,0.0,207.97642629745548
0.788,0.2440905105869614,0.2426195771146496,0.2438749927334129,0.1169341275450005,0.0,0.0,0.1818181818181818,0.0,205.22864966136987
0.792,0.2471952268736644,0.2494081370665252,0.2507037385210748,0.0796760497518871,0.0,0.0,0.1818181818181818,0.0,211.9933500835394
0.796,0.2448049891930751,0.2449555766796631,0.2469275313017689,0.0625486780205701,0.0,0.0,0.1818181818181818,0.0,208.13040822476705
0.8,0.2494945417253939,0.2497566041364615,0.2512168817323282,0.0645392600768179,0.0,0.0,0.1818181818181818,0.0,211.55465552242742
0.804,0.2482604531267523,0.2495242861921813,0.2475590875440475,0.0844128444926366,0.0,0.0,0.1818181818181818,0.0,209.77561673753146
0.808,0.2428694251223358,0.2414064312028505,0.2370593771801171,0.1021883930300078,0.0,0.0,0.1818181818181818,0.0,201.0227828176998
0.812,0.2364001677308151,0.2377927518696841,0.2381646056233074,0.0836986603386599,0.0,0.0,0.1818181818181818,0.0,202.21112036675333
0.8160000000000001,0.2407779621963575,0.2461558236973787,0.2436381465945516,0.1069092615792526,0.0,0.0,0.1818181818181818,0.0,208.5671095281974
0.8200000000000001,0.2480396178888355,0.2504148022081474,0.2489669538356057,0.0828958267813684,0.0,0.0,0.1818181818181818,0.0,211.2229713341966
0.8240000000000001,0.2429733312633608,0.2486466887632669,0.2446381123178937,0.0550683569408741,0.0,0.0,0.1818181818181818,0.0,209.7427097552746
0.8280000000000001,0.2472082300076805,0.2496017189426187,0.2508090012409231,0.0434259271873712,0.0,0.0,0.1818181818181818,0.0,212.17930601500336
0.8320000000000001,0.2490788576957419,0.2509181347789584,0.2501379739883027,0.0487393268133168,0.0,0.0,0.1818181818181818,0.0,211.7910702773765
0.836,0.2653818541180487,0.2665730991293396,0.2640060110801338,0.0927533717954056,0.0,0.0,0.1818181818181818,0.0,222.4543122948902
0.84,0.26725248180611,0.2765107025258213,0.2688085247987575,0.1212890774532906,0.0,0.0,0.1818181818181818,0.0,230.38857142189767
0.844,0.2803338724885234,0.2850673562296092,0.2845186293727169,0.1039210859129766,0.0,0.0,0.1818181818181818,0.0,239.27257102033454
0.848,0.2831268108865993,0.284512408389496,0.285229127635679,0.0756250406549617,0.0,0.0,0.1818181818181818,0.0,238.2131191626809
0.852,0.2887516772629489,0.3002318869032629,0.2931631219433421,0.1341850711718472,0.0,0.0,0.1818181818181818,0.0,249.8522962405768
0.856,0.2984555435283791,0.2979862583687066,0.3002945055793719,0.0773116818998449,0.0,0.0,0.1818181818181818,0.0,248.7020557577061
0.86,0.297494243238167,0.2974183919415417,0.2963472439307111,0.0751060003173725,0.0,0.0,0.1818181818181818,0.0,246.4488971193449
0.864,0.305912067834443,0.3053942803240813,0.3041233541970074,0.0945505369716941,0.0,0.0,0.1818181818181818,0.0,252.25323586556854
0.868,0.298377604011685,0.2976506901928538,0.2978866735644715,0.0704382830337514,0.0,0.0,0.1818181818181818,0.0,247.125856925395
0.872,0.3060419604216496,0.3039875328432206,0.3027944500029434,0.0770760510183072,0.0,0.0,0.1818181818181818,0.0,250.5911261622605
0.876,0.3025994996219885,0.3050845493223317,0.3044128216573873,0.0639181386081391,0.0,0.0,0.1818181818181818,0.0,253.62272321697262
0.88,0.3064316778269709,0.308762762511852,0.3080179945241494,0.0697250582889014,0.0,0.0,0.1818181818181818,0.0,256.3325640278148
0.884,0.3123943085381291,0.3161320680920079,0.3140967710385073,0.0979048231607503,0.0,0.0,0.1818181818181818,0.0,261.7949939916015
0.888,0.3169149590811929,0.3156803507904991,0.3175835107974333,0.0808837539606807,0.0,0.0,0.1818181818181818,0.0,261.7053795115811
0.892,0.3103288320583324,0.3116536902240107,0.312702075134937,0.0756983395122479,0.0,0.0,0.1818181818181818,0.0,259.18092840525867
0.896,0.3098091824221033,0.3179518164991587,0.3141099414264953,0.1335766139036419,0.0,0.0,0.1818181818181818,0.0,263.9420819564769
0.9,0.3295287126634416,0.3282378869655766,0.3120836692038353,0.1884682476833627,0.0,0.0,0.1818181818181818,0.0,260.6754365069995
0.904,0.3196689277209218,0.327515155037537,0.3207413120856375,0.0922400879125771,0.0,0.0,0.1818181818181818,0.0,269.4427152039932
0.908,0.3238518535728782,0.3311030168895682,0.3287147774036423,0.0888984659239944,0.0,0.0,0.1818181818181818,0.0,274.518852428915
0.912,0.3333088981542101,0.3342778778153092,0.3334251987904057,0.0751305611910181,0.0,0.0,0.1818181818181818,0.0,275.25504599903934
0.916,0.329164981704302,0.3332970104618543,0.3332015029627213,0.080202957244316,0.0,0.0,0.1818181818181818,0.0,276.2560954458402
0.92,0.3319319138343456,0.3317870324423892,0.3309384046780109,0.0635877181048753,0.0,0.0,0.1818181818181818,0.0,272.8919748577685
0.924,0.3275281725663229,0.3283927524664514,0.3302279264918598,0.0613615051670897,0.0,0.0,0.1818181818181818,0.0,272.2843016149495
0.928,0.3252028712684117,0.3279152373767754,0.3282937666778712,0.067969915232366,0.0,0.0,0.1818181818181818,0.0,271.82729520143096
0.932,0.3211368546914965,0.3201974450337151,0.3205965984322584,0.0652826102682488,0.0,0.0,0.1818181818181818,0.0,264.41426373473973
0.936,0.3181750341260162,0.3241595914368178,0.3213465877823732,0.0708370134668421,0.0,0.0,0.1818181818181818,0.0,268.4325234045073
0.94,0.3243065271827281,0.3242370241872552,0.325859613963806,0.0548484603690156,0.0,0.0,0.1818181818181818,0.0,268.5914950949512
0.944,0.3156678871703858,0.31595136541703,0.3183071995251942,0.072946562254811,0.0,0.0,0.1818181818181818,0.0,262.81266051913894
0.948,0.3174475722077369,0.3217461788143351,0.3204650150132453,0.0593622884287008,0.0,0.0,0.1818181818181818,0.0,266.7879942412797
0.952,0.3150703376611638,0.3132282217927977,0.3108073863312901,0.0721222379330796,0.0,0.0,0.1818181818181818,0.0,257.0448151292854
0.956,0.312485211545138,0.317525896985817,0.3165177533645846,0.0617462282269294,0.0,0.0,0.1818181818181818,0.0,264.0212742299627
0.96,0.3169669319735561,0.3225721412809792,0.3189387356906619,0.0649285883004662,0.0,0.0,0.1818181818181818,0.0,266.5810537021151
0.964,0.3236700079151591,0.3229593444191023,0.3253464506757416,0.047551386432535,0.0,0.0,0.1818181818181818,0.0,267.7989707029646
0.968,0.3227346940711284,0.3223269244426154,0.3198597794701315,0.0676847788398863,0.0,0.0,0.1818181818181818,0.0,264.58581683105547
0.972,0.3204093927732171,0.3263407058079884,0.3246359724895905,0.0715872714039858,0.0,0.0,0.1818181818181818,0.0,270.73300525601314
0.976,0.3283595406256273,0.3290380516440537,0.3269253713966547,0.0726781195811373,0.0,0.0,0.1818181818181818,0.0,270.38450748654395
0.98,0.3270865020904892,0.3293607012328548,0.3298200460004546,0.0997702982668657,0.0,0.0,0.1818181818181818,0.0,272.79158619841564
0.984,0.3205912780746376,0.3188810488903434,0.3180572030751559,0.0975728676028836,0.0,0.0,0.1818181818181818,0.0,262.35968506522994
0.988,0.3087309926787005,0.3118731092742073,0.3097284585104536,0.0749434764112956,0.0,0.0,0.1818181818181818,0.0,258.2335955083097
0.992,0.3055353337412873,0.3065687295536298,0.3009655529088031,0.0933318954988553,0.0,0.0,0.1818181818181818,0.0,251.26089602180164
0.996,0.3034828405736561,0.3049425827155405,0.3062811897618694,0.0630445006572911,0.0,0.0,0.1818181818181818,0.0,254.27384797311558
1.0,0.3046260063434381,0.3056524157494966,0.2984261374748898,0.0986182397874256,0.0,0.0,0.1818181818181818,0.0,249.6024080705533
0.0,0.8762121000664878,0.8789933412608761,0.8825396766154969,0.0172196668893135,0.0,0.0,0.5454545454545454,0.0,696.0142881779568
0.004,0.8791776332461195,0.8820553403005579,0.8852547474917699,0.0192252157279392,0.0,0.0,0.5454545454545454,0.0,698.1964351708536
0.008,0.8829201342183585,0.879533603869562,0.8821329834671461,0.0155351363445092,0.0,0.0,0.5454545454545454,0.0,693.3190138044552
0.012,0.8859764141014027,0.8867899681094712,0.8826969971438563,0.0131028423262908,0.0,0.0,0.5454545454545454,0.0,696.6949035330213
0.016,0.8724953909814627,0.8694339754771081,0.876151837661236,0.0087666968368856,0.0,0.0,0.5454545454545454,0.0,688.1332445201227
0.02,0.8655671061418094,0.86839180386325,0.8682949547649074,0.0125116544223675,0.0,0.0,0.5454545454545454,0.0,685.7749220714063
0.024,0.8810011091984513,0.8852771129703371,0.8853906599492751,0.0210425284958901,0.2625,0.0,0.5454545454545454,0.0,699.5654917554914
0.028,0.8844613527124752,0.8837576486847796,0.8887378975295126,0.0140307828337146,0.0,0.0,0.5454545454545454,0.0,699.0646703207683
0.032,0.8795106951284068,0.8781182209473766,0.8872153109395796,0.0140350042338724,0.0,0.0,0.5454545454545454,0.0,696.8729065912692
0.036,0.8828414141716739,0.8784143246104158,0.865910591799336,0.0379632435012983,0.0,0.0,0.5454545454545454,0.0,683.1657063061492
0.04,0.860731647366807,0.8748477275472767,0.8660156371792442,0.015976464542829,0.0,0.0,0.5454545454545454,0.0,690.275295342498
0.044,0.8882068684706836,0.8930540306184966,0.8966795950964714,0.0212399748941819,0.0,0.0,0.5454545454545454,0.0,707.6907483588338
0.048,0.8991321382220899,0.8974189167736132,0.9009720449001812,0.0125999200620315,0.0,0.0,0.5454545454545454,0.0,708.2786241090873
0.052,0.9004799774957695,0.9124062504688,0.908414894014628,0.0215116795588867,0.0,0.0,0.5454545454545454,0.0,720.98438773927
0.056,0.916239351862295,0.9216896467643156,0.9278555050296804,0.0307429222949603,0.0,0.0,0.5454545454545454,0.0,731.3690961764705
0.06,0.9396063071752184,0.9377458374882915,0.9388689309483564,0.024269597034735,0.0,0.0,0.5454545454545454,0.0,737.6885908085976
0.064,0.9296659705772584,0.9246768950597928,0.9140856644849886,0.0204877981387846,0.0,0.0,0.5454545454545454,0.0,719.5100143341419
0.068,0.901737090764976,0.902208633638516,0.9107120189591148,0.0126311967995646,0.0,0.0,0.5454545454545454,0.0,715.7577746930821
0.072,0.9163560085116828,0.9134492783070762,0.9128386061446084,0.0112208653831947,0.0,0.0,0.5454545454545454,0.0,717.6267668161937
0.076,0.9046789987279116,0.9108354374800124,0.911644083820356,0.0128622225172938,0.0,0.0,0.5454545454545454,0.0,720.2101070439127
0.08,0.90982408971587,0.9055691491037338,0.9133504653175156,0.0096263274144825,0.0,0.0,0.5454545454545454,0.0,715.9530270304384
0.084,0.9113145134854126,0.9243936295780356,0.9237337282085636,0.0166248332307085,0.0,0.0,0.5454545454545454,0.0,732.6040688858819
0.088,0.922758171927594,0.9221660188254902,0.919638147615022,0.013738163050046,0.0,0.0,0.5454545454545454,0.0,724.1399465813049
0.092,0.9110294961701076,0.9084663260301604,0.906642870327535,0.015580804218944,0.0,0.0,0.5454545454545454,0.0,713.2389951909279
0.096,0.904678971687066,0.9121229846882788,0.9156345476224796,0.0118688503074234,0.0,0.0,0.5454545454545454,0.0,723.3164726083911
0.1,0.9128439040708288,0.9075778711702308,0.90680035920265,0.0168387814659809,0.0,0.0,0.5454545454545454,0.0,712.051981672578
0.104,0.8991968821363338,0.8940582476691975,0.8929516041245119,0.0197901158217886,0.0,0.0,0.5454545454545454,0.0,701.5516494795918
0.108,0.8875588512722351,0.8836676245753478,0.8901162232088013,0.0173641539038069,0.0,0.0,0.5454545454545454,0.0,698.5388266632609
0.112,0.8847076470389431,0.8821354217986362,0.8829491046785276,0.0192378799284127,0.0,0.0,0.5454545454545454,0.0,694.6058442958328
0.116,0.8906821609863707,0.897959651067669,0.9014708412462472,0.0127611007953309,0.0,0.0,0.5454545454545454,0.0,712.3954152900029
0.12,0.9028516097287616,0.897444569778782,0.8957606543138515,0.0118337359333832,0.0,0.0,0.5454545454545454,0.0,703.7001837792592
0.124,0.8901249228995893,0.894908139062093,0.9003813351228831,0.0115468726044753,0.0,0.0,0.5454545454545454,0.0,710.1755478255267
0.128,0.9039662714500996,0.9064834871770094,0.9122873378261936,0.0156707967950362,0.0,0.0,0.5454545454545454,0.0,718.2989548919537
0.132,0.9037976748845828,0.9026593185736268,0.9095306497806052,0.0105876553595184,0.0,0.0,0.5454545454545454,0.0,714.482606859999
0.136,0.9015686720875729,0.9079255354011936,0.9105545732685164,0.011439610664101,0.0,0.0,0.5454545454545454,0.0,719.1342424515716
0.14,0.9077893989375088,0.907577802258904,0.8937916758671405,0.0201727281815493,0.0,0.0,0.5454545454545454,0.0,706.5167230577272
0.144,0.8923540706195014,0.8870152861644445,0.8823583722596502,0.0466721839087517,0.0,0.0,0.5454545454545454,0.0,693.9820721629558
0.148,0.9793286943961534,0.9851928462735152,0.9799029621137848,0.0692255898974986,0.0,0.0,0.5454545454545454,0.0,773.4702898135067
0.152,0.9605755626989958,0.9610508708523632,0.9533870362964636,0.0312283833131121,0.0,0.0,0.5454545454545454,0.0,751.3612943864603
0.156,0.9596294989081372,0.9750210143670068,0.970582987175962,0.0250363568088594,0.0,0.0,0.5454545454545454,0.0,770.138589244315
0.16,0.980948686587516,0.983106972763286,0.976608135871624,0.0170513865284759,0.0,0.0,0.5454545454545454,0.0,769.647247765681
0.164,0.9725894994771592,0.9708879396570916,0.9732740160666734,0.0133933514098804,0.0,0.0,0.5454545454545454,0.0,763.8981870385204
0.168,0.9771124487437564,0.9726389404232428,0.9720793589392364,0.0120229314131846,0.0,0.0,0.5454545454545454,0.0,762.3647357448507
0.172,0.9631935491709328,0.9660724817682994,0.9708062463955848,0.0087630510822039,0.0,0.0,0.5454545454545454,0.0,763.4846690483047
0.176,0.9726932070442696,0.9706561909984068,0.978800315329283,0.0093218109576418,0.0,0.0,0.5454545454545454,0.0,766.9606835827058
0.18,0.9764774535927978,0.9966779652720044,0.988986600364604,0.0226597085199943,0.0,0.0,0.5454545454545454,0.0,786.8187089559193
0.184,1.0,0.998982869005392,0.996600171130532,0.0116240090982686,0.0,0.0,0.5454545454545454,0.0,782.9136372293647
0.188,0.9828019358261966,0.9891327886996444,0.9890916271059748,0.0102892791210891,0.0,0.0,0.5454545454545454,0.0,779.7838074445871
0.192,0.9909279672857528,1.0,1.0,0.0203807280802357,0.0,0.0,0.5454545454545454,0.0,789.2667619478573
0.196,0.9791861519066144,0.973681926275672,0.968154539041144,0.0264025554053973,0.0,0.0,0.5454545454545454,0.0,759.8194475903261
0.2,0.9688569828320408,0.9625572650545258,0.9587032924178072,0.01829171064758,0.0,0.0,0.5454545454545454,0.0,751.9503880587577
0.204,0.9435202294773878,0.940707216659306,0.9346027233663105,0.0175462497560702,0.0,0.0,0.5454545454545454,0.0,735.3329597487132
0.208,0.9398136133065892,0.9346555293207346,0.9373723685537813,0.0117477728756235,0.0,0.0,0.5454545454545454,0.0,734.900456184213
0.212,0.932711498253413,0.9493339341197028,0.9390526506581276,0.015079608891113,0.0,0.0,0.5454545454545454,0.0,747.5451998666852
0.216,0.952916174563547,0.9518832906671214,0.9597140641033582,0.0078811622128656,0.0,0.0,0.5454545454545454,0.0,752.8106902854107
0.22,0.9477062809597652,0.946720160647001,0.9568393679512934,0.0093022390114555,0.0,0.0,0.5454545454545454,0.0,750.2157041739302
0.224,0.9496502856707992,0.9457931476879194,0.9501447804126704,0.0106715077171991,0.0,0.0,0.5454545454545454,0.0,744.9332240449418
0.228,0.9388934277791552,0.944376704165618,0.9474668155034068,0.0090455011291286,0.0,0.0,0.5454545454545454,0.0,746.977783663096
0.232,0.9405523950836968,0.936767221687729,0.9403127904195316,0.0121204073804657,0.0,0.0,0.5454545454545454,0.0,737.5741504374502
0.236,0.915617203017284,0.9224235589680804,0.9224341527361644,0.0126584440187652,0.0,0.0,0.5454545454545454,0.0,728.8975491886805
0.24,0.928525439550161,0.9278957876841808,0.9385275497468744,0.009489323791178,0.0,0.0,0.5454545454545454,0.0,736.2409180119032
0.244,0.9448162070456494,0.9548189591575788,0.95405649485676,0.0166653202958587,0.0,0.0,0.5454545454545454,0.0,754.5895106855428
0.248,0.9500649857614518,0.9506858853006024,0.9530195034604952,0.0132580747230041,0.0,0.0,0.5454545454545454,0.0,749.3536743390353
0.252,0.9544454154025968,0.9617074586580052,0.9621950003672204,0.0198288759505106,0.0,0.0,0.5454545454545454,0.0,759.4647751880544
0.256,0.9563764766764352,0.9614370722839428,0.9640458638021115,0.0158208483824649,0.0,0.0,0.5454545454545454,0.0,759.5914185454786
0.26,0.9662779689626728,0.9606645839186468,0.9608561077023476,0.018659356224963,0.0,0.0,0.5454545454545454,0.0,753.1595802564541
0.264,0.9526958661039164,0.9495913600754344,0.957403739829248,0.0099191390799765,0.0,0.0,0.5454545454545454,0.0,750.1870085059064
0.268,0.9450234861600718,0.9501965642814524,0.951352349115832,0.010543330657861,0.0,0.0,0.5454545454545454,0.0,750.1754139048668
0.272,0.9563505008379488,0.9714415197743298,0.9621555836610683,0.0149282141309067,0.0,0.0,0.5454545454545454,0.0,764.4368624227137
0.276,0.9687014257282212,0.9808279056921412,0.9793646778386034,0.0173242424841328,0.0,0.0,0.5454545454545454,0.0,774.9882940987189
0.28,0.9855365529582932,0.983313000973868,0.980953124481265,0.0127543849314435,0.0,0.0,0.5454545454545454,0.0,770.4243209729304
0.284,0.9865215183022418,0.9903818427453412,0.9902074313802444,0.0157364203793081,0.0,0.0,0.5454545454545454,0.0,779.6416228669146
0.288,0.993869759763604,0.992982626957714,0.98473355315862,0.0401856188025768,0.0,0.0,0.5454545454545454,0.0,774.9236075436464
0.292,0.9886310102133932,0.987137525060562,0.9792150869317082,0.0171791798241633,0.2625,0.0,0.5454545454545454,0.0,770.5245838662453
0.296,0.9722903261952396,0.9676432888514586,0.9616133916850198,0.0155783097552144,0.0,0.0,0.5454545454545454,0.0,755.2610670625984
0.3,0.9570521062034736,0.9554160435516093,0.963531284676042,0.011655477717627,0.0,0.0,0.5454545454545454,0.0,755.4369099817158
0.304,0.9517997409336568,0.9498242089352826,0.9530490109842962,0.015038162416836,0.0,0.0,0.5454545454545454,0.0,748.1424142045936
0.308,0.9473254910768985,0.9435880954953644,0.9435913720860324,0.0133212038435464,0.0,0.0,0.5454545454545454,0.0,740.7457007065705
0.312,0.9456654062030384,0.942106387026296,0.9459557929992136,0.0124586950385692,0.0,0.0,0.5454545454545454,0.0,741.9404520185631
0.316,0.9372747575453776,0.9320436674245028,0.9290766368531788,0.0258520464484496,0.0,0.0,0.5454545454545454,0.0,729.5350445656703
0.32,0.9103515112862388,0.9048316564803603,0.9079283102274212,0.0338972676219951,0.0,0.0,0.5454545454545454,0.0,712.1182501682389
0.324,0.911765190481606,0.912459347976737,0.9183580057121148,0.0166196524214239,0.0,0.0,0.5454545454545454,0.0,722.1865527100427
0.328,0.9209081414741246,0.9166209875008268,0.9079020552749104,0.0257129321250662,0.0,0.0,0.5454545454545454,0.0,714.7358220131316
0.332,0.8892125333103981,0.8984282124315847,0.8820644512533871,0.0362672000469726,0.0,0.0,0.5454545454545454,0.0,701.9018357532188
0.336,0.9054623010637908,0.9005154390218753,0.9020830023774864,0.0178622791224323,0.0,0.0,0.5454545454545454,0.0,708.1580449268824
0.34,0.8999247120626288,0.9019971974288864,0.9047889435923784,0.0154209666584221,0.0,0.0,0.5454545454545454,0.0,712.920000561988
0.344,0.906188618380118,0.9198549788811156,0.9108706927399864,0.0191177619057395,0.0,0.0,0.5454545454545454,0.0,724.4979795333339
0.348,0.9225810916480016,0.9221226751772844,0.9004542181385503,0.0272974922388598,0.0,0.0,0.5454545454545454,0.0,712.9428913636236
0.352,0.8993540407490015,0.9023707748209668,0.9045656183462144,0.012468289129837,0.0,0.0,0.5454545454545454,0.0,713.2488868765663
0.356,0.8925714166223587,0.8967145001904571,0.8936499740849744,0.0116585478268327,0.0,0.0,0.5454545454545454,0.0,706.2973231231823
0.36,0.904606420069526,0.9074730875202844,0.9070220117913836,0.0143775132921337,0.0,0.0,0.5454545454545454,0.0,715.5441477836574
0.364,0.9052418839158228,0.9095216760315374,0.8996266865892004,0.0120177506039,0.0,0.0,0.5454545454545454,0.0,712.1614627790352
0.368,0.8916636061070521,0.9005669520830764,0.9025690156931404,0.0181875188164114,0.0,0.0,0.5454545454545454,0.0,714.1906733668815
0.372,0.9099625188607808,0.9201900137656552,0.9210376380099868,0.0117936326318837,0.0,0.0,0.5454545454545454,0.0,729.1004148685862
0.376,0.9291952171195712,0.926284333663444,0.932294838692238,0.0093895452419927,0.0,0.0,0.5454545454545454,0.0,731.3569092262117
0.38,0.9263550422299148,0.9289900199324748,0.9260948743761782,0.011475684447268,0.0,0.0,0.5454545454545454,0.0,730.5036645333544
0.384,0.927483329035524,0.931322110708348,0.938008777237914,0.0136276391186407,0.0,0.0,0.5454545454545454,0.0,738.4082584466298
0.388,0.930193776593247,0.9297760627620624,0.9354474266331572,0.0122754478953537,0.0,0.0,0.5454545454545454,0.0,734.865694467696
0.392,0.94697526231753,0.9485099119771164,0.9575938871563036,0.0164388997419381,0.0,0.0,0.5454545454545454,0.0,752.0290359600635
0.396,0.9507363099951424,0.9519243948811382,0.9543232197820892,0.0181134524318239,0.0,0.0,0.5454545454545454,0.0,750.5805767909582
0.4,0.953485624055438,0.9529034895053242,0.950369344038211,0.0461757856265546,0.0,0.0,0.5454545454545454,0.0,747.694470053323
0.404,0.8424731867631238,0.8521473747163549,0.8290755552606359,0.1644162446385819,0.0,0.0,0.5454545454545454,0.0,662.6526649346931
0.408,0.8494243679244232,0.8443264582197969,0.8230331714609914,0.1039986061704206,0.0,0.0,0.5454545454545454,0.0,651.6061243211319
0.412,0.8254191782152527,0.8242782753763598,0.8106988467153351,0.0580436765248512,0.0,0.0,0.5454545454545454,0.0,642.4244274725299
0.416,0.7891584832532643,0.8016145014636765,0.7973399761285572,0.0472081098469723,0.0,0.0,0.5454545454545454,0.0,636.1521186703952
0.42,0.794696174836818,0.8022458327734058,0.7980361262024688,0.0335140796167582,0.0,0.0,0.5454545454545454,0.0,634.6466696579316
0.424,0.7992870603205084,0.7942188288027578,0.7868183522277403,0.0400551391613344,0.0,0.0,0.5454545454545454,0.0,621.3959900663165
0.428,0.7741795467263097,0.7763481071212543,0.7647505940534857,0.0521782328873551,0.0,0.0,0.5454545454545454,0.0,608.2347750792362
0.432,0.7931140543145254,0.7929304415702624,0.7869628800274925,0.0316434237013582,0.0,0.0,0.5454545454545454,0.0,623.2758628752002
0.436,0.7891066712424284,0.7859213038515805,0.7886442697353739,0.0202402705840748,0.0,0.0,0.5454545454545454,0.0,621.7630189966175
0.44,0.7892752459587558,0.7851868562592007,0.7733807182665721,0.0417139575415409,0.0,0.0,0.5454545454545454,0.0,612.297495357507
0.444,0.7697443050107047,0.7705759570602054,0.7671150315022165,0.0349606766981205,0.0,0.0,0.5454545454545454,0.0,608.0371049301363
0.448,0.755115526151303,0.7654608143225663,0.7568693214029949,0.0344815477802055,0.0,0.0,0.5454545454545454,0.0,605.0497847562698
0.452,0.764517812197669,0.7628967604424894,0.7571319854828594,0.0263787620590531,0.0,0.0,0.5454545454545454,0.0,599.7893462372813
0.456,0.7419003600020205,0.75255058720241,0.7418685244565167,0.0436467831683565,0.0,0.0,0.5454545454545454,0.0,594.0548073158491
0.46,0.7446496819873184,0.7418178609110354,0.7385451385092456,0.0421963484504871,0.0,0.0,0.5454545454545454,0.0,584.5926861429047
0.464,0.7573331646767,0.7564931714519392,0.7413035755630891,0.0342491788896988,0.0,0.0,0.5454545454545454,0.0,589.6763728537276
0.468,0.7378800684263604,0.7454126302654946,0.7393464291417704,0.0351118795765014,0.0,0.0,0.5454545454545454,0.0,590.0048162648602
0.472,0.7511341235992861,0.7693519551540134,0.7600612714461206,0.039913338492396,0.0,0.0,0.5454545454545454,0.0,610.8813046075466
0.476,0.7839190920856005,0.7955716564840961,0.787212381316115,0.0430949310386313,0.0,0.0,0.5454545454545454,0.0,628.7975300725061
0.48,0.8016733720122222,0.7972595617262268,0.8047221655408391,0.0239000326390984,0.0,0.0,0.5454545454545454,0.0,632.7222763433818
0.484,0.7995854431190896,0.809744604608605,0.8098056471728503,0.0158864719667369,0.0,0.0,0.5454545454545454,0.0,643.9872833173974
0.488,0.8040855107434961,0.8062271252547789,0.8127742447659081,0.0197177763736292,0.0,0.0,0.5454545454545454,0.0,641.7738483537212
0.492,0.8077038787173355,0.8095126742461997,0.8131814783318293,0.017052537819428,0.0,0.0,0.5454545454545454,0.0,642.4665186329408
0.496,0.8103883285008037,0.8107753101688094,0.8124983894868034,0.0160804644921722,0.0,0.0,0.5454545454545454,0.0,641.7044261977613
0.5,0.8513567446927438,0.8458854686652423,0.842053495533226,0.0520396942094478,0.0,0.0,0.5454545454545454,0.0,662.9096351632746
0.504,0.8357941748410502,0.8440687384008835,0.8451271949285318,0.03540987205128,0.0,0.0,0.5454545454545454,0.0,670.0857532971625
0.508,0.842719518953438,0.8466714117363572,0.848647510411023,0.0199693334466715,0.0,0.0,0.5454545454545454,0.0,670.8333885021509
0.512,0.8354959766650553,0.8309137597698373,0.8332395778063176,0.0196548391349123,0.0,0.0,0.5454545454545454,0.0,655.4297424377614
0.516,0.8175730759646626,0.8180679490379209,0.8201827508150532,0.0271647100157132,0.0,0.0,0.5454545454545454,0.0,647.5636052708877
0.52,0.8089358058432897,0.8190600423880958,0.8167674213476237,0.0197692007028247,0.0,0.0,0.5454545454545454,0.0,649.7303947465285
0.524,0.8173785607976229,0.8908521599172942,0.8138908091574708,0.0216116499898974,0.0,0.0,0.5454545454545454,0.0,687.1876396282987
0.528,0.812744349750052,0.8168086133676654,0.8146932984348225,0.024551663318009,0.2625,0.0,0.5454545454545454,0.0,645.7285508900081
0.532,0.8098888883545988,0.8291103696258164,0.82060913445878,0.0221723286835889,0.0,0.0,0.5454545454545454,0.0,657.5579328009093
0.536,0.8256068278035056,0.8274211178705444,0.8284968873837647,0.024646452939735,0.0,0.0,0.5454545454545454,0.0,654.6692445842082
0.54,0.8274499136734419,0.8394520847288583,0.838041064743915,0.0335915998742022,0.0,0.0,0.5454545454545454,0.0,666.6462825364904
0.544,0.8396374802291247,0.8400194965423823,0.8403022180675578,0.090612738151729,0.0,0.0,0.5454545454545454,0.0,663.240751996992
0.548,0.8334464118513892,0.8433464349645895,0.8382908993305004,0.0247633089713771,0.0,0.0,0.5454545454545454,0.0,666.625569468106
0.552,0.8313696085740753,0.8335719835240343,0.8403942099805485,0.0110003931658601,0.0,0.0,0.5454545454545454,0.0,662.9188415079431
0.556,0.8345885833163661,0.8363831174924163,0.8455870540953933,0.005513916133443,0.0,0.0,0.5454545454545454,0.0,666.3028865119614
0.56,0.8417661381763524,0.8373760766817409,0.8444301982858303,0.0084042320687873,0.0,0.0,0.5454545454545454,0.0,663.2402286111034
0.5640000000000001,0.8287218843123216,0.8261574229354561,0.8353197958692765,0.0110381938854553,0.0,0.0,0.5454545454545454,0.0,656.6360187112828
0.5680000000000001,0.8296044503256921,0.8415926125251695,0.8398552601169937,0.0123449091161328,0.0,0.0,0.5454545454545454,0.0,668.0981072968385
0.5720000000000001,0.8374699135056672,0.8322824909476633,0.841958622541104,0.0099519508721124,0.0,0.0,0.5454545454545454,0.0,660.5448191058141
0.5760000000000001,0.8348480885008263,0.8314959442235909,0.8210034701946591,0.0210544251690622,0.0,0.0,0.5454545454545454,0.0,648.8698640108919
0.58,0.8196363810046347,0.8316893570835563,0.8265906762432408,0.0181516369150698,0.0,0.0,0.5454545454545454,0.0,658.5638046555588
0.584,0.8307466614314116,0.8329530871307091,0.8320463881663192,0.0159655272787837,0.0,0.0,0.5454545454545454,0.0,657.9129843465236
0.588,0.8256457755924713,0.8247389981087361,0.8227256215579017,0.0193654813422747,0.0,0.0,0.5454545454545454,0.0,649.6794204635967
0.592,0.8129779427433921,0.8092005397986296,0.8107756258990817,0.0175913419850289,0.0,0.0,0.5454545454545454,0.0,638.6896734290231
0.596,0.8124068574465986,0.81932312605305,0.8201489409316768,0.0170410249099066,0.0,0.0,0.5454545454545454,0.0,650.4364094484325
0.6,0.8216092062555319,0.8180593333584121,0.8180192147270471,0.0231089038731538,0.0,0.0,0.5454545454545454,0.0,644.6228867320718
0.604,0.8082924366304567,0.8029723537776957,0.7954996659481217,0.0293128270505787,0.0,0.0,0.5454545454545454,0.0,627.9683064971433
0.608,0.787823981317546,0.7851515149212799,0.7832999389784034,0.0245109843710334,0.0,0.0,0.5454545454545454,0.0,618.7087105595275
0.612,0.7774145293083314,0.7796324417495177,0.7825242732015507,0.0198064257769439,0.0,0.0,0.5454545454545454,0.0,619.2893351687258
0.616,0.7848127895189472,0.7859639261518787,0.7902149203821369,0.0273596619502753,0.0,0.0,0.5454545454545454,0.0,624.4934379342118
0.62,0.7636564828960765,0.7631656702701323,0.7638171552645017,0.0238234717907812,0.0,0.0,0.5454545454545454,0.0,604.234904169674
0.624,0.7621768115262512,0.772024481843351,0.7639223398816464,0.0225284613514505,0.0,0.0,0.5454545454545454,0.0,610.1719689733122
0.628,0.7915230637925748,0.8265700694686301,0.7987205070571332,0.0357683073010458,0.0,0.0,0.5454545454545454,0.0,650.8184589790485
0.632,0.8115372555265574,0.8342038533542567,0.8222523856738376,0.0384604093107969,0.0,0.0,0.5454545454545454,0.0,660.8627593383935
0.636,0.8379631329260789,0.8455385281370703,0.8443906510995103,0.0260450795647582,0.0,0.0,0.5454545454545454,0.0,669.6375053449508
0.64,0.8502416559249978,0.8475243645230999,0.8488209855611598,0.0202310602564577,0.0,0.0,0.5454545454545454,0.0,668.3316139135665
0.644,0.8501247730195424,0.848633276789889,0.8507140195397517,0.0440478161833515,0.0,0.0,0.5454545454545454,0.0,670.1405292831977
0.648,0.9318037379122583,0.9341525660297986,0.9117785382619152,0.1095626034602817,0.0,0.0,0.5454545454545454,0.0,722.8931234758256
0.652,0.9189152928985336,0.9188978517683164,0.9131458283016708,0.0402773383150972,0.0,0.0,0.5454545454545454,0.0,719.9980374849996
0.656,0.9021718849488694,0.9048810211905416,0.8999074779892776,0.0222799743876139,0.0,0.0,0.5454545454545454,0.0,710.8505060568957
0.66,0.8927878368776292,0.8993361972677946,0.8774141129104944,0.0211200487533341,0.0,0.0,0.5454545454545454,0.0,698.2526238916575
0.664,0.8672964604107277,0.8630112217443627,0.8525020266170843,0.027110791222788,0.0,0.0,0.5454545454545454,0.0,672.6232739567799
0.668,0.8359514198067677,0.85355921400955,0.8341497935138619,0.0275885769679256,0.0,0.0,0.5454545454545454,0.0,669.2294996741765
0.672,0.8384303877440834,0.8412960594668678,0.8249473453271732,0.0295601627234631,0.0,0.0,0.5454545454545454,0.0,655.5211067645962
0.676,0.8354321560233819,0.8558931356176664,0.8410910108339735,0.0231862322487724,0.0,0.0,0.5454545454545454,0.0,674.9037398490393
0.68,0.8541483265305477,0.8524631070874207,0.8555649924621455,0.0147785463071287,0.0,0.0,0.5454545454545454,0.0,673.6058298475829
0.684,0.8494758414054187,0.8506836425047645,0.8388823996540008,0.0222005353119163,0.0,0.0,0.5454545454545454,0.0,664.697676552937
0.6880000000000001,0.8442451628764638,0.8464670026516306,0.8233435942300706,0.0234214793666594,0.0,0.0,0.5454545454545454,0.0,655.2461929898211
0.6920000000000001,0.8119655038820247,0.814784059477443,0.809263838841914,0.0183870759147822,0.0,0.0,0.5454545454545454,0.0,641.5429069791612
0.6960000000000001,0.8046971294505829,0.8033978243705774,0.801678429347879,0.019036212129963,0.0,0.0,0.5454545454545454,0.0,633.3417765485077
0.7000000000000001,0.797298898719101,0.806492648628943,0.8008239754275652,0.0228249187716262,0.0,0.0,0.5454545454545454,0.0,637.7421777763284
0.704,0.8034900565246974,0.8093166336854357,0.812090259000843,0.0139724507588062,0.0,0.0,0.5454545454545454,0.0,643.4659331834523
0.708,0.8049437736020578,0.8301548662224031,0.8147985086639014,0.0219313251109412,0.0,0.0,0.5454545454545454,0.0,656.8266211011711
0.712,0.8216221875536385,0.8228692691063473,0.8111438021398019,0.0112289244198596,0.0,0.0,0.5454545454545454,0.0,643.4512692948263
0.716,0.7963644292774663,0.8014765015026614,0.8019150639037751,0.0141641407023373,0.0,0.0,0.5454545454545454,0.0,635.7935687657748
0.72,0.8086298924254124,0.8179433442769974,0.8192155927472747,0.0164573203971723,0.0,0.0,0.5454545454545454,0.0,650.6396058642079
0.724,0.8190393072443074,0.827124579628041,0.8262620233919291,0.0151275793474521,0.0,0.0,0.5454545454545454,0.0,655.9144497717383
0.728,0.8098239511973022,0.8122179684844201,0.8139307432899815,0.0248469694472325,0.0,0.0,0.5454545454545454,0.0,643.642153550404
0.732,0.8016599302614847,0.8257576907532937,0.8091718270606453,0.0135510782703235,0.0,0.0,0.5454545454545454,0.0,652.2791699155855
0.736,0.8161059608226326,0.8245971384632447,0.8148773731316006,0.0182477697095734,0.0,0.0,0.5454545454545454,0.0,648.9507212559677
0.74,0.8286569801662977,0.8423018932298102,0.8396317114348972,0.0154583836143666,0.0,0.0,0.5454545454545454,0.0,668.787158374225
0.744,0.8338097893620194,0.8396326822008339,0.8299561174912858,0.0203154882596145,0.0,0.0,0.5454545454545454,0.0,659.3911371843378
0.748,0.8155998082448999,0.8122566493737453,0.8112883645355825,0.0199662633374658,0.0,0.0,0.5454545454545454,0.0,639.7255552979402
0.752,0.7985708843211399,0.8100387142994772,0.7990228978598506,0.0206000490066181,0.0,0.0,0.5454545454545454,0.0,638.2682990625707
0.756,0.8229460838499794,0.8262219015954751,0.8282339496882986,0.0136339712188774,0.0,0.0,0.5454545454545454,0.0,654.9184746233881
0.76,0.8245036256632975,0.8247003134083045,0.8273925739946392,0.0119413816374082,0.0,0.0,0.5454545454545454,0.0,652.876865314917
0.764,0.8167030504592421,0.8174533797151139,0.812327002486927,0.0170076374722946,0.0,0.0,0.5454545454545454,0.0,642.9661603321684
0.768,0.7844363641175716,0.7860798832802866,0.7763717926943717,0.0310919553352837,0.0,0.0,0.5454545454545454,0.0,616.604705058035
0.772,0.7956649419418161,0.7939761091065003,0.7948863620490229,0.0237568887973825,0.2625,0.0,0.5454545454545454,0.0,627.6359089025746
0.776,0.7904557595951188,0.796299170391494,0.7930443547973275,0.0145732327539973,0.0,0.0,0.5454545454545454,0.0,629.9658158004327
0.78,0.7753219352106262,0.7783599005172739,0.7837156244324721,0.0172164048982824,0.0,0.0,0.5454545454545454,0.0,620.1072889636434
0.784,0.7698789343138465,0.7659055948808008,0.7674660961017163,0.0201356949892555,0.0,0.0,0.5454545454545454,0.0,605.433426730817
0.788,0.7586811744535106,0.7542386141076255,0.747716617470425,0.0354233037790549,0.0,0.0,0.5454545454545454,0.0,591.5538136588148
0.792,0.7616169491072574,0.7602786049573582,0.763189895982334,0.0208846097536218,0.0,0.0,0.5454545454545454,0.0,603.0056142550793
0.796,0.7529263362025519,0.750418414618346,0.7526506945312509,0.0153232988093157,0.0,0.0,0.5454545454545454,0.0,594.5698907172666
0.8,0.7524586991023872,0.753864290170618,0.755808535973077,0.0188640941326183,0.0,0.0,0.5454545454545454,0.0,598.6612647122091
0.804,0.7313492210508696,0.7271876442246638,0.6899549898887924,0.0633712754058732,0.0,0.0,0.5454545454545454,0.0,552.9220288106472
0.808,0.6762826928155035,0.6763380375208548,0.6595742777049904,0.0525355168461689,0.0,0.0,0.5454545454545454,0.0,527.7149678382591
0.812,0.6714502842056631,0.6711111299366507,0.6704686780955272,0.038455612265163,0.0,0.0,0.5454545454545454,0.0,533.0067420065078
0.8160000000000001,0.6891172618138184,0.715172176688584,0.6944549259894812,0.0578416249627509,0.0,0.0,0.5454545454545454,0.0,565.9202962306439
0.8200000000000001,0.7282834943443642,0.739512842762493,0.7300460524601231,0.0400154196234856,0.0,0.0,0.5454545454545454,0.0,585.0347281761627
0.8240000000000001,0.7099799181812375,0.7213799516262431,0.7114676140583396,0.0206553109723208,0.0,0.0,0.5454545454545454,0.0,570.9572428223219
0.8280000000000001,0.7251138218531327,0.7269165902121968,0.7276513707563997,0.0129746652669527,0.0,0.0,0.5454545454545454,0.0,577.4715703579228
0.8320000000000001,0.7183457698851504,0.717159669797725,0.7181253254934575,0.0130995803352597,0.0,0.0,0.5454545454545454,0.0,568.8929788827538
0.836,0.7618897770593881,0.7877812527558927,0.7537427927400753,0.0561881792736543,0.0,0.0,0.5454545454545454,0.0,613.6768065157171
0.84,0.7891307085239163,0.7975252545833128,0.7947548187836317,0.0311980659847058,0.0,0.0,0.5454545454545454,0.0,632.2429163404041
0.844,0.7988735445476937,0.798919122863058,0.7965047939338996,0.0202260713289984,0.0,0.0,0.5454545454545454,0.0,630.0656063258963
0.848,0.7924173299338904,0.7942987586953014,0.796596906342571,0.0130191818504354,0.0,0.0,0.5454545454545454,0.0,630.052362715878
0.852,0.8102401865754338,0.8346428758824959,0.8162937034219108,0.0289052700535215,0.0,0.0,0.5454545454545454,0.0,658.1791669965583
0.856,0.8411315100527771,0.8504397871467002,0.8489901552887528,0.0234070882297577,0.0,0.0,0.5454545454545454,0.0,673.9444147242467
0.86,0.8528099101472938,0.8492524587160363,0.8536348050428205,0.0130305028781314,0.0,0.0,0.5454545454545454,0.0,671.1296941235562
0.864,0.8562003980545917,0.8672434029384628,0.8633450751231054,0.0259608434434268,0.0,0.0,0.5454545454545454,0.0,686.1017603993382
0.868,0.8597857743973262,0.8567379134218484,0.8539637435135423,0.0187662344016865,0.0,0.0,0.5454545454545454,0.0,672.8774480537769
0.872,0.8463276892654583,0.8474714266841041,0.8530822108980364,0.0113329243692028,0.0,0.0,0.5454545454545454,0.0,672.4339402070643
0.876,0.8506924607751339,0.8502849216458255,0.8562663128085943,0.0123988279090579,0.0,0.0,0.5454545454545454,0.0,674.1643107362318
0.88,0.8368446780597956,0.8389018347002964,0.8342932069029344,0.0171026189758461,0.0,0.0,0.5454545454545454,0.0,660.2506921880982
0.884,0.8324539002820877,0.8532403635213699,0.835332703867051,0.0203287281055641,0.0,0.0,0.5454545454545454,0.0,671.194693879916
0.888,0.8463276892654583,0.8556021805675185,0.8577005198761284,0.0192866179120532,0.0,0.0,0.5454545454545454,0.0,679.9697475650131
0.892,0.8505365817417457,0.8500267862204101,0.8508454132356799,0.0150682878634169,0.0,0.0,0.5454545454545454,0.0,670.8959972174425
0.896,0.8436126507403753,0.8449547441370808,0.8484507315319564,0.0310725752709227,0.0,0.0,0.5454545454545454,0.0,669.3413774666359
0.9,0.7791930633521049,0.7760367604604078,0.764492479477233,0.0959622115608415,0.0,0.0,0.5454545454545454,0.0,605.8266670392577
0.904,0.7731784795704342,0.7734943195111534,0.7725317164279334,0.035786152310804,0.0,0.0,0.5454545454545454,0.0,611.5446737022536
0.908,0.7644099271490346,0.7671961932360054,0.768110802655172,0.025808105510443,0.0,0.0,0.5454545454545454,0.0,608.8468738934711
0.912,0.7713857913990669,0.7676478711515781,0.7649661316013338,0.0276643702889414,0.0,0.0,0.5454545454545454,0.0,604.3807987829435
0.916,0.7554594894262145,0.7748752692038471,0.7619925149768504,0.0329299913403732,0.0,0.0,0.5454545454545454,0.0,613.5249107130019
0.92,0.7732174096850799,0.7813669379691525,0.7823077581409139,0.0183314301854288,0.0,0.0,0.5454545454545454,0.0,621.9451323020339
0.924,0.7738410051060354,0.7707711758869212,0.7724659447952379,0.020729185475083,0.0,0.0,0.5454545454545454,0.0,609.6205117735773
0.928,0.7600321525053428,0.755464619527572,0.7619662545081184,0.0253028806642795,0.0,0.0,0.5454545454545454,0.0,600.0894434706053
0.932,0.7473664656744322,0.7539675600951585,0.7547558686209724,0.0164974236986718,0.0,0.0,0.5454545454545454,0.0,600.221166032056
0.936,0.7525756480211296,0.7748107550404613,0.7600978261732034,0.0227965202614735,0.0,0.0,0.5454545454545454,0.0,613.574448000217
0.94,0.7748802250910911,0.7797536900251467,0.7842287877205365,0.0151534833938752,0.0,0.0,0.5454545454545454,0.0,621.4268294315942
0.944,0.7722691323507345,0.7764885171478527,0.7767421449146202,0.0201834735637693,0.0,0.0,0.5454545454545454,0.0,616.1765307715282
0.948,0.7659297873682711,0.7692482792804045,0.7693476145173754,0.0211424989269008,0.0,0.0,0.5454545454545454,0.0,610.1649908811079
0.952,0.7656829656841726,0.7671058418985164,0.7652161280513721,0.0172616890090666,0.0,0.0,0.5454545454545454,0.0,606.5731976596943
0.956,0.75508279497676,0.759452603104778,0.761610975261421,0.0164554015789187,0.0,0.0,0.5454545454545454,0.0,604.3043360337788
0.96,0.7540955082403662,0.7615175289643564,0.7576637136127602,0.0205739530783697,0.0,0.0,0.5454545454545454,0.0,603.6234511241249
0.964,0.7643319876323404,0.7682415747528463,0.7736369850247458,0.0171440654501231,0.0,0.0,0.5454545454545454,0.0,612.7466941794603
0.968,0.7656440355695269,0.7678027366524529,0.7714659589950847,0.0181909726892679,0.0,0.0,0.5454545454545454,0.0,610.6690775931055
0.972,0.7663065611051281,0.7988158529385174,0.7763342644232151,0.0391241285447049,0.0,0.0,0.5454545454545454,0.0,631.6631958337447
0.976,0.8054077779655935,0.8046235455369379,0.8030572225723583,0.0268989536875945,0.0,0.0,0.5454545454545454,0.0,634.5935230219621
0.98,0.7976135091465716,0.7936534595176991,0.7952153005197447,0.0327208401507346,0.0,0.0,0.5454545454545454,0.0,626.7051030041647
0.984,0.7935865019717047,0.7952667074617048,0.7638741136997532,0.050627827738475,0.0,0.0,0.5454545454545454,0.0,610.9438526940829
0.988,0.7583044007166536,0.7605883359591078,0.7601241669491792,0.0297380371755686,0.0,0.0,0.5454545454545454,0.0,602.7690883213792
0.992,0.7579926426498771,0.7802957980500808,0.7648477587239305,0.0388871544903896,0.0,0.0,0.5454545454545454,0.0,617.3709822745607
0.996,0.7848438765309348,0.8038492180325642,0.7940048294335169,0.0359112592609364,0.0,0.0,0.5454545454545454,0.0,637.3400968665821
1.0,0.7845711278662066,0.7866067641404081,0.7420062102835085,0.0512439833055136,0.0,0.0,0.5454545454545454,0.0,596.7096989469263
0.0,0.1595364134939764,0.1594140662499448,0.1609719027951629,0.2901872977685487,0.0,0.0,0.8181818181818182,0.0,142.23302570473467
0.004,0.1604185472179412,0.1616436804871951,0.1615369048323722,0.3499168480109817,0.0,0.0,0.8181818181818182,0.0,143.50198101919352
0.008,0.1597699333473345,0.1607286289016261,0.160998195432174,0.2938248015318309,0.0,0.0,0.8181818181818182,0.0,142.93156219643885
0.012,0.1622736185218193,0.1616437605139687,0.1614578504846373,0.3164900746247606,0.005,0.0,0.8181818181818182,0.0,142.70213038129674
0.016,0.158848706029143,0.1616566455287015,0.1614315881159712,0.3062646921515152,0.0,0.0,0.8181818181818182,0.0,144.11441513290347
0.02,0.1595103079888627,0.159826413363613,0.160117561823376,0.341677634312001,0.0,0.0,0.8181818181818182,0.0,141.9700371425463
0.024,0.1606390092081483,0.1631775159989024,0.1632054806716173,0.3461160528143211,0.0,0.0,0.8181818181818182,0.0,145.30255090592402
0.028,0.1621179359687144,0.1619401869384202,0.1639675914438657,0.2616387360283647,0.0,0.0,0.8181818181818182,0.0,144.43257412528655
0.032,0.1614952206710941,0.1624944076410494,0.1631003553151396,0.3045935933344859,0.0,0.0,0.8181818181818182,0.0,144.4957908870789
0.036,0.1633633582794705,0.1632032946428059,0.1624827701345254,0.4609045577881858,0.0,0.0,0.8181818181818182,0.0,143.7247218690818
0.04,0.1595362950653722,0.1613731027776561,0.1616681119565868,0.2908065004189739,0.0,0.0,0.8181818181818182,0.0,143.80652125449728
0.044,0.16350606498193,0.1654717399794727,0.1662276897818887,0.3546210228414205,0.0,0.0,0.8181818181818182,0.0,147.247951899472
0.048,0.168319134270382,0.173836584725311,0.1711683517480892,0.5111589834945172,0.0,0.0,0.8181818181818182,0.0,153.06417049594722
0.052,0.1770240978447274,0.1767623297013322,0.177396714911115,0.374921352436832,0.0,0.0,0.8181818181818182,0.0,154.89826914210332
0.056,0.1771019530912156,0.1793272307819192,0.1790523718732831,0.4998149299794436,0.0,0.0,0.8181818181818182,0.0,157.31572088094
0.06,0.1801636202971455,0.1792627812033255,0.1799721890082772,0.368079997835573,0.0,0.0,0.8181818181818182,0.0,156.59629456100154
0.064,0.1774262842597948,0.1773810087184597,0.1740985938970166,0.4036995967219676,0.0,0.0,0.8181818181818182,0.0,153.155002697143
0.068,0.1731321551424586,0.1778965597358013,0.1760433005817112,0.3232636949416688,0.0,0.0,0.8181818181818182,0.0,156.40961945629152
0.072,0.1801246960447902,0.1822529701713229,0.1823505262674726,0.2704808424226154,0.0,0.0,0.8181818181818182,0.0,159.819013617468
0.076,0.1799041567583919,0.1801005423396028,0.1817854964567879,0.2636170376477897,0.0,0.0,0.8181818181818182,0.0,158.3031611995909
0.08,0.1813701395087477,0.1812734377044839,0.1831652127846542,0.2597678882311393,0.0,0.0,0.8181818181818182,0.0,159.2033286538223
0.084,0.1838220490571172,0.1866867181388075,0.1868049900163886,0.3471190191154593,0.0,0.0,0.8181818181818182,0.0,163.50641472479586
0.088,0.1878437461919262,0.1867898380001078,0.1873962946510677,0.3165094546891216,0.0,0.0,0.8181818181818182,0.0,162.25978169138696
0.092,0.1870653576028462,0.1911591557149965,0.1898403519722763,0.3662628769494473,0.0,0.0,0.8181818181818182,0.0,166.5931051761574
0.096,0.1892059207741032,0.1880658455803948,0.1879350486273498,0.2575474317481144,0.0,0.0,0.8181818181818182,0.0,162.7909935367893
0.1,0.1967563135561939,0.1969720020437065,0.1973695849249051,0.4372478313036393,0.0,0.0,0.8181818181818182,0.0,170.42214584125114
0.104,0.1965876640163629,0.1961342447738169,0.1969753877768683,0.2994845478525449,0.0,0.0,0.8181818181818182,0.0,169.8129813375943
0.108,0.1978330986819749,0.1992404562007586,0.1995114272596663,0.3033406050149082,0.0,0.0,0.8181818181818182,0.0,172.62822335419395
0.112,0.1999347572614485,0.1993564622126587,0.2000764506803218,0.2757389800828583,0.0,0.0,0.8181818181818182,0.0,172.16806761860087
0.116,0.1987801303156776,0.1982351257903395,0.1997348012760591,0.2309723745817215,0.0,0.0,0.8181818181818182,0.0,171.79622047965807
0.12,0.196950925228199,0.1956702605116036,0.1912989153420597,0.3652670102758473,0.0,0.0,0.8181818181818182,0.0,166.0347516516112
0.124,0.1946027621974979,0.1955026771637508,0.1957533653749393,0.2903715043208908,0.0,0.0,0.8181818181818182,0.0,169.5474934473864
0.128,0.1983779596901329,0.198815113095589,0.2001290008582043,0.2422137713202294,0.0,0.0,0.8181818181818182,0.0,172.53497240944338
0.132,0.1998958196735608,0.1999622185894016,0.2023102535142841,0.2294194749691118,0.0,0.0,0.8181818181818182,0.0,173.87164534401933
0.136,0.2004277107561806,0.2029008535810655,0.2036373763393392,0.263395414139503,0.0,0.0,0.8181818181818182,0.0,176.16305831028365
0.14,0.205539180590385,0.2059684364978093,0.2050171223575915,0.2903624858750991,0.0,0.0,0.8181818181818182,0.0,176.66749123246709
0.144,0.2036580303003952,0.2066257341502043,0.2063573669701296,0.3291891975905015,0.0,0.0,0.8181818181818182,0.0,178.60935127650626
0.148,0.2119478838869385,0.2110208247272744,0.2062128249762645,0.4200897584802652,0.0,0.0,0.8181818181818182,0.0,177.66873124735736
0.152,0.2005185297842522,0.2023079766430498,0.1995902595576017,0.3871697449948105,0.0,0.0,0.8181818181818182,0.0,173.3558450062195
0.156,0.2019066765504464,0.207025296831868,0.2043601079938393,0.2790358936061329,0.0,0.0,0.8181818181818182,0.0,178.41933406636448
0.16,0.2076926858868626,0.2071026132404152,0.2061734063956959,0.2948335242877298,0.0,0.0,0.8181818181818182,0.0,177.1265398934631
0.164,0.2034245242160195,0.2066386173681687,0.2066333180657928,0.2579628559000111,0.0,0.0,0.8181818181818182,0.0,178.902085045442
0.168,0.2102224657157058,0.2117683743728507,0.2099840253850437,0.2861428126536853,0.0,0.0,0.8181818181818182,0.0,181.0883159718034
0.172,0.2101965185708474,0.2110208253838016,0.2120864241315375,0.2314916068011361,0.0,0.0,0.8181818181818182,0.0,181.9079285638988
0.176,0.2108451613984061,0.2117167971688715,0.2118893159032084,0.2601328474629673,0.0,0.0,0.8181818181818182,0.0,181.9268929243813
0.18,0.212025742148232,0.212541698328587,0.2108512793631227,0.2738763832041233,0.0,0.0,0.8181818181818182,0.0,181.31426483244616
0.184,0.2115846222599282,0.211884358629715,0.2107067211493384,0.3398568676711935,0.0,0.0,0.8181818181818182,0.0,180.9981903787222
0.188,0.2078613191814673,0.2106599148282611,0.2108512521776564,0.243306346433809,0.0,0.0,0.8181818181818182,0.0,181.93288106459994
0.192,0.210624632875175,0.209216376542741,0.2089853717675482,0.2952069263198735,0.0,0.0,0.8181818181818182,0.0,178.81802132283764
0.196,0.2089640488756834,0.210556804463342,0.212336065196513,0.2480151264280564,0.0,0.0,0.8181818181818182,0.0,182.28434530088055
0.2,0.2113381353269507,0.2099897074522052,0.2056346723395698,0.3501369364646656,0.0,0.0,0.8181818181818182,0.0,176.99723302044364
0.204,0.2019196234475277,0.2016119781568043,0.1968439856562251,0.4075355062926685,0.0,0.0,0.8181818181818182,0.0,170.74637019091335
0.208,0.2015044802115712,0.2027719516112482,0.2034271249851019,0.263428801577115,0.0,0.0,0.8181818181818182,0.0,175.52030520707322
0.212,0.1985985103136639,0.2049501923304285,0.1999976016243575,0.3262672211539734,0.0,0.0,0.8181818181818182,0.0,175.98399320747745
0.216,0.206045109895955,0.2092292821429899,0.207053808827487,0.3075077026161743,0.0,0.0,0.8181818181818182,0.0,179.586402587487
0.22,0.2082635078930349,0.209847936966171,0.2099971615924993,0.3183977637324545,0.0,0.0,0.8181818181818182,0.0,180.75745426614023
0.224,0.2107543377401892,0.209976816799161,0.2103782177019667,0.4466337307909502,0.0,0.0,0.8181818181818182,0.0,179.97974805649605
0.228,0.2092494918958692,0.2125288238935953,0.206843570901961,0.5354153406833027,0.0,0.0,0.8181818181818182,0.0,180.01407254991446
0.232,0.2057337311715456,0.204383058840985,0.2025598829216766,0.4614834652552863,0.0,0.0,0.8181818181818182,0.0,174.14652868507704
0.236,0.1952125027335239,0.1969462380487524,0.1947678625439612,0.4382791961149302,0.0,0.0,0.8181818181818182,0.0,169.52602335014043
0.24,0.1965876764153324,0.1969849238685255,0.1969491345348515,0.3102172658720328,0.0,0.0,0.8181818181818182,0.0,170.30494366119277
0.244,0.1959519968753078,0.1962760280642541,0.1976455480976153,0.2665549402758224,0.0,0.0,0.8181818181818182,0.0,170.57152799000917
0.248,0.1926568115235689,0.1926285011557925,0.190628783107969,0.4253780215870891,0.0,0.0,0.8181818181818182,0.0,165.59770454191002
0.252,0.192034074090853,0.195116022152966,0.1949386832312188,0.3089589048613452,0.0,0.0,0.8181818181818182,0.0,169.90294905891997
0.256,0.1940319249864222,0.1951417771929882,0.1941371317648788,0.2970225121513962,0.0,0.0,0.8181818181818182,0.0,168.62506627541043
0.26,0.2038266856563051,0.2058523950565189,0.2056083930468003,0.4300035248691317,0.0,0.0,0.8181818181818182,0.0,177.6096767437778
0.264,0.2077836886732312,0.2071415213900322,0.2069486297806829,0.284762990447547,0.005,0.0,0.8181818181818182,0.0,177.57728556841073
0.268,0.2053056539199366,0.2049760528017809,0.2069091743511505,0.2343972732825089,0.0,0.0,0.8181818181818182,0.0,177.3102006875524
0.272,0.2025811300281214,0.2052982944644756,0.2043598632682676,0.2769002488899156,0.0,0.0,0.8181818181818182,0.0,177.11988698666346
0.276,0.2043066692823095,0.2035582063526503,0.2041890549114023,0.2647660260180242,0.0,0.0,0.8181818181818182,0.0,175.27594758709026
0.28,0.1986500442625516,0.1980156950690714,0.1963440049638631,0.4012055167559844,0.0,0.0,0.8181818181818182,0.0,169.67700501510762
0.284,0.2003885561476719,0.2030426430133532,0.2023230772454308,0.3626746868152816,0.0,0.0,0.8181818181818182,0.0,175.46341393990926
0.288,0.2027108737711496,0.204305790917596,0.2052402897945526,0.4498251093102788,0.0,0.0,0.8181818181818182,0.0,176.93144257086166
0.292,0.2021011059709282,0.2126453343587147,0.2046226988286552,0.5121001638478906,0.0,0.0,0.8181818181818182,0.0,181.75296388955474
0.296,0.2107547066721015,0.2098998666769437,0.2065938268228149,0.3642026417905951,0.0,0.0,0.8181818181818182,0.0,177.74721250627942
0.3,0.2079004347185457,0.2064970102344233,0.2055293894159922,0.2701891820480737,0.0,0.0,0.8181818181818182,0.0,176.31807176312776
0.304,0.2010372520220088,0.2071157249374594,0.2025464688991477,0.3623358235117022,0.0,0.0,0.8181818181818182,0.0,177.74599283399147
0.308,0.2058246196131868,0.2064841446482076,0.2049117879840029,0.2798016939711306,0.0,0.0,0.8181818181818182,0.0,176.80494922587312
0.312,0.2087567245734024,0.2119364269147588,0.2119946977087472,0.3651695343085663,0.0,0.0,0.8181818181818182,0.0,182.95236745448497
0.316,0.2108974077530935,0.216254409306926,0.2135189902202013,0.449439234959487,0.0,0.0,0.8181818181818182,0.0,185.49420206326673
0.32,0.2149971669654952,0.217272676535636,0.2166990581184922,0.3282925338206108,0.0,0.0,0.8181818181818182,0.0,186.30967290000447
0.324,0.2206538031791757,0.2210235532623118,0.2221656416391309,0.2572212326450084,0.0,0.0,0.8181818181818182,0.0,189.42631694502052
0.328,0.2201218481596756,0.220134151243161,0.2186439022558639,0.2587392097654033,0.0,0.0,0.8181818181818182,0.0,187.05255738827572
0.332,0.2153344828603294,0.2160997249555891,0.2159500457806653,0.2972713828788836,0.0,0.0,0.8181818181818182,0.0,185.04566268115767
0.336,0.2162815772429247,0.2184585190437916,0.2168304807231963,0.2635191779168579,0.0,0.0,0.8181818181818182,0.0,186.58308835450873
0.34,0.2167227002482941,0.2191545607187222,0.2201682250005187,0.2444862277779259,0.0,0.0,0.8181818181818182,0.0,188.7783674864898
0.344,0.224065909866385,0.2265015935961218,0.2261078594192525,0.3458541341227095,0.0,0.0,0.8181818181818182,0.0,193.5477517354159
0.348,0.2257265767677856,0.226914058026717,0.2142680340510392,0.5104449912223659,0.0,0.0,0.8181818181818182,0.0,186.10185552222103
0.352,0.2185390394286468,0.2198119213830884,0.2194060784967649,0.2892213646597042,0.0,0.0,0.8181818181818182,0.0,187.95388207304427
0.356,0.2143873737629663,0.2129675555000152,0.2111799171432316,0.3893042384200757,0.0,0.0,0.8181818181818182,0.0,180.7478683741078
0.36,0.2144263204203179,0.213057798451217,0.2080130107483403,0.4062073002975511,0.0,0.0,0.8181818181818182,0.0,178.92207145443646
0.364,0.2110920240827723,0.2110083713735005,0.2112719440745535,0.3395721150423646,0.0,0.0,0.8181818181818182,0.0,181.02140997191484
0.368,0.208432364573349,0.2120653175829029,0.2112456510565142,0.326930748506056,0.0,0.0,0.8181818181818182,0.0,182.7401904274964
0.372,0.2122596728919552,0.2134831472862689,0.2138475113224705,0.2413696831704864,0.0,0.0,0.8181818181818182,0.0,183.55391939454952
0.376,0.2118185341933936,0.2103767515867535,0.2113113397071729,0.2331101299980178,0.0,0.0,0.8181818181818182,0.0,180.40726982385638
0.38,0.2096778592510188,0.2112145943747123,0.2073165425101296,0.3060432605250539,0.0,0.0,0.8181818181818182,0.0,179.42264656485438
0.384,0.2087437357544795,0.2106861172810797,0.211298195691455,0.208402466755994,0.0,0.0,0.8181818181818182,0.0,181.86620343993425
0.388,0.2131807931189213,0.2164090633691722,0.2161734189310175,0.246650271004296,0.0,0.0,0.8181818181818182,0.0,186.27318265244924
0.392,0.221159765680604,0.2222480371152882,0.2226518251123219,0.289163608230272,0.0,0.0,0.8181818181818182,0.0,190.22065705529653
0.396,0.225129803027695,0.2366198984241132,0.2272248575900563,0.5664971262818425,0.0,0.0,0.8181818181818182,0.0,199.6949386196172
0.4,0.2444998225213381,0.2482720516020008,0.2441370283779628,0.5873036401325442,0.0,0.0,0.8181818181818182,0.0,208.5039319839623
0.404,0.2408281974760164,0.2404996492715919,0.2397085836218002,0.337924042044378,0.0,0.0,0.8181818181818182,0.0,202.90097528400963
0.408,0.2425148006640197,0.2428326457009831,0.2405758720121385,0.3397235098025708,0.0,0.0,0.8181818181818182,0.0,204.09624971642575
0.412,0.2446295424339538,0.2471764051849576,0.2451619805295313,0.3406159521723037,0.0,0.0,0.8181818181818182,0.0,208.48987663816206
0.416,0.2380388043170606,0.2376768236237559,0.2351355658978429,0.3572175677021441,0.0,0.0,0.8181818181818182,0.0,199.69129580332475
0.42,0.2325508597560444,0.2363234275231706,0.2308254018876818,0.3235058498052687,0.0,0.0,0.8181818181818182,0.0,198.6450936516334
0.424,0.2295019808236529,0.2294919609682318,0.2199579880836633,0.4226694177403574,0.0,0.0,0.8181818181818182,0.0,189.44120992277814
0.428,0.2145560581351343,0.2175047176054464,0.2101418409432894,0.5030918877928812,0.0,0.0,0.8181818181818182,0.0,182.7262811222425
0.432,0.2278024181677971,0.23248236000323,0.2296953050571805,0.3763631524725603,0.0,0.0,0.8181818181818182,0.0,197.64924554272542
0.436,0.227867278083887,0.2266562668797301,0.2264232503642695,0.3333551439008155,0.0,0.0,0.8181818181818182,0.0,192.25851763026878
0.44,0.2285938219092677,0.2272620855172895,0.2261998679902799,0.2920084481730067,0.0,0.0,0.8181818181818182,0.0,192.20145119478352
0.444,0.2225349853515113,0.2215262152813704,0.216633355980936,0.3927229969024516,0.0,0.0,0.8181818181818182,0.0,185.65750646854855
0.448,0.2119093837200031,0.2209719811166325,0.2123363415064189,0.352751710098798,0.0,0.0,0.8181818181818182,0.0,187.22406812409457
0.452,0.2159442477093669,0.2183811695420721,0.217250979975218,0.3278780690778408,0.0,0.0,0.8181818181818182,0.0,186.9054033081546
0.456,0.2125840232953009,0.2129675763019037,0.2111142298618978,0.4045732346728155,0.0,0.0,0.8181818181818182,0.0,181.4552229631578
0.46,0.2144133038749595,0.2169117489403697,0.2152929834716615,0.4691366718596284,0.0,0.0,0.8181818181818182,0.0,185.46792338715986
0.464,0.2288922038740463,0.2274038591481643,0.2113770593573373,0.6538390468385454,0.0,0.0,0.8181818181818182,0.0,183.3394459717995
0.468,0.2098076087203885,0.2126582195414348,0.2022836244156598,0.6604040916112911,0.0,0.0,0.8181818181818182,0.0,177.1509011070197
0.472,0.2075371833860615,0.2112919384426707,0.2069486120764032,0.4871196446502099,0.0,0.0,0.8181818181818182,0.0,180.0783546357107
0.476,0.2015951177000998,0.204408909753523,0.1978420455201147,0.6098894741497763,0.0,0.0,0.8181818181818182,0.0,173.06648246952318
0.48,0.2103135940937147,0.21053145673109,0.2092613987099352,0.3474943399658565,0.0,0.0,0.8181818181818182,0.0,179.8836456959621
0.484,0.2069144157494807,0.2058654255958654,0.2069748931242853,0.2275313578076042,0.0,0.0,0.8181818181818182,0.0,177.22254696336685
0.488,0.2014005226225609,0.2071672971487561,0.2032691986871081,0.3557049632728591,0.0,0.0,0.8181818181818182,0.0,178.0604672865207
0.492,0.2104822249895121,0.2140760647285187,0.211574152160664,0.3451537654601584,0.0,0.0,0.8181818181818182,0.0,183.27694055518103
0.496,0.2096000269646597,0.2099385304335792,0.2104046414315755,0.3115855751686497,0.0,0.0,0.8181818181818182,0.0,180.5111691388134
0.5,0.2103137304023045,0.212619919828272,0.2115347844605746,0.3158585915375125,0.005,0.0,0.8181818181818182,0.0,182.47213487721825
0.504,0.2132589666818251,0.2128003739493666,0.212783215216024,0.2709701410772744,0.0,0.0,0.8181818181818182,0.0,182.1053736626903
0.508,0.2116371522185189,0.2171057302268069,0.2147413009572941,0.3868801953203476,0.0,0.0,0.8181818181818182,0.0,186.44123831301715
0.512,0.2154257339238124,0.2141667460503042,0.2159503315743997,0.2724065684218928,0.0,0.0,0.8181818181818182,0.0,183.87674291263184
0.516,0.21466023583159,0.2138573726211401,0.2142681997040161,0.3070713633453137,0.0,0.0,0.8181818181818182,0.0,183.01121556825055
0.52,0.2085751238685748,0.2084950282393309,0.2071454930017471,0.3442027991336919,0.0,0.0,0.8181818181818182,0.0,178.15616995213787
0.524,0.2096520232407535,0.21042857073276,0.2045171942310289,0.3866821732765798,0.0,0.0,0.8181818181818182,0.0,177.30196704464683
0.528,0.2055390779784073,0.2047568517384904,0.2050560087669856,0.3108901954335579,0.0,0.0,0.8181818181818182,0.0,175.9803003387676
0.532,0.2033593341750146,0.2048470962514204,0.2048851659479572,0.2798293249539819,0.0,0.0,0.8181818181818182,0.0,176.84795675844595
0.536,0.2031517497172563,0.2018049881460875,0.1988532118806154,0.4221814622584759,0.0,0.0,0.8181818181818182,0.0,171.5382925438281
0.54,0.2011147138714709,0.2018307439868258,0.200837582337448,0.3326119855912099,0.0,0.0,0.8181818181818182,0.0,173.5936035847476
0.544,0.2038912802217832,0.2086625841388409,0.2067775282429598,0.6181895143873951,0.0,0.0,0.8181818181818182,0.0,179.88244958374727
0.548,0.2132978927533404,0.2121558646486865,0.2146755996927518,0.2423668930168639,0.0,0.0,0.8181818181818182,0.0,182.82851981382845
0.552,0.212065301626248,0.218820121458694,0.2153983607604233,0.3302664221580526,0.0,0.0,0.8181818181818182,0.0,187.68984328715302
0.556,0.2185136926702172,0.2182787347639898,0.2202475831119656,0.1204530483402125,0.0,0.0,0.8181818181818182,0.0,187.61694191227093
0.56,0.2210826681222543,0.2231512576779351,0.2221005465298868,0.2628520048100936,0.0,0.0,0.8181818181818182,0.0,190.48258270526398
0.5640000000000001,0.2182152791927169,0.2180853663514142,0.219353967343661,0.2249856616306002,0.0,0.0,0.8181818181818182,0.0,187.06432102759456
0.5680000000000001,0.2189029467404923,0.2183818706090252,0.220694401134567,0.1821599407929439,0.0,0.0,0.8181818181818182,0.0,187.75732949874254
0.5720000000000001,0.2206285735124523,0.2204056309734252,0.220116190973254,0.2251667980737367,0.0,0.0,0.8181818181818182,0.0,187.89016104765867
0.5760000000000001,0.2209788663189552,0.2234606089035222,0.2224422161305356,0.2791623437290428,0.0,0.0,0.8181818181818182,0.0,190.90453787053985
0.58,0.2234700061031998,0.2243629575170733,0.2196693709305086,0.3468759048427327,0.0,0.0,0.8181818181818182,0.0,188.75817537296936
0.584,0.2218611603471308,0.2224809654929829,0.2205498647855219,0.3340829516643925,0.0,0.0,0.8181818181818182,0.0,188.82793587027547
0.588,0.2193310986356277,0.2214497264109303,0.2202081585684879,0.2893372612822195,0.0,0.0,0.8181818181818182,0.0,189.07929618083227
0.592,0.2200317410774076,0.2191037305205927,0.2164628614015149,0.3256294059664886,0.0,0.0,0.8181818181818182,0.0,185.18617109024174
0.596,0.2148029420305241,0.2149659204648784,0.2164102568177378,0.2467093706065058,0.0,0.0,0.8181818181818182,0.0,184.89206752223458
0.6,0.2123896690573663,0.2159713669593722,0.2155560743993085,0.2594522426284279,0.0,0.0,0.8181818181818182,0.0,185.9835145086884
0.604,0.2146991593830474,0.2172475190343192,0.2160554472168085,0.3019740226547195,0.0,0.0,0.8181818181818182,0.0,186.06260976033
0.608,0.2138168714070683,0.2125425583829417,0.2126386435392542,0.3009324881066847,0.0,0.0,0.8181818181818182,0.0,181.63012246523184
0.612,0.2166453527933596,0.2192970658413125,0.2199059201651584,0.3903542157684262,0.0,0.0,0.8181818181818182,0.0,188.7006096204163
0.616,0.2199927986550483,0.2202509429385884,0.2195773730769493,0.3553906608429253,0.0,0.0,0.8181818181818182,0.0,187.70066985829854
0.62,0.210676999655331,0.2098613860382153,0.208446503020408,0.423274804899357,0.0,0.0,0.8181818181818182,0.0,178.83603970067153
0.624,0.2069792665487313,0.2137284873167289,0.2094846960589024,0.3792104868790248,0.0,0.0,0.8181818181818182,0.0,183.28956652895408
0.628,0.214374785094143,0.2147467963805088,0.2167519369010334,0.2626530233571989,0.0,0.0,0.8181818181818182,0.0,185.135320241457
0.632,0.2179428051693928,0.2191681650142523,0.2205498513502727,0.268623426353165,0.0,0.0,0.8181818181818182,0.0,188.50897106303893
0.636,0.2175016766408026,0.2185494222235841,0.2194591075274231,0.2341835169290618,0.0,0.0,0.8181818181818182,0.0,187.69704792610705
0.64,0.2176054693829827,0.2196837648570749,0.2190779858504634,0.2704722077404744,0.0,0.0,0.8181818181818182,0.0,188.09140256220195
0.644,0.2228342509138572,0.2227129942404034,0.2245185803852713,0.2797613987878057,0.0,0.0,0.8181818181818182,0.0,190.9124687441871
0.648,0.222925063688591,0.2241695811442668,0.2195510917141351,0.3243004324440697,0.0,0.0,0.8181818181818182,0.0,188.81077786090714
0.652,0.2227564036529374,0.2254715067337803,0.2240323482144745,0.3391234953346812,0.0,0.0,0.8181818181818182,0.0,192.27698522522914
0.656,0.2175535732408619,0.2200704901943411,0.2180004058999282,0.3128445118248134,0.0,0.0,0.8181818181818182,0.0,187.69605860043927
0.66,0.2163080056188192,0.2148757014759308,0.2066329728764952,0.3861922989764447,0.0,0.0,0.8181818181818182,0.0,178.43337264646638
0.664,0.2075112129725385,0.2062521136016016,0.2009558509583079,0.3919382002367437,0.0,0.0,0.8181818181818182,0.0,173.6236152375656
0.668,0.2016336821115276,0.2026944000031914,0.1997993831647808,0.3905927248773443,0.0,0.0,0.8181818181818182,0.0,173.26745734887723
0.672,0.2039172328708204,0.2158166806502232,0.2044909162349578,0.4386270778643015,0.0,0.0,0.8181818181818182,0.0,182.85015352956265
0.676,0.2137390243290865,0.2244016122279231,0.2167782284542767,0.3715474943015894,0.0,0.0,0.8181818181818182,0.0,191.11160825916627
0.68,0.2229769743888422,0.2228805560930204,0.2222582407932184,0.2571425610966122,0.0,0.0,0.8181818181818182,0.0,189.63692998219142
0.684,0.2243652397784363,0.2238859859438287,0.2231124420581789,0.2713953512022643,0.0,0.0,0.8181818181818182,0.0,190.15509567330216
0.6880000000000001,0.2251177847569821,0.22433716738157,0.2201424621021178,0.3591617143566557,0.0,0.0,0.8181818181818182,0.0,188.33808166317968
0.6920000000000001,0.2179168705536259,0.2164612223206413,0.2136768469129903,0.3053494158445649,0.0,0.0,0.8181818181818182,0.0,182.87034937544936
0.6960000000000001,0.2104824055977506,0.2160100440403329,0.2105097269383377,0.3060956442633762,0.0,0.0,0.8181818181818182,0.0,183.8243004922478
0.7000000000000001,0.2195646280377612,0.220160695971095,0.2204709804441972,0.3108393467498384,0.0,0.0,0.8181818181818182,0.0,188.3682302317596
0.704,0.2173719257419683,0.2176599942870081,0.2190254385485766,0.2375508510822422,0.0,0.0,0.8181818181818182,0.0,186.96992756599698
0.708,0.2167361874122146,0.2201091614190939,0.2193934048298778,0.3370757324944771,0.0,0.0,0.8181818181818182,0.0,188.8681386260578
0.712,0.2230029153763175,0.2247754321815391,0.2241769161787923,0.3239558126857296,0.0,0.0,0.8181818181818182,0.0,191.85430589201394
0.716,0.2231196977658592,0.2245434126128225,0.221312052138685,0.3307461267214437,0.0,0.0,0.8181818181818182,0.0,189.98564014353474
0.72,0.2269601623998613,0.2295190415324422,0.2297094637312896,0.4756428089119897,0.0,0.0,0.8181818181818182,0.0,196.2231928926131
0.724,0.2267266315081922,0.225213682140693,0.2172644748897697,0.687040550961798,0.0,0.0,0.8181818181818182,0.0,186.38791933768798
0.728,0.2098336721427391,0.2101320855367478,0.2068301177589528,0.5926895710884745,0.0,0.0,0.8181818181818182,0.0,178.34189903335314
0.732,0.2017375063578708,0.2112535581614464,0.2045434940154227,0.3959316447860623,0.0,0.0,0.8181818181818182,0.0,181.09154004936164
0.736,0.2062526700715912,0.2079536148924453,0.2075397372584437,0.3364561460804011,0.0,0.0,0.8181818181818182,0.0,179.0400642445894
0.74,0.2087827315178783,0.2128519322273399,0.2116661846807154,0.3357496371994387,0.0,0.0,0.8181818181818182,0.0,183.32203445573668
0.744,0.2097298725074038,0.2120269552935587,0.2088013440564725,0.3761378832095919,0.0,0.0,0.8181818181818182,0.0,180.74513999134575
0.748,0.2080042314160118,0.2103512033866992,0.2074083333845852,0.3574144384549598,0.0,0.0,0.8181818181818182,0.0,179.65452839809382
0.752,0.2040988891286294,0.2105445813687118,0.2057525023368402,0.3347564568713936,0.0,0.0,0.8181818181818182,0.0,180.42426698913954
0.756,0.2113257488481577,0.2150948471325726,0.2142287775018127,0.3384116137626087,0.0,0.0,0.8181818181818182,0.0,185.10355146325506
0.76,0.2158929003943201,0.216628969043339,0.2174484194072993,0.2734824498166665,0.005,0.0,0.8181818181818182,0.0,186.03728234857581
0.764,0.2134794992886995,0.2131742116223554,0.2139000338014409,0.293596078396006,0.0,0.0,0.8181818181818182,0.0,182.8943119103036
0.768,0.2146083364850873,0.2146566542996248,0.2115212851757198,0.3036232469436583,0.0,0.0,0.8181818181818182,0.0,181.9086985926665
0.772,0.2120781637880304,0.2182532549199873,0.2134532051241527,0.4116891721661596,0.0,0.0,0.8181818181818182,0.0,186.18732592361093
0.776,0.2147899937418037,0.2137671784623064,0.2138080223454802,0.3448958762868794,0.0,0.0,0.8181818181818182,0.0,182.63177386928342
0.78,0.2114423628778285,0.2111632243089493,0.2120338399123575,0.2953621587165869,0.0,0.0,0.8181818181818182,0.0,181.44924278626408
0.784,0.2056423833031867,0.2067802788171751,0.2060672524976722,0.3227732449960577,0.0,0.0,0.8181818181818182,0.0,177.739368450836
0.788,0.2056294134499989,0.2045630306378634,0.2007183771612823,0.457771703225591,0.0,0.0,0.8181818181818182,0.0,173.24229407956932
0.792,0.2046692383650114,0.2047048380729603,0.2047136097348223,0.345545396265711,0.0,0.0,0.8181818181818182,0.0,176.10798230917587
0.796,0.2015162325291138,0.2019332784215972,0.2036885067018599,0.2780634365152264,0.0,0.0,0.8181818181818182,0.0,175.19106968068795
0.8,0.2044616467986516,0.208378767915181,0.2074603478979629,0.3067196439594354,0.0,0.0,0.8181818181818182,0.0,180.0014152637293
0.804,0.2031251976621125,0.2023071252248469,0.1999561381774514,0.3519080057127056,0.0,0.0,0.8181818181818182,0.0,172.5314288787689
0.808,0.1952491492685819,0.1951655261212934,0.1945283779939911,0.3712122767526917,0.0,0.0,0.8181818181818182,0.0,168.36189650070904
0.812,0.1936661723379691,0.1932061091386015,0.1909274363179113,0.3509002423659336,0.0,0.0,0.8181818181818182,0.0,165.74934793496357
0.8160000000000001,0.1913176447089269,0.1998707361590677,0.1944627004469387,0.428716573466466,0.0,0.0,0.8181818181818182,0.0,172.72626734209578
0.8200000000000001,0.2030343622696863,0.2034157499369002,0.2047004825618853,0.3173305170198219,0.0,0.0,0.8181818181818182,0.0,176.02319283528732
0.8240000000000001,0.1980777612598573,0.2035704374083118,0.2002583878952867,0.2693815514451483,0.0,0.0,0.8181818181818182,0.0,175.58039521720085
0.8280000000000001,0.2045394887825092,0.2039571518897568,0.2060278236622714,0.2011121086834009,0.0,0.0,0.8181818181818182,0.0,176.54197027338043
0.8320000000000001,0.2026840088917162,0.2045243591202429,0.2032679711077619,0.2490261517658596,0.0,0.0,0.8181818181818182,0.0,176.0117532820081
0.836,0.2140633876222316,0.2135867147302207,0.2119944182396201,0.2781879678198828,0.0,0.0,0.8181818181818182,0.0,181.7885422673751
0.84,0.2106119385997002,0.2120655832842044,0.2124149512688599,0.2181208974466477,0.0,0.0,0.8181818181818182,0.0,182.58314189610832
0.844,0.2138168475296837,0.2196970308176752,0.2172513012723783,0.3026083839693479,0.0,0.0,0.8181818181818182,0.0,188.59464107836035
0.848,0.2160486027266702,0.219258740516398,0.2191437820177773,0.251162372127553,0.0,0.0,0.8181818181818182,0.0,188.53848686170005
0.852,0.222289736999846,0.228089041854928,0.2257543239160642,0.3042345824392439,0.0,0.0,0.8181818181818182,0.0,195.0562486964676
0.856,0.2296856696118597,0.2331036252689159,0.2322860107785517,0.3503464714179548,0.0,0.0,0.8181818181818182,0.0,198.7855245246349
0.86,0.2308404595812547,0.232394624923907,0.2323779826156665,0.251862165144628,0.0,0.0,0.8181818181818182,0.0,197.9756338564076
0.864,0.2340453676234128,0.2347794416913511,0.2369252012018208,0.3023491516232914,0.0,0.0,0.8181818181818182,0.0,200.71348614218718
0.868,0.2341491724461056,0.2353853181818671,0.2350458529593499,0.2237869758675984,0.0,0.0,0.8181818181818182,0.0,199.95659677512643
0.872,0.2369388928409903,0.2361330097310974,0.2365703690311478,0.201843178438009,0.0,0.0,0.8181818181818182,0.0,200.14732575332675
0.876,0.2354597041607039,0.2358107334056656,0.2365703666922131,0.2009906474879502,0.0,0.0,0.8181818181818182,0.0,200.56909625831372
0.88,0.2373670747321885,0.2375252294949765,0.2342310489537072,0.2126202211591542,0.0,0.0,0.8181818181818182,0.0,199.42137877371238
0.884,0.2341232320033744,0.246703574337499,0.2376348680813199,0.4056007618475993,0.0,0.0,0.8181818181818182,0.0,208.14366785213963
0.888,0.2466963109994072,0.2542834703311621,0.2475835449434041,0.3538655840949922,0.0,0.0,0.8181818181818182,0.0,213.2914185501295
0.892,0.2464887315405729,0.2515763719584646,0.2486612074438941,0.3406314946001575,0.0,0.0,0.8181818181818182,0.0,212.40645727826353
0.896,0.2506537987644623,0.2489852949406475,0.2478463948739675,0.2320962264328343,0.0,0.0,0.8181818181818182,0.0,208.703558873688
0.9,0.2470596175650967,0.2458656747015172,0.2361760853661173,0.4269088547897828,0.0,0.0,0.8181818181818182,0.0,201.42493524986367
0.904,0.2358359802911596,0.2364552817798288,0.234099622941372,0.241565978277826,0.0,0.0,0.8181818181818182,0.0,199.333629330596
0.908,0.2335263597289691,0.2348181101726945,0.2309717737345173,0.2352743651062132,0.0,0.0,0.8181818181818182,0.0,197.4858904651408
0.912,0.2332668559132242,0.2328973686218483,0.2326671101821648,0.212322420566201,0.0,0.0,0.8181818181818182,0.0,197.4552629850691
0.916,0.234032403421989,0.2432488153148161,0.2360578137982048,0.3561497453440354,0.0,0.0,0.8181818181818182,0.0,205.2235631095249
0.92,0.2449965492744765,0.2508931445746669,0.2464270257548007,0.3176680371506239,0.0,0.0,0.8181818181818182,0.0,211.31790656585633
0.924,0.2510819855972146,0.2555339034113524,0.254824910202695,0.2564836389083382,0.0,0.0,0.8181818181818182,0.0,216.50110809821513
0.928,0.2523924762560179,0.261334824735099,0.2561391221690957,0.3030426125401296,0.0,0.0,0.8181818181818182,0.0,220.15800480542032
0.932,0.2582443651418371,0.2632040145193473,0.2574927739399253,0.30014673203185,0.0,0.0,0.8181818181818182,0.0,219.63938358226727
0.936,0.2665226147720437,0.2684764176732768,0.2662323688625586,0.2833163933661847,0.0,0.0,0.8181818181818182,0.0,224.47389344594734
0.94,0.2729064933975703,0.2796915494756232,0.2763913017715355,0.3416052948638415,0.0,0.0,0.8181818181818182,0.0,234.42824764143091
0.944,0.2727897012463191,0.2731945153913888,0.2697413415188504,0.3419788887778106,0.0,0.0,0.8181818181818182,0.0,226.71752709177923
0.948,0.2729324331928608,0.2712608740247232,0.2620268460849254,0.2754022274793578,0.0,0.0,0.8181818181818182,0.0,221.00956443470565
0.952,0.2596327152536064,0.2641450496382554,0.2614223060181915,0.2651697453785742,0.0,0.0,0.8181818181818182,0.0,221.94133633739355
0.956,0.2642519318294867,0.2662720736538936,0.2648261405298135,0.3481651588273027,0.0,0.0,0.8181818181818182,0.0,223.2579480123415
0.96,0.2630971262953557,0.2679092089382581,0.2614485775623049,0.3849684766943212,0.0,0.0,0.8181818181818182,0.0,222.71471621665208
0.964,0.2612935588323737,0.2596718887212798,0.2573350777554692,0.3195250694564236,0.0,0.0,0.8181818181818182,0.0,216.18032355501015
0.968,0.2556363189682158,0.2560237477150052,0.2536552544685151,0.3539235324062498,0.0,0.0,0.8181818181818182,0.0,214.18641823286467
0.972,0.2524962841860272,0.2508286843159051,0.249423449155361,0.3163120082908299,0.0,0.0,0.8181818181818182,0.0,209.93320790754896
0.976,0.2488112942966858,0.2525947567862214,0.2526301521166663,0.2710179196517882,0.0,0.0,0.8181818181818182,0.0,214.40576879007352
0.98,0.2530931701666645,0.2556112512100961,0.2525118915009939,0.5500421084665744,0.0,0.0,0.8181818181818182,0.0,214.25419036385716
0.984,0.2545853163684372,0.2646477982095635,0.2585178681217115,0.4031375748554985,0.0,0.0,0.8181818181818182,0.0,222.57900240578238
0.988,0.2694420501263479,0.2741999936979604,0.2659432256491114,0.3657440284936835,0.0,0.0,0.8181818181818182,0.0,226.46723071084367
0.992,0.2623575399187686,0.2620051637865987,0.2569539370877905,0.3034670551378181,0.0,0.0,0.8181818181818182,0.0,216.9089558603574
0.996,0.2525473049415844,0.260765406530919,0.2526247480238864,0.3190386490291451,0.125,0.0,0.8181818181818182,0.0,217.75403222364022
1.0,0.2532227939675006,0.2520796654214554,0.2439012933557668,0.408509839987827,0.0,0.0,0.8181818181818182,0.0,207.10466363339228
0.0,0.1382716303521606,0.1373841958961749,0.1376081211467193,0.0437799491551539,0.0,0.0,0.7272727272727273,0.0,124.32531660058389
0.004,0.1356046895476417,0.1346584528001578,0.1357686937652319,0.040826887862918,0.0,0.0,0.7272727272727273,0.0,122.73345734452077
0.008,0.1341289725897678,0.1331923310205768,0.1303793649775475,0.0801876066982875,0.0,0.0,0.7272727272727273,0.0,119.29912872338302
0.012,0.1308917571424997,0.1332917115839242,0.132405627161802,0.0404277736661766,0.0,0.0,0.7272727272727273,0.0,121.90194781186108
0.016,0.1334885484176238,0.1335124008305612,0.1345042562111514,0.034715451725315,0.0,0.0,0.7272727272727273,0.0,122.19043900256344
0.02,0.131410068803811,0.1323018150046107,0.1331792971104407,0.0371274062700456,0.0,0.0,0.7272727272727273,0.0,121.55457582118486
0.024,0.1321388389642321,0.1330284264473595,0.134535837034787,0.0352565584728202,0.0,0.0,0.7272727272727273,0.0,122.48073017854198
0.028,0.1331456006688742,0.1338169821211614,0.1350476652149228,0.0310217265872032,0.0,0.0,0.7272727272727273,0.0,122.83396420815542
0.032,0.1344498387969107,0.1350611149182131,0.1356279151668005,0.0384840107753157,0.0,0.0,0.7272727272727273,0.0,123.37049196542515
0.036,0.135029211669101,0.1359000058183928,0.13613447318406,0.0973380042486473,0.0,0.0,0.7272727272727273,0.0,123.90485465790734
0.04,0.1354942719286833,0.1367182486415549,0.1349055615469682,0.0458964056888356,0.0,0.0,0.7272727272727273,0.0,123.4961748188165
0.044,0.1384197193982496,0.1402970812677277,0.1401672620473981,0.045819652958693,0.0,0.0,0.7272727272727273,0.0,127.49622706638905
0.048,0.1418349152423632,0.1422884735845459,0.1426421907645172,0.0359032002242714,0.0,0.0,0.7272727272727273,0.0,128.7196626394609
0.052,0.1409463611439788,0.1434938801598949,0.1434566467546154,0.0447182512811469,0.0,0.0,0.7272727272727273,0.0,130.27836074279188
0.056,0.1444381981735699,0.146592608071091,0.1462197379394022,0.0728289386958674,0.0,0.0,0.7272727272727273,0.0,132.28308329719096
0.06,0.1475714975688876,0.1478574086381285,0.148878871397053,0.0577086508577789,0.0,0.0,0.7272727272727273,0.0,133.30162359512246
0.064,0.1485106964956427,0.1475502377222276,0.1437487442772307,0.0905338747215075,0.0,0.0,0.7272727272727273,0.0,129.7097344418212
0.068,0.143149540020132,0.1425401300234674,0.1423500932419018,0.0532166973261843,0.0,0.0,0.7272727272727273,0.0,128.14792394400283
0.072,0.1425052109434131,0.1428382618670258,0.1434250659309797,0.0332110982145204,0.0,0.0,0.7272727272727273,0.0,129.22973484527714
0.076,0.1428949283487343,0.1419012901393909,0.1429329732560149,0.0383439370428055,0.0,0.0,0.7272727272727273,0.0,128.22149791170443
0.08,0.1423623152221903,0.1416754314886365,0.1408251389888415,0.0578928574101211,0.0,0.0,0.7272727272727273,0.0,127.0648813591425
0.084,0.1401656379130452,0.1410352918686676,0.1416461701345282,0.040469987667755,0.0,0.0,0.7272727272727273,0.0,128.0825431291191
0.088,0.1416608397500926,0.1412043756924864,0.1389843965762365,0.0758971290833171,0.0,0.0,0.7272727272727273,0.0,125.9899502282972
0.092,0.1383209867602401,0.1375132537623986,0.1370489217311302,0.0706472423415646,0.0,0.0,0.7272727272727273,0.0,124.04792006034319
0.096,0.1363880094410085,0.138738038218325,0.1381936312230678,0.0480781020431384,0.0,0.0,0.7272727272727273,0.0,126.25573766942557
0.1,0.1386080765339021,0.138832249377555,0.1386199321885261,0.0484752974216263,0.0,0.0,0.7272727272727273,0.0,125.6421508946959
0.104,0.1385704051067716,0.1388038521176031,0.1394857045074307,0.0566360314540363,0.0,0.0,0.7272727272727273,0.0,126.14589154820682
0.108,0.1374389441397891,0.1396427430177829,0.1388251975037519,0.1188613885988808,0.0,0.0,0.7272727272727273,0.0,126.70323267874684
0.112,0.1360047936026953,0.1356418900859455,0.1330635041032454,0.1999007587199256,0.0,0.0,0.7272727272727273,0.0,121.51275350245061
0.116,0.1313334276183334,0.1344287244811784,0.1326674689303049,0.1026991824491066,0.0,0.0,0.7272727272727273,0.0,122.53004861412792
0.12,0.134500503447132,0.1338182720105697,0.1312859233379115,0.0918655345894813,0.0,0.0,0.7272727272727273,0.0,120.04940648827399
0.124,0.1292302797114063,0.1286881455179283,0.1294570262437712,0.0811450970068162,0.0,0.0,0.7272727272727273,0.0,118.11673375110952
0.128,0.1276701216698302,0.1275111165095631,0.1280175891669829,0.0685058411705865,0.0,0.0,0.7272727272727273,0.0,117.22438074261086
0.132,0.1277506677598827,0.1280041299651074,0.129559658901384,0.045167254752481,0.0,0.0,0.7272727272727273,0.0,118.39683325566615
0.136,0.1281118020565892,0.1293553826619567,0.1287899340460984,0.0608574316118783,0.0,0.0,0.7272727272727273,0.0,118.59293233637909
0.14,0.1278260106141437,0.1270077839387521,0.1281004863194248,0.0475312388408725,0.0,0.0,0.7272727272727273,0.0,116.91754068668062
0.144,0.1264685111734528,0.1276853500445313,0.128470210831606,0.0507970675084394,0.0,0.0,0.7272727272727273,0.0,118.09813448787335
0.148,0.1285794589786046,0.1283500074097429,0.1273702425128864,0.0659595693481064,0.0,0.0,0.7272727272727273,0.0,116.96811673501398
0.152,0.1257488392424728,0.1268671072213692,0.126726840952143,0.0693769846577048,0.0,0.0,0.7272727272727273,0.0,116.88142449230266
0.156,0.1263515919874863,0.1266722256093834,0.128012329042512,0.0377874797492718,0.0,0.0,0.7272727272727273,0.0,117.28147053549034
0.16,0.1267867708072373,0.1259894999459707,0.1256558133564181,0.0457697636841003,0.0,0.0,0.7272727272727273,0.0,115.31092640100634
0.164,0.1245160390641224,0.1272375122577315,0.1265978875953654,0.0592302737328555,0.0,0.0,0.7272727272727273,0.0,117.5406318954912
0.168,0.1281845482484172,0.1285074625359184,0.1287465179424036,0.0451480665699454,0.0,0.0,0.7272727272727273,0.0,118.04075777083864
0.172,0.1283703087216366,0.1314616440615066,0.1303477941923174,0.0679513026953064,0.0,0.0,0.7272727272727273,0.0,120.64958931427182
0.176,0.1323739657564564,0.1326180151463701,0.1331845572349115,0.0418342674460394,0.0,0.0,0.7272727272727273,0.0,121.35134257993607
0.18,0.1338016147265421,0.1337692266736001,0.1337871727541954,0.0384417967737373,0.0,0.0,0.7272727272727273,0.0,121.79858375584459
0.184,0.1349707570315804,0.1344313042599951,0.1333253458717484,0.0477212018479754,0.0,0.0,0.7272727272727273,0.0,121.43352987838382
0.188,0.1318387559674793,0.1353308495018196,0.1338555945259373,0.0696398627584432,0.0,0.0,0.7272727272727273,0.0,123.56843779303485
0.192,0.1349759503564466,0.1356986747593652,0.1365989401671479,0.0478248180336679,0.0,0.0,0.7272727272727273,0.0,124.1043923852999
0.196,0.1351825039509815,0.1362433034842117,0.1375949607971369,0.0352239385625096,0.0,0.0,0.7272727272727273,0.0,124.93119039958097
0.2,0.1357761584665538,0.1349320570519894,0.131981956258579,0.065859790798921,0.0,0.0,0.7272727272727273,0.0,120.60363313133003
0.204,0.132892287328693,0.1326089859205116,0.1320503780303209,0.0414274779762837,0.0,0.0,0.7272727272727273,0.0,120.46746875882779
0.208,0.1320388079950061,0.1324024854573665,0.1326200976948516,0.0339978136984818,0.0,0.0,0.7272727272727273,0.0,121.03532763753711
0.212,0.1317075551381308,0.1313984000945612,0.1326977246844174,0.054738320201261,0.0,0.0,0.7272727272727273,0.0,120.61438418712089
0.216,0.1307683463004505,0.1340028246608047,0.1327990423109125,0.0486729357017434,0.0,0.0,0.7272727272727273,0.0,122.61214107465004
0.22,0.133179377102355,0.1337059925531387,0.134535837034787,0.0328177404725396,0.0,0.0,0.7272727272727273,0.0,122.46162802490954
0.224,0.1336210475781888,0.133410440488397,0.1346410997546353,0.0266544962420903,0.0,0.0,0.7272727272727273,0.0,122.16726064185468
0.228,0.13351452495288,0.1345306848233426,0.1348081990522316,0.0321384788107778,0.0,0.0,0.7272727272727273,0.0,122.97297323798288
0.232,0.1341874272272883,0.1333562355937941,0.1330819245772986,0.0563059947144232,0.0,0.0,0.7272727272727273,0.0,120.97569564872826
0.236,0.1301642853132951,0.1316281284135406,0.1306675174068098,0.0389119072458606,0.0,0.0,0.7272727272727273,0.0,120.20614302770962
0.24,0.1312217116681585,0.1331252173854062,0.1333753371310317,0.0421393595483562,0.0,0.0,0.7272727272727273,0.0,122.24447322520079
0.244,0.1335677862655344,0.137058966528557,0.1359686889175815,0.0527312363080324,0.0,0.0,0.7272727272727273,0.0,125.1265239278319
0.248,0.1383482715376382,0.1383005195467921,0.1380646879046956,0.0403778843915839,0.0,0.0,0.7272727272727273,0.0,125.11768916297065
0.252,0.1368595613566735,0.1363568826775351,0.1371410241013961,0.0314630547855231,0.0,0.0,0.7272727272727273,0.0,124.04155741191425
0.256,0.1366166445771499,0.1381224163435989,0.1390712388220316,0.0373077751858807,0.0,0.0,0.7272727272727273,0.0,126.32096449044273
0.26,0.1388639964474417,0.1382876108062245,0.1390304527805722,0.0465430474402868,0.0,0.0,0.7272727272727273,0.0,125.46111439737527
0.264,0.1371791292325998,0.1365388555489534,0.1318780085698485,0.1037487760338064,0.0,0.0,0.7272727272727273,0.0,120.90507399129378
0.268,0.1309515101112368,0.1311609324391315,0.1306148860468856,0.0673411184906729,0.0,0.0,0.7272727272727273,0.0,119.5628594330922
0.272,0.1290471059896946,0.1305749977137656,0.1294057099149647,0.0505399458624617,0.0,0.0,0.7272727272727273,0.0,119.30073331287572
0.276,0.1312866678726871,0.1308021462539284,0.1325727264593982,0.0408575889549751,0.0,0.0,0.7272727272727273,0.0,120.36905961995151
0.28,0.133284591485522,0.1340196030695973,0.1338003331037778,0.0611030403483345,0.0,0.0,0.7272727272727273,0.0,122.16539949630139
0.284,0.1332586149502657,0.1338995842757162,0.1336542843424701,0.0555250356852224,0.0,0.0,0.7272727272727273,0.0,122.02139971770994
0.288,0.1329728235078202,0.1335059513835194,0.1339963731243688,0.0896512183248678,0.0,0.0,0.7272727272727273,0.0,122.09449782674378
0.292,0.1333989140090554,0.1334814237917926,0.1348042539588785,0.0435842296932903,0.0,0.0,0.7272727272727273,0.0,122.39400564069777
0.296,0.134104294385728,0.1332271777275704,0.1340450593909398,0.04266895338634,0.0,0.0,0.7272727272727273,0.0,121.50605455317485
0.3,0.1329715251766037,0.1324153941979341,0.1321674760302285,0.0479265154011068,0.0,0.0,0.7272727272727273,0.0,120.39020061714699
0.304,0.1309554051048865,0.1318139709531839,0.1318135419298651,0.033049917481221,0.0,0.0,0.7272727272727273,0.0,120.6660471631456
0.308,0.1312580847640724,0.1314474454315307,0.1329306156915201,0.0320367814433389,0.0,0.0,0.7272727272727273,0.0,120.97865901227331
0.312,0.1312035251202015,0.1328012779071967,0.1312911834623823,0.0529173616786282,0.0,0.0,0.7272727272727273,0.0,120.83653715467716
0.316,0.1313866889309879,0.1307376123975746,0.1300359611645311,0.0682122619777912,0.0,0.0,0.7272727272727273,0.0,118.79341708629438
0.32,0.1273700485840026,0.1269484194865157,0.1280899560320778,0.0735830342695183,0.0,0.0,0.7272727272727273,0.0,117.06347638014127
0.324,0.1255526822085957,0.124907981832728,0.1242466420721477,0.0846219956822751,0.0,0.0,0.7272727272727273,0.0,114.34645873268862
0.328,0.1260073459075202,0.1255106949668865,0.1254597632974217,0.0549167702988425,0.0,0.0,0.7272727272727273,0.0,115.23846894101702
0.332,0.1254058914937233,0.1249402487609049,0.1257531758511548,0.0516778050868255,0.0,0.0,0.7272727272727273,0.0,115.32220318199663
0.336,0.1276688233386136,0.1298174190787323,0.1299649093305538,0.0582113812402128,0.0,0.0,0.7272727272727273,0.0,119.74967643682484
0.34,0.1301785768676024,0.1318849542565796,0.1318780085698485,0.0494289500936479,0.0,0.0,0.7272727272727273,0.0,121.06347615491644
0.344,0.1324051455275041,0.1344803495969646,0.1344858357370983,0.0489051127104248,0.0,0.0,0.7272727272727273,0.0,123.21258465782977
0.348,0.1343212346299953,0.1357064140958154,0.1354437104262688,0.0768373500275638,0.0,0.0,0.7272727272727273,0.0,123.69904295373516
0.352,0.133327466148444,0.1336569472161692,0.1338266437645371,0.0419340459952248,0.0,0.0,0.7272727272727273,0.0,121.95771910264496
0.356,0.1324700918211075,0.1327754702725456,0.1333384961829253,0.0400459288337173,0.0,0.0,0.7272727272727273,0.0,121.50385661821869
0.36,0.1322440632583244,0.1321727571383871,0.1331424561623344,0.0335756736826976,0.0,0.0,0.7272727272727273,0.0,121.12702091511456
0.364,0.1321323373972241,0.1317971925443913,0.1297728043649105,0.0490682122619777,0.0,0.0,0.7272727272727273,0.0,118.96856216071312
0.368,0.128423570034291,0.1300432678830027,0.1301609493511448,0.0514571409876656,0.0,0.0,0.7272727272727273,0.0,119.68999883289366
0.372,0.1315776526399988,0.1358045047697545,0.1338384890830019,0.0712036996350983,0.0,0.0,0.7272727272727273,0.0,123.95538819910563
0.376,0.1361178078840868,0.1359129145589604,0.1371094533161659,0.119596295989996,0.0,0.0,0.7272727272727273,0.0,124.04029228686596
0.38,0.1231364580818249,0.1241684714958956,0.1214190842473774,0.2784897979311685,0.0,0.0,0.7272727272727273,0.0,113.18239630036568
0.384,0.1210579883789374,0.1203263537331581,0.1197375509456625,0.1261490603259189,0.0,0.0,0.7272727272727273,0.0,110.83007341784204
0.388,0.1189925019882155,0.1186072757787631,0.1190375729316419,0.1103821307363791,0.0,0.0,0.7272727272727273,0.0,110.25989038835351
0.392,0.1176505924330485,0.1170288745417511,0.1181020738482831,0.0847294495044747,0.0,0.0,0.7272727272727273,0.0,109.33897206103337
0.396,0.1167841297871961,0.1189260556993392,0.1188533681911102,0.0718695295690852,0.0,0.0,0.7272727272727273,0.0,111.27016834244515
0.4,0.1175427714765231,0.1178380881390546,0.1192467733018152,0.0599459929414351,0.0,0.0,0.7272727272727273,0.0,110.5449038755579
0.404,0.1168360927686339,0.1175296273337454,0.1182086415608436,0.0745021482129757,0.0,0.0,0.7272727272727273,0.0,110.04049223084598
0.408,0.1182637417387197,0.1212362279367335,0.1200335935616309,0.1264714217925177,0.0,0.0,0.7272727272727273,0.0,112.70250229261978
0.412,0.1218815763618678,0.1210581247335403,0.1165034276606047,0.1072237558910118,0.0,0.0,0.7272727272727273,0.0,109.03483353126376
0.416,0.1175622563556967,0.1173282962747178,0.1180204917269588,0.0690085715530204,0.0,0.0,0.7272727272727273,0.0,109.5122718360533
0.42,0.1156149874821577,0.1168443218915161,0.1162692216223842,0.0629086483249388,0.0,0.0,0.7272727272727273,0.0,109.0066775846017
0.424,0.1168594726414571,0.1172121471490617,0.1178165514812562,0.0648140348507284,0.0,0.0,0.7272727272727273,0.0,109.61664248295874
0.428,0.1168075096600192,0.1177954922491269,0.1181283845090425,0.0793836218500439,0.0,0.0,0.7272727272727273,0.0,110.16247008148807
0.432,0.1184365089888483,0.1203741091807193,0.1203059555790754,0.0655758056973935,0.0,0.0,0.7272727272727273,0.0,112.30158000223322
0.436,0.119849876315552,0.1217963451809642,0.1214572402266015,0.0483774376906945,0.0,0.0,0.7272727272727273,0.0,113.24247431453156
0.44,0.1225220104449371,0.1250383295883599,0.1234913925975621,0.0699737371345634,0.0,0.0,0.7272727272727273,0.0,115.24665464726041
0.444,0.1251629648032745,0.1254242231441066,0.1257847566747904,0.0717448063826035,0.0,0.0,0.7272727272727273,0.0,115.72649416949224
0.448,0.1231143765402182,0.1222493523718814,0.1207217362955922,0.0860649470089556,0.0,0.0,0.7272727272727273,0.0,111.71491436119389
0.452,0.1185378382892909,0.1191222272007334,0.1191809916307142,0.0447637272737564,0.0,1.0,0.7272727272727273,0.0,110.2900009155273
0.456,0.1179402788691436,0.1235102635777258,0.1187204697409794,0.0780703826373043,0.0,0.0,0.7272727272727273,0.0,113.43657743228165
0.46,0.1214606890964241,0.1210452159929727,0.1179441797685108,0.0558648583979287,0.0,0.0,0.7272727272727273,0.0,110.06708193220543
0.464,0.1188625994900835,0.11815427843433,0.11370745065947,0.0655556581057311,0.0,0.0,0.7272727272727273,0.0,106.93804061209484
0.468,0.1112372029275406,0.1122562443449045,0.1116285571152915,0.0738338238152592,0.0,0.0,0.7272727272727273,0.0,105.37135977931219
0.472,0.1100940470686839,0.1142050506182789,0.1109838405234304,0.1154445489347584,0.0,0.0,0.7272727272727273,0.0,106.60947785965404
0.476,0.1125232644185455,0.1119594122372384,0.1116417174648738,0.0621096524041545,0.0,0.0,0.7272727272727273,0.0,104.67462777584011
0.48,0.1120296210503486,0.1127982932909342,0.1134837749085966,0.048348655416891,0.0,0.0,0.7272727272727273,0.0,106.46284639587249
0.484,0.112938958359123,0.1140759927520552,0.1148258394522428,0.0235394866892537,0.0,0.0,0.7272727272727273,0.0,107.6413008744224
0.488,0.1130298910989079,0.1158828225721544,0.1149179418225087,0.0424433003597208,0.0,0.0,0.7272727272727273,0.0,108.7242152129413
0.492,0.1165373081030976,0.1163861649894495,0.1165100028161932,0.0441502810780918,0.0,0.0,0.7272727272727273,0.0,108.50362493381544
0.496,0.1131338071508583,0.1126950529058457,0.1092865168098976,0.0975517606020944,0.0,0.0,0.7272727272727273,0.0,103.4654907498476
0.5,0.1092106962060911,0.108732916349227,0.1089444179895935,0.0940704486446523,0.0,0.0,0.7272727272727273,0.0,102.53794583339027
0.504,0.1029882704095942,0.110010605963864,0.1036419314477041,0.2506162764525885,0.0,0.0,0.7272727272727273,0.0,102.7082772263759
0.508,0.1044042343987311,0.1036866720540648,0.1004314987995758,0.1883366167511682,0.0,0.0,0.7272727272727273,0.0,96.50527218134427
0.512,0.1007149420040462,0.1002665844434759,0.1006288538512845,0.0940061682331579,0.0,0.0,0.7272727272727273,0.0,96.15192106422893
0.516,0.1003382178218157,0.0999181272200236,0.0965500188220162,0.1369564203754705,0.0,0.0,0.7272727272727273,0.0,93.69351835869902
0.52,0.0966489353380562,0.097143338787037,0.0970894827324345,0.0790459098374165,0.0,0.0,0.7272727272727273,0.0,93.91098060488024
0.524,0.0987274050409437,0.0998535933636698,0.0995762567680183,0.0893578310138978,0.0,0.0,0.7272727272727273,0.0,96.11476006721915
0.528,0.0994029039777851,0.0991437701761977,0.098102608805359,0.071500157055274,0.0,0.0,0.7272727272727273,0.0,94.55566963319535
0.532,0.0966229488918746,0.0972853053938282,0.0978263016945614,0.0604640738698976,0.0,0.0,0.7272727272727273,0.0,94.44541877759781
0.536,0.0993509509072726,0.100382743415616,0.09932626031798,0.0915638963600209,0.0,0.0,0.7272727272727273,0.0,96.02388208383029
0.54,0.0981038591746148,0.098421028401674,0.0981815508260424,0.0661815766200438,0.0,0.0,0.7272727272727273,0.0,94.71321637800946
0.544,0.096220248174388,0.0980725711782218,0.0979973460855107,0.1462836040242223,0.0,0.0,0.7272727272727273,0.0,95.14978122910765
0.548,0.0977011584571281,0.0970013721802458,0.0972868478225486,0.0704799213898537,0.0,0.0,0.7272727272727273,0.0,93.51086684346123
0.552,0.0959994129364711,0.0958398316912649,0.0952079542783699,0.0444058676694666,0.0,0.0,0.7272727272727273,0.0,92.3161640982399
0.556,0.0956226887542407,0.0956720574498225,0.0969710596630038,0.0185626477849833,0.0,0.0,0.7272727272727273,0.0,93.41607936145705
0.56,0.0961033388993468,0.0969755645455947,0.0977605099850548,0.0370608232766469,0.0,0.0,0.7272727272727273,0.0,94.44774155905081
0.5640000000000001,0.0967658446130974,0.0973369305096145,0.0982341821859665,0.0417147250688424,0.0,0.0,0.7272727272727273,0.0,94.66425998164324
0.5680000000000001,0.0961552919698593,0.096072139789061,0.0978526123553207,0.0396583275464972,0.0,0.0,0.7272727272727273,0.0,93.9430511553674
0.5720000000000001,0.096259217932735,0.0964851308688672,0.097668407614789,0.0397987850426582,0.0,0.0,0.7272727272727273,0.0,94.03739559564212
0.5760000000000001,0.0969477100926672,0.096252822771071,0.0945237566377617,0.0736854991642586,0.0,0.0,0.7272727272727273,0.0,91.75789810656708
0.58,0.0927777774638016,0.0943169252382641,0.0945632276481034,0.069901397686404,0.0,0.0,0.7272727272727273,0.0,92.36000225773124
0.584,0.0935831888097003,0.0930392356236271,0.0931159003846089,0.0778600801567137,0.0,0.0,0.7272727272727273,0.0,90.41594993180655
0.588,0.0936091653449566,0.0940459007652493,0.0935369412255965,0.0648019462957309,0.0,0.0,0.7272727272727273,0.0,91.2549254081841
0.592,0.0921672248205635,0.0925359030528161,0.0929053849833179,0.0716003193681101,0.0,0.0,0.7272727272727273,0.0,90.58264847226033
0.596,0.091621628381854,0.0909871889651642,0.0912475322801269,0.1013627255354989,0.0,0.0,0.7272727272727273,0.0,88.90591268931269
0.6,0.0911799579060202,0.0913614538232676,0.0925764465125962,0.0643508321243179,0.0,0.0,0.7272727272727273,0.0,90.10405449355677
0.604,0.0908551967052277,0.0924068451865924,0.092234347692292,0.081486838537776,0.0,0.0,0.7272727272727273,0.0,90.65287232450419
0.608,0.093193471404379,0.0929618028731897,0.0907606997296327,0.0901533730618256,0.0,0.0,0.7272727272727273,0.0,89.14671274602833
0.612,0.0903095903555929,0.0907806885020191,0.0905896553386834,0.0656066986712759,0.0,0.0,0.7272727272727273,0.0,88.95446670800321
0.616,0.0894262394930001,0.0889996663165711,0.0905370239787593,0.0870694483646967,0.0,0.0,0.7272727272727273,0.0,88.22408541379264
0.62,0.0902446440619896,0.0907935972425867,0.0895370482170117,0.2052671177296695,0.0,0.0,0.7272727272727273,0.0,88.32176803754025
0.624,0.0818657991349859,0.0857602616879921,0.082839865771552,0.2402107169453334,0.0,0.0,0.7272727272727273,0.0,84.86260683707438
0.628,0.0851134111429117,0.0845987211990112,0.0842214113639454,0.1273316280155907,0.0,0.0,0.7272727272727273,0.0,83.67853562979968
0.632,0.083047934663115,0.0861474451331471,0.0846161315057682,0.1185186876587941,0.0,0.0,0.7272727272727273,0.0,85.68883326239738
0.636,0.0875815982511203,0.0869734272927593,0.0873397416418079,0.0732758314671226,0.0,0.0,0.7272727272727273,0.0,85.91532948154128
0.64,0.085451165566795,0.0852440203766134,0.0854055818278193,0.0672294432683154,0.0,0.0,0.7272727272727273,0.0,84.63858017962275
0.644,0.0859058292657196,0.0863668444903757,0.0859582060878199,0.0671753325935649,0.0,0.0,0.7272727272727273,0.0,85.4414698412102
0.648,0.0841910905219718,0.0836694888078264,0.0833924799931472,0.0758397564175356,0.0,0.0,0.7272727272727273,0.0,83.04190149031419
0.652,0.0826192474994467,0.0832564977280203,0.0839582545643248,0.0825112956033541,0.0,0.0,0.7272727272727273,0.0,83.77728334580675
0.656,0.083177837161247,0.0848181205562398,0.0838793125436413,0.074241764575967,0.0,0.0,0.7272727272727273,0.0,84.43030651029417
0.66,0.0814890848636808,0.0811786335884222,0.079800477514373,0.0902518084382335,0.0,0.0,0.7272727272727273,0.0,80.57031501066238
0.664,0.078579217368713,0.0798751363391341,0.0792873343031196,0.0886672483244399,0.0,0.0,0.7272727272727273,0.0,80.70120362176608
0.668,0.0805277845734685,0.0822756500675333,0.0810109686774116,0.0998779439708907,0.0,0.0,0.7272727272727273,0.0,82.32691962377672
0.672,0.0799172319302304,0.0812302587042085,0.0811557024076016,0.0832770959683517,0.0,0.0,0.7272727272727273,0.0,82.04993338283242
0.676,0.0814241286591521,0.0808688927401887,0.0801294159850947,0.0756902804755829,0.0,0.0,0.7272727272727273,0.0,80.61210734287803
0.68,0.0821256140421751,0.0840308646183303,0.0830503811728431,0.0783681832302576,0.0,0.0,0.7272727272727273,0.0,83.91196301658177
0.684,0.0811383372167066,0.081217359810125,0.0795767917250941,0.0730808795325605,0.0,0.0,0.7272727272727273,0.0,80.61464687828145
0.6880000000000001,0.0774360615098563,0.0769196649241376,0.0740243187715719,0.1357798010223847,0.0,0.0,0.7272727272727273,0.0,76.31666634760208
0.6920000000000001,0.0735778968586924,0.0743771845889471,0.0744190389133947,0.0758666198730855,0.0,0.0,0.7272727272727273,0.0,76.65789625745792
0.6960000000000001,0.0745911502194172,0.0752677006049132,0.0741164211418378,0.0637193490370698,0.0,0.0,0.7272727272727273,0.0,76.59418694073864
0.7000000000000001,0.0751107701228704,0.0758484659261616,0.0754058543255599,0.0520560041646031,0.0,0.0,0.7272727272727273,0.0,77.484515999864
0.704,0.0756693597846706,0.0763388897564051,0.0758137348169651,0.052547413519341,0.0,0.0,0.7272727272727273,0.0,77.78364677971126
0.708,0.0741884495019305,0.0765324814789826,0.0755637484053323,0.056907160473265,0.0,0.0,0.7272727272727273,0.0,78.36404866539654
0.712,0.0757213227661085,0.0752160754891269,0.0737348513111919,0.068327391073005,0.0,0.0,0.7272727272727273,0.0,75.8706377135569
0.716,0.0730452936430737,0.0755903501937143,0.0739979980724071,0.0581885473029954,0.0,0.0,0.7272727272727273,0.0,77.35956825871676
0.72,0.0778517554504338,0.0820433419697372,0.0793136449638789,0.127726904575825,0.0,0.0,0.7272727272727273,0.0,82.29419345907104
0.724,0.0827491499975787,0.0864055608655944,0.0839845752634896,0.1590481586924097,0.0,0.0,0.7272727272727273,0.0,85.58494514298093
0.728,0.0971685552415094,0.0996341940064412,0.0942211388662048,0.3799511507249007,0.0,0.0,0.7272727272727273,0.0,93.39375716524036
0.732,0.0984156370632419,0.1013377834414519,0.1002999153805628,0.1480588946724202,0.0,0.0,0.7272727272727273,0.0,97.53785123731423
0.736,0.0993899206656196,0.1018411160122629,0.1004709698099175,0.1082119472915976,0.0,0.0,0.7272727272727273,0.0,97.54808567795767
0.74,0.1008188679669219,0.1035059890720549,0.1026551160355389,0.0956538574674937,0.0,0.0,0.7272727272727273,0.0,99.23073587466932
0.744,0.1026245394504546,0.1040738554992198,0.1041156036486159,0.0971864176066157,0.0,0.0,0.7272727272727273,0.0,99.67626537004129
0.748,0.103702749015708,0.1036737633134972,0.1031945799459572,0.0737639788308294,0.0,0.0,0.7272727272727273,0.0,98.460444478954
0.752,0.1015852996435482,0.1024606075552141,0.1021156621635262,0.087949226533956,0.0,0.0,0.7272727272727273,0.0,97.97925923409028
0.756,0.101728195364771,0.1018798323874816,0.1017340923328803,0.0734395066641517,0.0,0.0,0.7272727272727273,0.0,97.35672071813468
0.76,0.1012085853722431,0.1012474419504469,0.0996288881279424,0.0598843988754957,0.0,0.0,0.7272727272727273,0.0,95.96671188939975
0.764,0.0978960171597887,0.0978918881962118,0.0985499703455114,0.0603525905293655,0.0,0.0,0.7272727272727273,0.0,94.71299840041316
0.768,0.0976102257173432,0.0982532541602317,0.0990367928576,0.0520437237277803,0.0,0.0,0.7272727272727273,0.0,95.33470013182577
0.772,0.0988313310038194,0.0987953031062614,0.0991946869373724,0.0617435418813744,0.0,0.0,0.7272727272727273,0.0,95.24013750220423
0.776,0.0984676000446797,0.099105043954495,0.0987341750860431,0.0454387675353604,0.0,0.0,0.7272727272727273,0.0,95.31073711263723
0.78,0.0973634040332447,0.0978144455992904,0.0982078715252072,0.0482091573298569,0.0,0.0,0.7272727272727273,0.0,94.69205446827046
0.784,0.0971815385536749,0.0983435956512366,0.09448428562742,0.0717933524844187,0.0,0.0,0.7272727272727273,0.0,92.88952640602162
0.788,0.093284404144164,0.0933489764718607,0.0943658725963948,0.1130646386548623,0.0,0.0,0.7272727272727273,0.0,91.4530419408089
0.792,0.0942327112112854,0.0960592408949775,0.0959053022301551,0.060561741719004,0.0,0.0,0.7272727272727273,0.0,93.5919694883465
0.796,0.0952069948136632,0.0957494902002599,0.0945369169873441,0.0502425290331592,0.0,0.0,0.7272727272727273,0.0,92.2057669493075
0.8,0.0938040240476171,0.0941749586314729,0.0950895312089393,0.0514084030040251,0.0,0.0,0.7272727272727273,0.0,92.17554767906744
0.804,0.0935572023635187,0.0984855622580279,0.0947869134373824,0.1089276665001771,0.0,0.0,0.7272727272727273,0.0,94.64012063269033
0.808,0.0975192929775583,0.098124196294008,0.0970631620332696,0.0802772155107289,0.0,0.0,0.7272727272727273,0.0,94.12978544734105
0.812,0.0951550318322253,0.0967174389666633,0.0963789744310669,0.0568376992524859,0.0,0.0,0.7272727272727273,0.0,93.88089155068428
0.8160000000000001,0.0955187627913649,0.0990018035694065,0.0974447318639155,0.0988500330324562,0.0,0.0,0.7272727272727273,0.0,95.6971653507603
0.8200000000000001,0.0999874800857669,0.1002149593276897,0.0990631135567648,0.0531232508772357,0.0,0.0,0.7272727272727273,0.0,95.53250107021483
0.8240000000000001,0.0984286203754074,0.1021637656010641,0.1002604443702211,0.0658425214346389,0.0,0.0,0.7272727272727273,0.0,98.03355342555503
0.8280000000000001,0.1058201884769425,0.1073003513872312,0.1039445592576665,0.065768263168226,0.0,0.0,0.7272727272727273,0.0,100.18365895942503
0.8320000000000001,0.1026894956549832,0.1036737633134972,0.10431296873873,0.0427182670154566,0.0,0.0,0.7272727272727273,0.0,99.55093180716894
0.836,0.1049888005957876,0.1043448799722347,0.1032472113058814,0.0541177743780582,0.0,0.0,0.7272727272727273,0.0,98.36814814774579
0.84,0.1040924565101039,0.1068486340857224,0.1054050468707434,0.0620428775289305,0.0,0.0,0.7272727272727273,0.0,101.48944364364354
0.844,0.1077817489047888,0.1078036839580423,0.1085365374981883,0.0441635209240414,0.0,0.0,0.7272727272727273,0.0,102.37172457176409
0.848,0.1085092108230681,0.1085651322613007,0.1093259878202394,0.0446871664254392,0.0,0.0,0.7272727272727273,0.0,102.985658894281
0.852,0.1086261300090346,0.1123078694606907,0.1106154310423669,0.0724948724379219,0.0,0.0,0.7272727272727273,0.0,105.90669214279833
0.856,0.1123413989389757,0.1139598337799151,0.1132469388081407,0.0676763360395706,0.0,0.0,0.7272727272727273,0.0,106.89421960249418
0.86,0.1142769729206404,0.1153794900013434,0.1153258323523194,0.1193013736244231,0.0,0.0,0.7272727272727273,0.0,108.13652970296286
0.864,0.099857577587635,0.1022024819762827,0.1001683419999552,0.2364076191667685,0.0,0.0,0.7272727272727273,0.0,97.35097907853726
0.868,0.1008578377252689,0.1007312006390683,0.0981157691549414,0.1161736998711129,0.0,0.0,0.7272727272727273,0.0,94.90240737921398
0.872,0.0967788378361882,0.0969239394298084,0.096576339521181,0.1136101586843507,0.0,0.0,0.7272727272727273,0.0,93.42887366603901
0.876,0.095557732549712,0.0958914568070511,0.0971026330436114,0.0593690042925883,0.0,0.0,0.7272727272727273,0.0,93.64978897980151
0.88,0.0968567773528823,0.0969110306892408,0.0961816093409527,0.0654274810463929,0.0,0.0,0.7272727272727273,0.0,93.17511264608699
0.884,0.0949212033712176,0.0951558161384439,0.0958263602094717,0.0571794407834458,0.0,0.0,0.7272727272727273,0.0,92.72912633284011
0.888,0.0942457044343762,0.094587949711279,0.0951684832680282,0.0517188677974518,0.0,0.0,0.7272727272727273,0.0,92.28794255924458
0.892,0.0935312258282624,0.0939426505336767,0.0934843098656724,0.0588390266909537,0.0,0.0,0.7272727272727273,0.0,91.21047214005993
0.896,0.0931804880922136,0.0946137671924142,0.0945895483472682,0.0448393287129468,0.0,0.0,0.7272727272727273,0.0,92.40779981619843
0.9,0.0933363671256018,0.0963689817432111,0.0944711252778376,0.0732395658021303,0.0,0.0,0.7272727272727273,0.0,93.30626494910491
0.904,0.0973244342748977,0.0969884634396782,0.0959579335900793,0.0530610811658202,0.0,0.0,0.7272727272727273,0.0,92.90171098901237
0.908,0.0943106507279795,0.0939297516395932,0.09462901935761,0.0444684211445328,0.0,0.0,0.7272727272727273,0.0,91.55719000609079
0.912,0.0931155318876849,0.0925746194280348,0.0902607168679617,0.0944200573304517,0.0,0.0,0.7272727272727273,0.0,88.66756384863648
0.916,0.0878803829166566,0.0890512914323573,0.0891423280751889,0.0751764209472783,0.0,0.0,0.7272727272727273,0.0,88.09451789790943
0.92,0.0892443740134303,0.0901482980649844,0.0909975358300886,0.0534845643543819,0.0,0.0,0.7272727272727273,0.0,89.2771508035247
0.924,0.0886078448349359,0.0883930835141875,0.08978704466705,0.0642059613461738,0.0,0.0,0.7272727272727273,0.0,87.78465435778908
0.928,0.0870749715707579,0.0874896587576539,0.0870108031710862,0.0725363189121988,0.0,0.0,0.7272727272727273,0.0,86.25194086452039
0.932,0.0862695701357845,0.0898514561108344,0.0879449872233272,0.0782929655547178,0.0,0.0,0.7272727272727273,0.0,88.5343711341722
0.936,0.0871269345521958,0.0891416329233623,0.0885633931544289,0.0538604608502552,0.0,0.0,0.7272727272727273,0.0,88.12928172421182
0.94,0.0884909355598947,0.0889867575760035,0.089050225704923,0.0511449492578106,0.0,0.0,0.7272727272727273,0.0,87.7589682948345
0.944,0.0885818682996796,0.0902644471906405,0.0891028570648472,0.0567620978132955,0.0,0.0,0.7272727272727273,0.0,88.50922562444678
0.948,0.0870360018124109,0.0906903470110142,0.0886291848639355,0.0634104192982459,0.0,0.0,0.7272727272727273,0.0,89.12250346320864
0.952,0.0917645241030768,0.0928327450069661,0.091734364830621,0.0610026861536731,0.0,0.0,0.7272727272727273,0.0,90.25855642420458
0.956,0.0896600679540077,0.0890512914323573,0.0901686144976958,0.0397377666221948,0.0,0.0,0.7272727272727273,0.0,87.97374996809613
0.96,0.0890235387755134,0.0914001800449703,0.0901949251584551,0.049620640037179,0.0,0.0,0.7272727272727273,0.0,89.64461934463452
0.964,0.0904135163184686,0.0908839387335917,0.0910501671900127,0.0404742090679129,0.0,0.0,0.7272727272727273,0.0,89.26729035057834
0.968,0.0895041889206195,0.0892835995301535,0.0898396760269741,0.0407952273617342,0.0,0.0,0.7272727272727273,0.0,87.98352711096508
0.972,0.0877504804185246,0.0889867575760035,0.0892739014557965,0.0380225349853335,0.0,0.0,0.7272727272727273,0.0,88.20298858268946
0.976,0.087555621715864,0.0871024851589829,0.0876555197629472,0.0691732061591763,0.0,0.0,0.7272727272727273,0.0,86.20430962990945
0.98,0.0866462844070896,0.086624960222823,0.0877476321716185,0.0710724524665545,0.0,0.0,0.7272727272727273,0.0,86.35085732148708
0.984,0.0860357416747769,0.0873477019973467,0.0873002706314662,0.0575516915246373,0.0,0.0,0.7272727272727273,0.0,86.77570985815002
0.988,0.0858798527304633,0.085734454053341,0.0846292918553506,0.0771236377109956,0.0,0.0,0.7272727272727273,0.0,84.30869940737233
0.992,0.0823724357262736,0.0822885489616169,0.0817477876395385,0.0651646029456546,0.0,0.0,0.7272727272727273,0.0,82.02930729960973
0.996,0.0827361666854132,0.0827918815324279,0.0821030468094251,0.0701997739248333,0.0,0.0,0.7272727272727273,0.0,82.38432241875631
1.0,0.0816891368912076,0.0815658170335772,0.081616214258931,0.0778645721102453,0.0,0.0,0.7272727272727273,0.0,81.80167857920596
0.0,0.0008703601172333,0.0011486342100343,0.0013947009227731,0.1291727341298859,0.0,0.0,0.4545454545454546,0.0,20.350749599221587
0.004,0.0009353113662993,0.0018197434839087,0.0016446923536086,0.1729622773763076,0.0,0.0,0.4545454545454546,0.0,20.853489525670817
0.008,0.0012990448031703,0.0037298309204434,0.0017236393934948,0.323710587712924,0.0,0.0,0.4545454545454546,0.0,21.829557843436973
0.012,0.0029618230432115,0.0029425651360499,0.0018552127741024,0.2763685443518529,0.0,0.0,0.4545454545454546,0.0,20.767576301618522
0.016,0.0012990448031703,0.0018455560418018,0.0018946862940455,0.1447211103203447,0.0,0.0,0.4545454545454546,0.0,20.875465902476623
0.02,0.0010782070875221,0.0013551297499374,0.0014868032930389,0.1629115073641366,0.0,0.0,0.4545454545454546,0.0,20.430053401661883
0.024,0.0011821305726664,0.00178102710869,0.0017499525638555,0.16116384769879,0.0,0.0,0.4545454545454546,0.0,20.7951126562287
0.028,0.0014679195373806,0.0024908552194041,0.0021709959144444,0.1626357731810994,0.0,0.0,0.4545454545454546,0.0,21.344928493405213
0.032,0.0017017479983883,0.0026457281051419,0.0022236247647672,0.1754695971882404,0.0,0.0,0.4545454545454546,0.0,21.366482328856165
0.036,0.0028578995580672,0.0030200003481083,0.0025130897155458,0.2508258114058778,0.0,0.0,0.4545454545454546,0.0,21.252700854756192
0.04,0.0020394999445403,0.0026199155472488,0.0023157271350331,0.1510246201651296,0.0,0.0,0.4545454545454546,0.0,21.274413880804865
0.044,0.0023902426360518,0.0040524805092446,0.0031051799666855,0.2448696076649881,0.0,0.0,0.4545454545454546,0.0,22.409419916691597
0.048,0.0040010578946553,0.0041557282791961,0.0041577820691545,0.1193911743186899,0.0,0.0,0.4545454545454546,0.0,22.466197609550704
0.052,0.0037672294336476,0.0039621390182396,0.0042630422794013,0.116041301411617,0.0,0.0,0.4545454545454546,0.0,22.511183992440866
0.056,0.0041699326288656,0.0049429916019686,0.0045393518998003,0.1780442675208733,0.0,0.0,0.4545454545454546,0.0,23.066875448773906
0.06,0.0045076845750176,0.0044138464732644,0.0043419893192876,0.1426612589251432,0.0,0.0,0.4545454545454546,0.0,22.50983950327951
0.064,0.0036762966938627,0.0046590608500072,0.0043551471592686,0.1464845042953705,0.0,0.0,0.4545454545454546,0.0,23.006382115450762
0.068,0.0039361066455893,0.0041557282791961,0.0033551739071224,0.2599833715210146,0.0,0.0,0.4545454545454546,0.0,21.972645292455578
0.072,0.003442468232855,0.0039750428355652,0.0039735773286227,0.1121013918915729,0.0,0.0,0.4545454545454546,0.0,22.485897245766335
0.076,0.0035204102272805,0.0036652995257106,0.003802530428072,0.1496127536941568,0.0,0.0,0.4545454545454546,0.0,22.155989820130024
0.08,0.0034814404689334,0.0054721391922938,0.0041577820691545,0.2241018539430083,0.0,0.0,0.4545454545454546,0.0,23.4270425179947
0.084,0.0049233809933265,0.0051365833245461,0.0054735359520414,0.1295083354424343,0.0,0.0,0.4545454545454546,0.0,23.43635514119932
0.088,0.0053650539468916,0.005794788781095,0.005934050312972,0.0994828592924818,0.0,0.0,0.4545454545454546,0.0,23.925426504605884
0.092,0.0052741212071066,0.0053043600276095,0.0055130094719845,0.0894437940716574,0.0,0.0,0.4545454545454546,0.0,23.428648502768866
0.096,0.0048584272665292,0.0049688041598618,0.0051445974813196,0.0876259056582304,0.0,0.0,0.4545454545454546,0.0,23.186289123065656
0.1,0.0052871119524661,0.0054592329133472,0.0051709131612817,0.1215485016811726,0.0,0.0,0.4545454545454546,0.0,23.30341381527122
0.104,0.0045336660657366,0.0046203420131675,0.0043156736393255,0.1076687298440134,0.0,0.0,0.4545454545454546,0.0,22.620818072199718
0.108,0.0041049813797996,0.0045170942432159,0.0047630301602751,0.0894746870455398,0.0,0.0,0.4545454545454546,0.0,23.006157056481737
0.112,0.0048324457758102,0.0052140185366045,0.0051709131612817,0.1102201824757782,0.0,0.0,0.4545454545454546,0.0,23.35070071684057
0.116,0.0050662742368179,0.0055237618464591,0.0055130094719845,0.113026262289791,0.0,0.0,0.4545454545454546,0.0,23.637621490053046
0.12,0.0049883322423925,0.0051494896034927,0.0054077492617376,0.0982740037927361,0.0,0.0,0.4545454545454546,0.0,23.391353901476148
0.124,0.0048844087572481,0.0052527373734442,0.0051972288412438,0.1265610306049592,0.0,0.0,0.4545454545454546,0.0,23.36225099576009
0.128,0.0051831884673217,0.0052011122576579,0.0047761880002562,0.2479293552521221,0.0,0.0,0.4545454545454546,0.0,22.91737507037576
0.132,0.0015328732641779,0.0019358975328068,0.0018288996037417,0.464975330713123,0.0,0.0,0.4545454545454546,0.0,20.68347766767756
0.136,0.0017147387437477,0.0022456433042824,0.0022104669247862,0.1599367634256355,0.0,0.0,0.4545454545454546,0.0,21.125893310417
0.14,0.0015458640095374,0.0016777793387385,0.0018025839237796,0.1881930891458015,0.0,0.0,0.4545454545454546,0.0,20.609337803158876
0.144,0.0012081120633854,0.0013809423078305,0.0014604876130768,0.124083068712306,0.0,0.0,0.4545454545454546,0.0,20.395549051529272
0.148,0.0008703601172333,0.0008776072753984,0.0009078708818803,0.1686858071345884,0.0,0.0,0.4545454545454546,0.0,19.896504681609876
0.152,0.0,0.0,0.0,0.1606860619536524,0.0,0.0,0.4545454545454546,0.0,19.20635662667292
0.156,2.5981490718925138e-05,5.162511578626558e-05,0.0004999878808737,0.1275927791799009,0.0,0.0,0.4545454545454546,0.0,19.531583741183887
0.16,0.0002598099517265,0.001277694537879,0.0009341865618424,0.1814900813406245,0.0,0.0,0.4545454545454546,0.0,20.398394947393562
0.164,0.0008054088681673,0.0012002568641996,0.0011841805022793,0.1234189657147473,0.0,0.0,0.4545454545454546,0.0,20.29409995094136
0.168,0.0006495224015851,0.0011486342100343,0.0008289263515955,0.2468154812559279,0.0,0.0,0.4545454545454546,0.0,20.075410708610953
0.172,0.0006495224015851,0.0006065828023835,0.0008420841915765,0.1394234450040784,0.0,0.0,0.4545454545454546,0.0,19.800002954885176
0.176,0.0012340935541043,0.0026457281051419,0.0019341598139886,0.331555868024448,0.0,0.0,0.4545454545454546,0.0,21.3405426098089
0.18,0.002208377156482,0.0029812839728896,0.0023552006549762,0.2521321428729045,0.0,0.0,0.4545454545454546,0.0,21.41198496993855
0.184,0.0027539760729228,0.0035491454768125,0.0031446534866286,0.159780955383446,0.0,0.0,0.4545454545454546,0.0,22.01970212468676
0.188,0.0032346212625663,0.006001284320998,0.0038551592783948,0.3555543360399543,0.0,0.0,0.4545454545454546,0.0,23.623496533659548
0.192,0.0071577371627961,0.007872650459072,0.0067629766645676,0.5898585466371654,0.0,0.0,0.4545454545454546,0.0,24.73121801795754
0.196,0.0058457016142664,0.0069047016926686,0.0055787961622883,0.4024945788587291,0.0,0.0,0.4545454545454546,0.0,24.072877580724622
0.2,0.0070668044230112,0.0090083783901598,0.0078550522869796,0.5658696727129269,0.0,0.0,0.4545454545454546,0.0,26.092943102315967
0.204,0.0070148414415734,0.0069434205295083,0.0057366877324593,0.3039321766824822,0.0,0.0,0.4545454545454546,0.0,23.740026316391443
0.208,0.0052351514487596,0.0051882059787114,0.005013024100712,0.1822194241588044,0.0,0.0,0.4545454545454546,0.0,23.054244336004565
0.212,0.0053910354376105,0.0073305990514213,0.0061577285734469,0.3789913578344677,0.0,0.0,0.4545454545454546,0.0,24.862876749225038
0.216,0.0077942688190218,0.00816948748998,0.0071971753455362,0.2956355903177198,0.0,0.0,0.4545454545454546,0.0,25.00548409559898
0.22,0.0065991475009959,0.0066982061527656,0.0067498188245865,0.1454546745386825,0.0,0.0,0.4545454545454546,0.0,24.418507241554803
0.224,0.0060925208206335,0.0070208557415667,0.0066840296246814,0.1692023530084479,0.0,0.0,0.4545454545454546,0.0,24.773046719251415
0.228,0.0070927834359988,0.0072144450025232,0.007420853606011,0.1099122121460811,0.0,0.0,0.4545454545454546,0.0,24.927360372416146
0.232,0.0068329759620036,0.0069950431836736,0.0069866549250424,0.1170104965114924,0.0,0.0,0.4545454545454546,0.0,24.64762813694836
0.236,0.0056898151476841,0.0060529069751633,0.00619720209339,0.1053582807848964,0.0,0.0,0.4545454545454546,0.0,24.102917599372688
0.24,0.0059626158447702,0.0058593177142068,0.0062498309437127,0.0864792198699002,0.0,0.0,0.4545454545454546,0.0,23.912770250252603
0.244,0.0056508453893371,0.0065691458249209,0.0062893044636558,0.1080344566031429,0.0,0.0,0.4545454545454546,0.0,24.47909136943439
0.248,0.0066251289917148,0.0066594873159259,0.0068419211948524,0.1021221938002598,0.0,0.0,0.4545454545454546,0.0,24.455589666711642
0.252,0.0064692425251326,0.0066982061527656,0.0067761345045486,0.0928097850520604,0.0,0.0,0.4545454545454546,0.0,24.508103020748607
0.256,0.0065341962519299,0.0067885476437705,0.0069734970850614,0.0755866642898904,0.0,0.0,0.4545454545454546,0.0,24.656983733811984
0.26,0.0063913005307071,0.0068659853174499,0.0069866549250424,0.1129163140038618,0.0,0.0,0.4545454545454546,0.0,24.75662326589552
0.264,0.0068329759620036,0.0069434205295083,0.0073682222460869,0.1012809838778971,0.0,0.0,0.4545454545454546,0.0,24.84781467715874
0.268,0.0066381197370743,0.0065562395459743,0.0066840296246814,0.0957852965178629,0.0,0.0,0.4545454545454546,0.0,24.29943830940181
0.272,0.0062743863002033,0.0076274360823293,0.0069077078851562,0.1558036289074575,0.0,0.0,0.4545454545454546,0.0,25.196111598223563
0.276,0.006910917956429,0.0074725656582125,0.0075261138162579,0.1104907358495308,0.0,0.0,0.4545454545454546,0.0,25.219634832901736
0.28,0.007248669902581,0.007369317888261,0.0072103331855172,0.1157811096564336,0.0,0.0,0.4545454545454546,0.0,24.83147421673017
0.284,0.0159522710749147,0.0165583792604308,0.0147232866521928,1.0,0.0,0.0,0.4545454545454546,0.0,30.77237480978672
0.288,0.0141336063682912,0.0142998296772017,0.0136312110297807,0.4277986108139607,0.0,0.0,0.4545454545454546,0.0,29.749873902237727
0.292,0.0132112857473513,0.0136158141243808,0.0128417581981283,0.2447656077156449,0.0,0.0,0.4545454545454546,0.0,29.32869617060904
0.296,0.0123279348847584,0.0137448744522254,0.0129601762483562,0.2370968586834488,0.0,0.0,0.4545454545454546,0.0,29.843642420268193
0.3,0.0128345615651209,0.0156807719850323,0.0134996351395717,0.3102817381653526,0.0,0.0,0.4545454545454546,0.0,31.07385861963845
0.304,0.0157314333592664,0.0189717968061555,0.0161048272253835,0.5621281690003014,0.0,0.0,0.4545454545454546,0.0,33.26609778938047
0.308,0.0201611759398587,0.0216175224496765,0.0204205033743104,0.5100783050541097,0.0,0.0,0.4545454545454546,0.0,35.55268369023417
0.312,0.0195116535382736,0.0200042745056708,0.0194205276125628,0.2875387529331535,0.0,0.0,0.4545454545454546,0.0,34.357328277006815
0.316,0.0187452169061846,0.01895889298883,0.0184863435603217,0.2342195907122288,0.0,0.0,0.4545454545454546,0.0,33.52536294125291
0.32,0.0182255970027314,0.0213077816014429,0.0191179048218031,0.306810979708305,0.0,0.0,0.4545454545454546,0.0,35.4802046729703
0.324,0.0211224663191457,0.0232565829515754,0.0216704655476907,0.2813137227549394,0.0,0.0,0.4545454545454546,0.0,36.94418351784584
0.328,0.0239673776095847,0.0239147908697452,0.02299937978016,0.2352574795055819,0.0,0.0,0.4545454545454546,0.0,36.952862970895154
0.332,0.0229801007841162,0.0246891479135711,0.022973064100198,0.209788621062369,0.0,0.0,0.4545454545454546,0.0,37.81566417800924
0.336,0.0222656271334651,0.0238760695712845,0.0228678013803497,0.2079736108763223,0.0,0.0,0.4545454545454546,0.0,37.56776708394136
0.34,0.0221487129029612,0.0235405161651578,0.0222888714787924,0.1927418396977016,0.0,0.0,0.4545454545454546,0.0,37.08301078198333
0.344,0.0234217762154126,0.0239405985043963,0.0235388386713756,0.1671881694876812,0.0,0.0,0.4545454545454546,0.0,37.53578254531712
0.348,0.024629888278798,0.025941029893557,0.0228020146900459,0.3459809680092701,0.0,0.0,0.4545454545454546,0.0,37.727216457076615
0.352,0.0220058171817385,0.023179145277896,0.0227756990100839,0.1943125843200696,0.0,0.0,0.4545454545454546,0.0,37.213038505552944
0.356,0.0214342392523101,0.0219401720384776,0.0206836501355256,0.2209603646982725,0.0,0.0,0.4545454545454546,0.0,35.477509929548845
0.36,0.0219538591557633,0.0231533376432448,0.0219336173281087,0.1851444707045382,0.0,0.0,0.4545454545454546,0.0,36.72901079190498
0.364,0.022928142758141,0.0238373531960658,0.0229467484202359,0.1546642346284908,0.0,0.0,0.4545454545454546,0.0,37.33706140768169
0.368,0.0219018961743254,0.0243019693916582,0.0225125522488686,0.2238124961503708,0.0,0.0,0.4545454545454546,0.0,37.758751178276235
0.372,0.0234737391968505,0.0244826523736681,0.0244598673932369,0.1486629386586424,0.0,0.0,0.4545454545454546,0.0,38.384287430895384
0.376,0.0242141943382205,0.0242632480931975,0.0246045961042242,0.1350483475041259,0.0,0.0,0.4545454545454546,0.0,38.037215102790455
0.38,0.023824481888362,0.0237211991471677,0.0224599208889445,0.1618446444151547,0.0,0.0,0.4545454545454546,0.0,36.60938441154717
0.384,0.0222136641520272,0.0243277819495513,0.022973064100198,0.2287620878354405,0.0,0.0,0.4545454545454546,0.0,37.91394608260326
0.388,0.0266563999557103,0.0278382061279032,0.0248151215439207,0.4674742077247401,0.0,0.0,0.4545454545454546,0.0,39.1533298911591
0.392,0.0245389555390131,0.0272574358834127,0.0253414200855538,0.3017412700005621,0.0,0.0,0.4545454545454546,0.0,40.053967279635486
0.396,0.02609781029391,0.0295934206787001,0.0270650594790487,0.3425138553069043,0.0,0.0,0.4545454545454546,0.0,41.792143407896084
0.4,0.0287088881678788,0.0290255591747772,0.0288807962236066,0.1999581313857072,0.0,0.0,0.4545454545454546,0.0,41.48969387572046
0.404,0.0278904935098146,0.0282382933903837,0.027815038790758,0.1575380487268544,0.0,0.0,0.4545454545454546,0.0,40.75147245663376
0.408,0.0275137693275842,0.0274639363465578,0.0273939979497704,0.1491257576214021,0.0,0.0,0.4545454545454546,0.0,40.2038461452718
0.412,0.0269551796657839,0.0269735075930723,0.0264203378679849,0.1122769637617741,0.0,0.0,0.4545454545454546,0.0,39.58632737895809
0.416,0.0242141943382205,0.0241341902269738,0.0232362158806159,0.1909155084839589,0.0,0.0,0.4545454545454546,0.0,37.139659268425966
0.42,0.0232788804941899,0.0247020517308967,0.0238677771420973,0.1379202427842359,0.0,0.0,0.4545454545454546,0.0,38.25403196243192
0.424,0.0244740042899471,0.0261862418086788,0.0234598916314894,0.1436734355538985,0.0,0.0,0.4545454545454546,0.0,38.39942739798245
0.428,0.0230710335239011,0.024160002784867,0.0236835724015656,0.1780039723375485,0.0,0.0,0.4545454545454546,0.0,37.89605505768263
0.432,0.0252404409220361,0.0257861545461982,0.0249993262844525,0.1440387785493772,0.0,0.0,0.4545454545454546,0.0,38.74739591385318
0.436,0.0242271875613113,0.0240954738517551,0.0243677650229711,0.0978367051127487,0.0,0.0,0.4545454545454546,0.0,37.80930500840167
0.44,0.0241102733308075,0.024069661293862,0.0241835552632366,0.0980940186405518,0.0,0.0,0.4545454545454546,0.0,37.73444706743045
0.444,0.0230840267469919,0.0229210295454487,0.0216836258972731,0.1781417434881544,0.0,0.0,0.4545454545454546,0.0,35.982470672069994
0.448,0.0201741642074868,0.0213594017939872,0.0205915477652597,0.1323261200477939,0.0,0.0,0.4545454545454546,0.0,35.63642038681952
0.452,0.020719765601659,0.0208818817810693,0.0200784045540062,0.1339837871370483,0.0,0.0,0.4545454545454546,0.0,34.82541637306315
0.456,0.0191609108467621,0.0196299998010834,0.019210007192069,0.1127322993333449,0.0,0.0,0.4545454545454546,0.0,34.22607228631919
0.46,0.0192648368096378,0.0209076943389624,0.0201047202339683,0.1234982129086195,0.0,0.0,0.4545454545454546,0.0,35.46296864860359
0.464,0.0214342392523101,0.022107951203162,0.0190915891418411,0.1796689309361664,0.0,0.0,0.4545454545454546,0.0,34.66303175245068
0.468,0.0181996155120125,0.0199139330146658,0.0183152941501697,0.1974229887090977,0.0,0.0,0.4545454545454546,0.0,34.238205679041165
0.472,0.0200962246907927,0.0214368394676666,0.0206836501355256,0.1938971601681728,0.0,0.0,0.4545454545454546,0.0,35.74760293999958
0.476,0.0208496680997909,0.0213981230924479,0.0206704948051459,0.1140725938834597,0.0,0.0,0.4545454545454546,0.0,35.43371032530665
0.48,0.0216940492040367,0.0228306880544437,0.0225783389391724,0.099413014308052,0.0,0.0,0.4545454545454546,0.0,37.059225485889684
0.484,0.0232529039589336,0.0271541905750822,0.0241703999328569,0.1785375956938648,0.0,0.0,0.4545454545454546,0.0,39.8869419165696
0.488,0.0264485529854215,0.0268831661020673,0.0271440014997321,0.1377346930591163,0.0,0.0,0.4545454545454546,0.0,40.16110700522048
0.492,0.0272409711082294,0.031142139689594,0.0277360917508718,0.3155533075533704,0.0,0.0,0.4545454545454546,0.0,42.64596909439773
0.496,0.0310341795548647,0.0315809433272932,0.0309728450981649,0.1711649203181937,0.0,0.0,0.4545454545454546,0.0,43.2858506708062
0.5,0.030865302342923,0.0306258983782154,0.0278545098010997,0.201660698822095,0.0,0.0,0.4545454545454546,0.0,40.9488675956415
0.504,0.0281373102384504,0.0300451330569669,0.029183424033569,0.192434636895306,0.0,0.0,0.4545454545454546,0.0,42.51679434758408
0.508,0.0291505635991752,0.0291288044831077,0.0272755798995425,0.17499564907961,0.0,0.0,0.4545454545454546,0.0,40.440340057053774
0.512,0.0275787205766502,0.0280188891099131,0.0277097760709097,0.1134468672509723,0.0,0.0,0.4545454545454546,0.0,40.709162450074416
0.516,0.0267733141862141,0.0276704318864608,0.0262098174474911,0.1404977913442492,0.0,0.0,0.4545454545454546,0.0,39.94653504894044
0.52,0.0267213512047763,0.0266379492637036,0.0264598138975294,0.1081117849787615,0.0,0.0,0.4545454545454546,0.0,39.51325458488827
0.524,0.0256561348626136,0.0264314537238005,0.0245388094139204,0.163158267391545,0.0,0.0,0.4545454545454546,0.0,38.6855493212223
0.528,0.024461016022319,0.0244310272578818,0.0241440842528949,0.1115689198262087,0.0,0.0,0.4545454545454546,0.0,37.77965387158301
0.532,0.0234867324199413,0.0237599155223864,0.023617780692059,0.0915974756794583,0.0,0.0,0.4545454545454546,0.0,37.48329888165439
0.536,0.0234997206875694,0.0236050450982696,0.0223678185186787,0.0998516561608169,0.0,0.0,0.4545454545454546,0.0,36.65004593424612
0.54,0.0232269224682147,0.0231533376432448,0.0219730883384504,0.1280130003774315,0.0,0.0,0.4545454545454546,0.0,36.25327876111791
0.544,0.0220577801631763,0.0232694916921429,0.0229862194305776,0.3079077762220425,0.0,0.0,0.4545454545454546,0.0,37.33615890041352
0.548,0.023889433137428,0.023682482771949,0.0227888593596662,0.0938906553742933,0.0,0.0,0.4545454545454546,0.0,36.78422133909572
0.552,0.0217460121854745,0.0222628216272788,0.0224467605393621,0.0637126331731823,0.0,0.0,0.4545454545454546,0.0,36.6392435191793
0.556,0.0203560296870567,0.0214626520255597,0.0210257489558297,0.0665636133343285,0.0,0.0,0.4545454545454546,0.0,35.905471603973204
0.56,0.021655074490227,0.0218627392880403,0.0222099244389063,0.0499382044581439,0.0,0.0,0.4545454545454546,0.0,36.30568404915131
0.5640000000000001,0.0214472275199382,0.0222628216272788,0.0221704534285645,0.0677504024241582,0.0,0.0,0.4545454545454546,0.0,36.60002712645601
0.5680000000000001,0.0226163698249766,0.0241470940442994,0.0234862073114514,0.1135583505915044,0.0,0.0,0.4545454545454546,0.0,37.99029590475586
0.5720000000000001,0.0232529039589336,0.0232694916921429,0.0235519940017552,0.0935823012809454,0.0,0.0,0.4545454545454546,0.0,37.25131466679386
0.5760000000000001,0.0237335491485771,0.0262120543665719,0.0247230141544521,0.1777641200558529,0.0,0.0,0.4545454545454546,0.0,39.45666170510712
0.58,0.0286958999002507,0.0291029919252146,0.0267098053283649,0.1801991004196263,0.0,0.0,0.4545454545454546,0.0,40.282798243388484
0.584,0.0264485529854215,0.0267928246110624,0.0262887644873773,0.1221158962387516,0.0,0.0,0.4545454545454546,0.0,39.61568615897574
0.588,0.026864246925999,0.0322907714380074,0.0278281941211377,0.3132940909416236,0.0,0.0,0.4545454545454546,0.0,43.543296732683785
0.592,0.030033914461768,0.0307033360518948,0.0285650181024673,0.1640361267425508,0.0,0.0,0.4545454545454546,0.0,41.773518882453175
0.596,0.0290076728334151,0.033787865333115,0.0297360382551642,0.3529426325150276,0.0,0.0,0.4545454545454546,0.0,44.64967342955083
0.6,0.032138370610837,0.0334264993690951,0.0327885868619256,0.1904143131561279,0.0,0.0,0.4545454545454546,0.0,44.987204088912776
0.604,0.0342817915627905,0.037027269961694,0.0345385419353825,0.3183367453119912,0.0,0.0,0.4545454545454546,0.0,47.21854022699608
0.608,0.0382568704444582,0.038008122545423,0.0374331964623715,0.2791341371007155,0.0,0.0,0.4545454545454546,0.0,47.86654267645799
0.612,0.0387764853924487,0.0398020534714386,0.0379726603727897,0.2486308752056253,0.0,0.0,0.4545454545454546,0.0,49.04438496745668
0.616,0.0386725643850357,0.0395697453736424,0.0364990124101304,0.239009536718602,0.0,0.0,0.4545454545454546,0.0,48.08880869684332
0.62,0.0361134445370421,0.0395955579315355,0.0368805822407763,0.282832083638985,0.0,0.0,0.4545454545454546,0.0,49.372367156049066
0.624,0.0400365604372719,0.04499025945015,0.0410252089795511,0.4179404901544475,0.0,0.0,0.4545454545454546,0.0,53.33391049527774
0.628,0.0450898439287304,0.0452354713652717,0.044880368257946,0.359418644120808,0.0,0.0,0.4545454545454546,0.0,53.668633615235535
0.632,0.0355418666076137,0.0368853033549027,0.0335254108432553,0.560144302807941,0.0,0.0,0.4545454545454546,0.0,45.932256045151206
0.636,0.0321903286368122,0.0321488048312161,0.0306702223074053,0.2814021802764287,0.0,0.0,0.4545454545454546,0.0,42.9332005828192
0.64,0.0317876279193255,0.0322391463222211,0.0317491400898363,0.2284896156434344,0.0,0.0,0.4545454545454546,0.0,43.80566364225311
0.644,0.0352041121837303,0.0383823972500104,0.035985869198877,0.3823076514221033,0.0,0.0,0.4545454545454546,0.0,48.468958222535804
0.648,0.0364511989609255,0.037711285514515,0.0368674269103966,0.2331415986173763,0.0,0.0,0.4545454545454546,0.0,48.124668997347975
0.652,0.0382958402028052,0.0387566719545978,0.0355121969979653,0.2152265519929709,0.0,0.0,0.4545454545454546,0.0,47.19330001765952
0.656,0.0339440420943698,0.0390922253607245,0.0349069514164459,0.189311952069455,0.0,0.0,0.4545454545454546,0.0,48.84974626956674
0.66,0.0396988109688512,0.0412217146161088,0.0387621106948408,0.2292051429701886,0.0,0.0,0.4545454545454546,0.0,49.97766611063627
0.664,0.0390233070765472,0.0389115423787146,0.0368805822407763,0.2416720889272481,0.0,0.0,0.4545454545454546,0.0,47.77750403122967
0.668,0.0364901687192725,0.0404086362738222,0.0366042751299787,0.2140516595763134,0.0,0.0,0.4545454545454546,0.0,49.56407082289603
0.672,0.0384517241916561,0.0409764977777451,0.0392884142556766,0.2165315402872202,0.0,0.0,0.4545454545454546,0.0,50.662344158753626
0.676,0.0390882583256131,0.0408732524694145,0.0376568772324477,0.1766991759251246,0.0,0.0,0.4545454545454546,0.0,49.394990126715584
0.68,0.0401534746677758,0.0399956451940161,0.0365779594500166,0.186276957237792,0.0,0.0,0.4545454545454546,0.0,47.79644130902019
0.684,0.0371656726115766,0.0387179506561371,0.0366963775002446,0.2013364185372426,0.0,0.0,0.4545454545454546,0.0,48.33935005745714
0.6880000000000001,0.0367629669386272,0.0379435936123111,0.0358148197887249,0.1641880971482331,0.0,0.0,0.4545454545454546,0.0,47.54274231826939
0.6920000000000001,0.0341129143508488,0.0363174369277378,0.0342096034646608,0.1285349189424011,0.0,0.0,0.4545454545454546,0.0,46.746137176312
0.6960000000000001,0.0343337545442283,0.0352075264777852,0.0348543200565218,0.1209782288962132,0.0,0.0,0.4545454545454546,0.0,46.376427366750505
0.7000000000000001,0.0343207613211375,0.0351300888041058,0.0340911854144328,0.1200263031606198,0.0,0.0,0.4545454545454546,0.0,45.888761904179105
0.704,0.0330606912317769,0.0330651284818333,0.0328280578722673,0.1342616320201644,0.0,0.0,0.4545454545454546,0.0,44.43843530417003
0.708,0.0316837019564498,0.0320584633402112,0.031459677648659,0.1688362424856678,0.0,0.0,0.4545454545454546,0.0,43.5960778534684
0.712,0.0319435119081764,0.0322649588801142,0.0318544028096846,0.104339580174079,0.0,0.0,0.4545454545454546,0.0,43.8660053289208
0.716,0.0319565001758046,0.0349106845236352,0.0323280750105963,0.1844337404234179,0.0,0.0,0.4545454545454546,0.0,45.68123938130278
0.72,0.0345416015145171,0.0353882094597951,0.0343543371948508,0.1398653488478743,0.0,0.0,0.4545454545454546,0.0,46.0986694672539
0.724,0.0354249523771099,0.035362396901902,0.0334464638033691,0.1318297217655967,0.0,0.0,0.4545454545454546,0.0,45.18804553064981
0.728,0.0324241570978199,0.0348590643310909,0.0334596241529515,0.1469302457756736,0.0,0.0,0.4545454545454546,0.0,46.13453291312092
0.732,0.0320864076293992,0.0338911155646875,0.0328675339018118,0.1111978203759694,0.0,0.0,0.4545454545454546,0.0,45.36529205716374
0.736,0.0310991308039307,0.0311550435069196,0.0304860175668735,0.1558408539815766,0.0,0.0,0.4545454545454546,0.0,42.73648288955715
0.74,0.0319175304174575,0.0343041066444936,0.0319728208599125,0.1801275284987684,0.0,0.0,0.4545454545454546,0.0,45.13134385470507
0.744,0.0329567652689012,0.0347558140995184,0.033854349313977,0.1448237670969104,0.0,0.0,0.4545454545454546,0.0,46.08554937468128
0.748,0.0326969553171746,0.0330780372224009,0.0319859761902922,0.1380482279617487,0.0,0.0,0.4545454545454546,0.0,44.10346138237959
0.752,0.0301898034060816,0.0338265817083337,0.0298281406254301,0.1538575634346923,0.0,0.0,0.4545454545454546,0.0,44.31552205729436
0.756,0.0336582506519242,0.0365626537661016,0.034788533366218,0.1582629782630511,0.0,0.0,0.4545454545454546,0.0,47.411755102696084
0.76,0.0354899036261759,0.0377887231881944,0.0364332257198267,0.1337928647208186,0.0,0.0,0.4545454545454546,0.0,48.354866681132066
0.764,0.0362433519906367,0.0359947873389367,0.034472750225876,0.1580267717360373,0.0,0.0,0.4545454545454546,0.0,45.81889168728314
0.768,0.0343857175256662,0.034975218379989,0.0347622176862559,0.1259364552634239,0.0,0.0,0.4545454545454546,0.0,46.16427097796467
0.772,0.03690586265985,0.0382275219026516,0.0351569428472815,0.213843659677627,0.0,0.0,0.4545454545454546,0.0,47.252160411388886
0.776,0.0345286132468889,0.0342395777113818,0.0328149025418877,0.1656087901831723,0.0,0.0,0.4545454545454546,0.0,44.51212568624187
0.78,0.0320864076293992,0.0337620527752218,0.0329991072824194,0.1444914277753931,0.0,0.0,0.4545454545454546,0.0,45.35591607198955
0.784,0.0318136094100445,0.0347041889837321,0.0324728087407863,0.1368071363153432,0.0,0.0,0.4545454545454546,0.0,45.72278367915335
0.788,0.0356587808381175,0.0361367539457279,0.0324596483912039,0.3071266253110164,0.0,0.0,0.4545454545454546,0.0,44.91207116203427
0.792,0.0324761200792578,0.0334394031864207,0.0325912267910142,0.1497029381520744,0.0,0.0,0.4545454545454546,0.0,44.762278469223695
0.796,0.0312290382575253,0.0319552180318807,0.0318807184896466,0.1200596905982318,0.0,0.0,0.4545454545454546,0.0,43.99143274583837
0.8,0.0342298285813526,0.0365239324676409,0.0348411647261421,0.1817389520681119,0.0,0.0,0.4545454545454546,0.0,47.1763397939732
0.804,0.0348143997338718,0.0349106845236352,0.0328280578722673,0.1536733568823501,0.0,0.0,0.4545454545454546,0.0,44.80559892928024
0.808,0.0313329592649383,0.0317229099340845,0.031433361968697,0.1290372655611842,0.0,0.0,0.4545454545454546,0.0,43.54532757811459
0.812,0.031462866718533,0.0315422269520745,0.0284992314121635,0.1570401153900544,0.0,0.0,0.4545454545454546,0.0,41.65345700712122
0.8160000000000001,0.029163556822266,0.0318519678003081,0.0297755092655059,0.1775693600031161,0.0,0.0,0.4545454545454546,0.0,43.53116193705425
0.8200000000000001,0.0331256424808429,0.037711285514515,0.0342227587950404,0.2433917338460927,0.0,0.0,0.4545454545454546,0.0,47.954955897753294
0.8240000000000001,0.03450263175617,0.0399311162609043,0.0356174597178135,0.2194750074881882,0.0,0.0,0.4545454545454546,0.0,49.52984153940895
0.8280000000000001,0.0407640273110139,0.0423832501818477,0.0406567944792849,0.1481805477496962,0.0,0.0,0.4545454545454546,0.0,51.37407767941053
0.8320000000000001,0.0421020418725313,0.0435189781129355,0.0424330652327039,0.2432867744876227,0.0,0.0,0.4545454545454546,0.0,52.50212826884424
0.836,0.0465967357021895,0.0511335054546973,0.0471434615234536,0.3489294241376974,0.0,0.0,0.4545454545454546,0.0,57.8878357196662
0.84,0.0505328448255101,0.0548891513946549,0.0518670181637857,0.2933028829668614,0.0,0.0,0.4545454545454546,0.0,61.2786535452693
0.844,0.054585863223872,0.056579832089098,0.0549721981304712,0.1839580653783592,0.0,0.0,0.4545454545454546,0.0,62.464705934289825
0.848,0.0554432325957459,0.0594965871288759,0.0568537265845357,0.2098363996368828,0.0,0.0,0.4545454545454546,0.0,64.93637095257331
0.852,0.0593143904700005,0.0588900043264923,0.0567353085343078,0.2111509820223998,0.0,0.0,0.4545454545454546,0.0,62.902819100998826
0.856,0.0575087140310052,0.0597417941207556,0.0577747553063971,0.1713458648795049,0.0,0.0,0.4545454545454546,0.0,64.7808295919365
0.86,0.0590156058044642,0.0633167570787033,0.0596036473813347,0.2025780858291242,0.0,0.0,0.4545454545454546,0.0,67.34160336797645
0.864,0.0641078590542698,0.0655365878250926,0.0641693149610971,0.2227318177099633,0.0,0.0,0.4545454545454546,0.0,69.22142186903767
0.868,0.0635882391508166,0.0640911141225293,0.0598668041809554,0.1805554249693133,0.0,0.0,0.4545454545454546,0.0,66.07008132065582
0.872,0.0618864936301596,0.0621035914739361,0.0614062338147157,0.1701001680692908,0.0,0.0,0.4545454545454546,0.0,66.5012583988327
0.876,0.062925733437066,0.0635232476953644,0.0605378414719812,0.167922309351495,0.0,0.0,0.4545454545454546,0.0,66.40566624607717
0.88,0.0605354858455514,0.0628908572583296,0.0611167663543357,0.2924046841423678,0.0,0.0,0.4545454545454546,0.0,67.31503493846395
0.884,0.0814501051944084,0.0847535965463699,0.079800477514373,0.5346812008194889,0.0,0.0,0.4545454545454546,0.0,82.50821560157311
0.888,0.0833597026408168,0.0871799179094203,0.0837345788134513,0.3378392302775704,0.0,0.0,0.4545454545454546,0.0,85.53671326100167
0.892,0.0802549863541138,0.0839405132808413,0.0813530674977158,0.2782662556046282,0.0,0.0,0.4545454545454546,0.0,83.52354890857265
0.896,0.0865683448903955,0.0973111130284794,0.0880239392824161,0.4457741002133533,0.0,0.0,0.4545454545454546,0.0,92.70235942567197
0.9,0.0988573075390756,0.0982661629007992,0.0954316300292434,0.3028727971246892,0.0,0.0,0.4545454545454546,0.0,92.57542899746703
0.904,0.0957395980292818,0.1044094039821045,0.0968921176423203,0.2988538322925982,0.0,0.0,0.4545454545454546,0.0,98.3739005280802
0.908,0.1035078903130474,0.1035963305630599,0.1008262189413986,0.2236192711522369,0.0,0.0,0.4545454545454546,0.0,97.00774125598403
0.912,0.105235622279886,0.1173541137558529,0.1067208007536303,0.3755666510155057,0.0,0.0,0.4545454545454546,0.0,107.86630291279369
0.916,0.1188366229548272,0.1212517164561178,0.1152732009923952,0.2965844459441075,0.0,0.0,0.4545454545454546,0.0,109.59202175153153
0.92,0.1188885760253398,0.1225552235518899,0.1186546880698783,0.2301545742420523,0.0,0.0,0.4545454545454546,0.0,112.35203322580142
0.924,0.1199148226091554,0.1432822398320845,0.1221414378672097,0.4315948008468128,0.0,0.0,0.4545454545454546,0.0,126.21066082805531
0.928,0.1446876165201015,0.1460957347938058,0.1380883685032195,0.3391177388799205,0.0,0.0,0.4545454545454546,0.0,127.00653780498237
0.932,0.1362178388533129,0.1396943681335692,0.1263518462770856,0.3257435756525756,0.0,0.0,0.4545454545454546,0.0,119.8343566706283
0.936,0.1358800844294295,0.1360935975409703,0.1282070640703908,0.2160790829430297,0.0,0.0,0.4545454545454546,0.0,118.96324792167476
0.94,0.123617108226931,0.1277950497231456,0.1239440142621853,0.2216732056794717,0.0,0.0,0.4545454545454546,0.0,116.61171050298222
0.944,0.1172907564675585,0.117470262881509,0.1132206181089759,0.2541515072029559,0.0,0.0,0.4545454545454546,0.0,106.79898496483987
0.948,0.1220712417396622,0.1238845382823132,0.1116811884752156,0.2744103903240903,0.0,0.0,0.4545454545454546,0.0,107.71868687661411
0.952,0.113640443742146,0.1206967587695204,0.1097733493603917,0.282989234853952,0.0,0.0,0.4545454545454546,0.0,108.19562947004262
0.956,0.1256436149483806,0.1321443697249192,0.1260886995158704,0.3114875235558925,0.0,0.0,0.4545454545454546,0.0,119.58183577690478
0.96,0.1261112718703959,0.1288791574616891,0.1239440142621853,0.1913034935348297,0.0,0.0,0.4545454545454546,0.0,116.23430648624365
0.964,0.1309956731944501,0.1332284676169788,0.1304175209567715,0.1533310397059142,0.0,0.0,0.4545454545454546,0.0,120.60490895764724
0.968,0.1332819948230889,0.1368937720659314,0.1294438658941888,0.2022691560903003,0.0,0.0,0.4545454545454546,0.0,121.24644937924276
0.972,0.13625680861166,0.1364420547644226,0.1289833540428594,0.1737862179343882,0.0,0.0,0.4545454545454546,0.0,119.48625898470843
0.976,0.1324376137188432,0.1336156510621337,0.1280754806513777,0.1814570776666632,0.0,0.0,0.4545454545454546,0.0,118.8544201438386
0.98,0.135555323228637,0.1382101780557871,0.1244308468126794,0.3625073658635708,0.0,0.0,0.4545454545454546,0.0,118.08944970265786
0.984,0.1168230995455431,0.1209936007236704,0.1149442625216735,0.2535651163446665,0.0,0.0,0.4545454545454546,0.0,110.09829824898368
0.988,0.1142509864744588,0.1154440238576972,0.1121022293162032,0.1987556079861983,0.0,0.0,0.4545454545454546,0.0,106.2205515185888
0.992,0.1259034199446445,0.1274336837591257,0.1209046260050063,0.2229185187260351,0.0,0.0,0.4545454545454546,0.0,113.6692947205043
0.996,0.1154850849840258,0.1207871002605254,0.1164573814946745,0.1430899229229895,0.0,0.0,0.4545454545454546,0.0,111.45760030462355
1.0,0.1128999886007759,0.1121400952192484,0.1044248066141668,0.268969141756728,0.0,0.0,0.4545454545454546,0.0,100.2902706038794
0.0,0.127553212394789,0.1275498328847818,0.1275097060802001,0.0466046415062262,0.0,0.0,0.0909090909090909,0.0,116.88012424434717
0.004,0.1294887863764537,0.1326993274115166,0.1316674931685574,0.1010906371071435,0.0,0.0,0.0909090909090909,0.0,121.55604575436864
0.008,0.1319959432430094,0.1349191483114218,0.1339832228131918,0.074714945157296,0.0,0.0,0.0909090909090909,0.0,123.20384508829471
0.012,0.1363217648161886,0.1354095819881494,0.1327727216117477,0.0566204890261824,0.0,0.0,0.0909090909090909,0.0,121.00004361000133
0.016,0.131359414064515,0.1325444520641578,0.1303385789360881,0.0805222486017091,0.0,0.0,0.0909090909090909,0.0,119.91773856759029
0.02,0.1254227797104637,0.1269045337071795,0.1264307882977691,0.0708980318873055,0.0,0.0,0.0909090909090909,0.0,116.73866561018197
0.024,0.1287873009934307,0.140146075588594,0.1300096404653663,0.1884559672465399,0.0,0.0,0.0909090909090909,0.0,125.2668356567454
0.028,0.1408554284041939,0.1434500042270428,0.1415882786501333,0.160931286926458,0.0,0.0,0.0909090909090909,0.0,129.0312121657625
0.032,0.1409593444561443,0.1415270252812875,0.1405225111788791,0.0899411517629814,0.0,0.0,0.0909090909090909,0.0,127.24665567872377
0.036,0.1422454059471491,0.1461731675442431,0.1428645615226784,0.1480888282371759,0.0,0.0,0.0909090909090909,0.0,130.82641735135883
0.04,0.1441550033935575,0.146741033971408,0.1419040567712726,0.1197323402041737,0.0,0.0,0.0909090909090909,0.0,129.81977278046577
0.044,0.1480001649107053,0.1538909401943354,0.1499433037603785,0.1454811542305817,0.0,0.0,0.0909090909090909,0.0,137.1796564426097
0.048,0.1577560040684988,0.1608472645411693,0.1585351950862961,0.137873423618849,0.0,0.0,0.0909090909090909,0.0,142.31236159573092
0.052,0.1642901978426974,0.1631961630002663,0.1617587880840068,0.1063528042857189,0.0,0.0,0.0909090909090909,0.0,142.90305015553824
0.056,0.1619648965447861,0.1654547101218743,0.1613903786029433,0.1135633395189637,0.0,0.0,0.0909090909090909,0.0,144.98924731222962
0.06,0.1617310779947038,0.1631961630002663,0.160574597543322,0.0771721838128108,0.0,0.0,0.0909090909090909,0.0,143.27943090349794
0.064,0.1549370792242413,0.1557494049767049,0.1528248079761906,0.1007442904123751,0.0,0.0,0.0909090909090909,0.0,137.11705631856887
0.068,0.1507281669261032,0.1551686396554565,0.1529563913952037,0.0699871688623384,0.0,0.0,0.0909090909090909,0.0,138.6039404863882
0.072,0.155378749700075,0.1548072736914366,0.1557194825799905,0.0496822341031184,0.0,0.0,0.0909090909090909,0.0,138.09094110962485
0.076,0.1520661814876206,0.1521486442305901,0.1506932931104933,0.0664699750035546,0.0,0.0,0.0909090909090909,0.0,134.93026988868354
0.08,0.1530534682240144,0.1543555563899278,0.1538642647866854,0.0640323082942262,0.0,0.0,0.0909090909090909,0.0,137.6929363403491
0.084,0.1548331532613656,0.1562914539227346,0.1560747216730661,0.0657371783125183,0.0,0.0,0.0909090909090909,0.0,139.40157915074906
0.088,0.1604320331915335,0.1629638647489542,0.1616798460633233,0.1119584399316823,0.0,0.0,0.0909090909090909,0.0,144.31646474337305
0.092,0.1599124231990056,0.1650029928203655,0.1613509075926016,0.090751084947811,0.0,0.0,0.0909090909090909,0.0,145.55775922412624
0.096,0.1631470320729153,0.1652353107646457,0.1617456176960189,0.0805226323653598,0.0,0.0,0.0909090909090909,0.0,144.5912561593654
0.1,0.1743967648256144,0.1795609406916356,0.1770873127889148,0.1738760186286551,0.0,0.0,0.0909090909090909,0.0,157.4046096408767
0.104,0.1764232715470639,0.1817291561687227,0.1761531387750793,0.1088716370071731,0.0,0.0,0.0909090909090909,0.0,157.32872544433042
0.108,0.184867062767671,0.1837941214142372,0.1838239662447162,0.0918177560149675,0.0,0.0,0.0909090909090909,0.0,159.56281906446242
0.112,0.1819831817188848,0.1823357389711063,0.1800477590254103,0.0884688425170213,0.0,0.0,0.0909090909090909,0.0,157.67783112129118
0.116,0.1794240618708913,0.1817033386875875,0.1815082466384872,0.0695901653656759,0.0,0.0,0.0909090909090909,0.0,159.2257792769499
0.12,0.1775794206290115,0.176398978659978,0.1715348297969872,0.0887915877472709,0.0,0.0,0.0909090909090909,0.0,150.98322768796302
0.124,0.1777353194842504,0.1805547069391742,0.1802977554754486,0.0743676390534009,0.0,0.0,0.0909090909090909,0.0,158.53173516589183
0.128,0.1813726290756467,0.1863365820564596,0.1834029354421341,0.0876635144960003,0.0,0.0,0.0909090909090909,0.0,162.27585970922817
0.132,0.1870754349686904,0.1905310267108745,0.1886659509736817,0.0972426389814452,0.0,0.0,0.0909090909090909,0.0,165.48841963792106
0.136,0.1943111240368373,0.2002363318560439,0.1969683547624083,0.1257092671822019,0.0,0.0,0.0909090909090909,0.0,173.1150538818969
0.14,0.2022742750232635,0.2100577861268693,0.2048760283709067,0.2022451708621307,0.0,0.0,0.0909090909090909,0.0,180.2605375892173
0.144,0.2027938850157914,0.2075540221668976,0.2037181786061976,0.1190941412530381,0.0,0.0,0.0909090909090909,0.0,177.9091986251062
0.148,0.2111207669613572,0.2103030029652332,0.2026655714845259,0.1324203340240439,0.0,0.0,0.0909090909090909,0.0,175.4708647378435
0.152,0.1957140948028833,0.1998491484108889,0.1945342221251541,0.139387179339086,0.0,0.0,0.0909090909090909,0.0,170.8721255199406
0.156,0.2014948402126211,0.2043146273848027,0.2034023904466528,0.0963191117560045,0.0,0.0,0.0909090909090909,0.0,176.34672095699491
0.16,0.2053400215516195,0.204482411472729,0.2010866708404238,0.1651231372831951,0.0,0.0,0.0909090909090909,0.0,173.47088736447822
0.164,0.189075975065809,0.1892404283556699,0.1826661164800072,0.2511500916907302,0.0,0.0,0.0909090909090909,0.0,160.32034372568583
0.168,0.1914012565418696,0.2015914640676023,0.1943763180069763,0.1778637067232129,0.0,0.0,0.0909090909090909,0.0,173.58770754760607
0.172,0.2007543751603257,0.2025335953528706,0.1994025074764735,0.1268584474342617,0.0,0.0,0.0909090909090909,0.0,173.23938580319276
0.176,0.1955581959476444,0.205553610470705,0.1979025488530549,0.1302821948440969,0.0,0.0,0.0909090909090909,0.0,176.3047675251524
0.18,0.1998190811381457,0.2008300157643439,0.1967446790115349,0.0949615478416076,0.0,0.0,0.0909090909090909,0.0,171.06798304093581
0.184,0.2083797816337939,0.2156589782621449,0.2110600876819239,0.2025335692456415,0.0,0.0,0.0909090909090909,0.0,184.68712717291592
0.188,0.2082758556709182,0.2140973652804095,0.2112969137439742,0.121950302223469,0.0,0.0,0.0909090909090909,0.0,183.9707120670025
0.192,0.2085746304255291,0.2072571900592316,0.2069417716039084,0.093617607536811,0.0,0.0,0.0909090909090909,0.0,177.24026077794605
0.196,0.204287778610697,0.2055277929895698,0.2044549975683245,0.0636732973989842,0.0,0.0,0.0909090909090909,0.0,176.54125166496326
0.2,0.1995332896957001,0.1982617179480183,0.1935868777233307,0.118393196945011,0.0,0.0,0.0909090909090909,0.0,167.80130985429338
0.204,0.1878418864671673,0.1898470111580535,0.1832582017119441,0.1102923300421123,0.0,0.0,0.0909090909090909,0.0,161.59152755283696
0.208,0.1901281981848809,0.188853264603483,0.1885343675546687,0.0674015612656601,0.0,0.0,0.0909090909090909,0.0,163.1642677398621
0.212,0.1853347196896863,0.1922733423675879,0.1879291320115548,0.0791410832227934,0.0,0.0,0.0909090909090909,0.0,166.8222173300528
0.216,0.1897254974673942,0.1884789800524115,0.1878238692917065,0.0640516883585872,0.0,0.0,0.0909090909090909,0.0,162.6936196118529
0.22,0.1937525244641117,0.19387369141751,0.1920211273904055,0.0947602638068087,0.0,0.0,0.0909090909090909,0.0,166.68057692038266
0.224,0.1903620167349632,0.1911763258884767,0.1916790185316959,0.0657715251592571,0.0,0.0,0.0909090909090909,0.0,166.2928227509901
0.228,0.1935576756723764,0.195448222986297,0.1943105262974697,0.0643404705057486,0.0,0.0,0.0909090909090909,0.0,169.05051215649385
0.232,0.1913622867835225,0.1923249773298581,0.1880606953537569,0.0667036870668387,0.0,0.0,0.0909090909090909,0.0,164.4386566944574
0.236,0.1804633016777976,0.1843490692543505,0.181113516458259,0.0688897967031248,0.0,0.0,0.0909090909090909,0.0,160.14077713773398
0.24,0.184867062767671,0.187394882160352,0.1863239106682879,0.0537248003997282,0.0,0.0,0.0909090909090909,0.0,163.1872271655221
0.244,0.1824378553287347,0.1839102705398933,0.1826529460920193,0.0563165482148178,0.0,0.0,0.0909090909090909,0.0,159.96998003037882
0.248,0.1787745394693061,0.1775734278895265,0.1726400582401776,0.1448748076624552,0.0,0.0,0.0909090909090909,0.0,151.819385933976
0.252,0.1718636314238024,0.1717657352911059,0.1713769457556203,0.075016391504931,0.0,0.0,0.0909090909090909,0.0,150.5169835513453
0.256,0.1721104531079008,0.1769539461930594,0.1749426275352296,0.0768459847097048,0.0,0.0,0.0909090909090909,0.0,155.58710983602793
0.26,0.1871144047270374,0.1871109489467696,0.1829292632412224,0.0953871417302483,0.0,0.0,0.0909090909090909,0.0,160.08263948442377
0.264,0.1807231066740616,0.1815355742926292,0.1789688512813848,0.0883880602685462,0.0,0.0,0.0909090909090909,0.0,157.09842752609075
0.268,0.1786186604359179,0.1817936900250765,0.1788767388727134,0.0757528339506491,0.0,0.0,0.0909090909090909,0.0,158.07414528106952
0.272,0.1825287781575943,0.1842329201286944,0.182402969718792,0.0653449718614897,0.0,0.0,0.0909090909090909,0.0,159.97532792062748
0.276,0.1842954798827799,0.1837812028271856,0.1845344845844893,0.04834002073475,0.0,0.0,0.0909090909090909,0.0,160.23162590730806
0.28,0.1815804810013981,0.1833682215938635,0.1799819673159038,0.0749680372849412,0.0,0.0,0.0909090909090909,0.0,158.43152649205825
0.284,0.1707724385463835,0.1796771095102597,0.1722058771264185,0.1569508903412637,0.0,0.0,0.0909090909090909,0.0,156.1261219527805
0.288,0.1791123038041148,0.1810580395099852,0.1801661720564355,0.1011105928169806,0.0,0.0,0.0909090909090909,0.0,158.18070300561237
0.292,0.1791642568746273,0.1847233341124539,0.1821661235799307,0.0839513687026543,0.0,0.0,0.0909090909090909,0.0,161.5155411900246
0.296,0.1831913036931955,0.1856396676095551,0.1845213342733124,0.0704098845235986,0.0,0.0,0.0909090909090909,0.0,161.77807982295187
0.3,0.1863869428087581,0.1878465994618608,0.1834950277739945,0.0685213835984404,0.0,0.0,0.0909090909090909,0.0,161.16415731901938
0.304,0.1788005259154877,0.1833682215938635,0.1786925341321817,0.0653472744433939,0.0,0.0,0.0909090909090909,0.0,158.8313174046046
0.308,0.1831913036931955,0.1839877032903307,0.181679301067842,0.0528883875229994,0.0,0.0,0.0909090909090909,0.0,159.13688264666013
0.312,0.182671673878817,0.1868141168391036,0.1854291875879831,0.0711399948690799,0.0,0.0,0.0909090909090909,0.0,163.2237866488726
0.316,0.1835420315183191,0.1842071026475593,0.1846792183146793,0.051645760821991,0.0,0.0,0.0909090909090909,0.0,160.88213554654197
0.32,0.1837238969978889,0.1866592316452607,0.1862054976372627,0.0712674044011166,0.0,0.0,0.0909090909090909,0.0,163.1515393475494
0.324,0.1937914942224588,0.195538554630818,0.1936131783456845,0.1011625927916522,0.0,0.0,0.0909090909090909,0.0,168.58927448678537
0.328,0.1963895838287994,0.1950481209540905,0.1896922373961886,0.0766475789022862,0.0,0.0,0.0909090909090909,0.0,164.93120284375826
0.332,0.2688373180517259,0.2673603649137332,0.2421513382823099,0.4722321094662787,0.0,0.0,0.0909090909090909,0.0,208.49723922558195
0.336,0.2537684102280607,0.2572807752174924,0.2504011207495178,0.2168153335069224,0.0,0.0,0.0909090909090909,0.0,213.6826996856408
0.34,0.2513002132089267,0.2791822308807513,0.2522694888539999,0.3016950264806513,0.0,0.0,0.0909090909090909,0.0,228.77917131639995
0.344,0.2816329172916937,0.2846414761022036,0.2770451368779776,0.1756424827128866,0.0,0.0,0.0909090909090909,0.0,234.03353337951063
0.348,0.2770472907222506,0.277052751471851,0.2555588735612172,0.2223962163974148,0.0,0.0,0.0909090909090909,0.0,218.80744593296484
0.352,0.2607182880319115,0.2641080515445866,0.2577956511467628,0.1158008734844453,0.0,0.0,0.0909090909090909,0.0,219.23295385982777
0.356,0.2594192432287411,0.2651276155802922,0.2591114050296497,0.131366902802837,0.0,0.0,0.0909090909090909,0.0,221.14287723518245
0.36,0.2639789031738533,0.283531560729009,0.2655059697035524,0.2028710893764435,0.0,0.0,0.0909090909090909,0.0,233.91024563222044
0.364,0.2816199141576777,0.2860611224771479,0.2806108387343979,0.1285080554868511,0.0,0.0,0.0909090909090909,0.0,236.99122812689248
0.368,0.2776838099898197,0.2785498502902007,0.2749136220122803,0.1017938839970749,0.0,0.0,0.0909090909090909,0.0,230.82864892188275
0.372,0.2818537525296106,0.2882293379542349,0.2834528518630573,0.1035927761097917,0.0,0.0,0.0909090909090909,0.0,239.85834026974723
0.376,0.2856469609762458,0.2874291535827898,0.2829528790397917,0.0851350876832783,0.0,0.0,0.0909090909090909,0.0,237.5254242193399
0.38,0.2823473958978075,0.2846801924774224,0.2709268893532779,0.1092093490198004,0.0,0.0,0.0909090909090909,0.0,230.19778400677725
0.384,0.273656782993102,0.2792209472559701,0.2757425333062676,0.0695964974659126,0.0,0.0,0.0909090909090909,0.0,233.39377373500236
0.388,0.2908041704305801,0.3017935195779664,0.2933867976942156,0.1313761131304541,0.0,0.0,0.0909090909090909,0.0,250.02438834620435
0.392,0.3096663065227312,0.3108664441325852,0.3037154737056021,0.1206153803644641,0.0,0.0,0.0909090909090909,0.0,253.6620026635171
0.396,0.3113031156607102,0.3162352986306124,0.3131888976470257,0.0857611980794164,0.0,0.0,0.0909090909090909,0.0,261.7416947996292
0.4,0.3178632760592397,0.3194617945186239,0.313715191169456,0.0893818162420673,0.0,0.0,0.0909090909090909,0.0,261.24830263363987
0.404,0.3123163690214349,0.3153319034135309,0.3070180087239963,0.0813743957881171,0.0,0.0,0.0909090909090909,0.0,257.16817005200073
0.408,0.3119006651699321,0.3130733562919229,0.3084653460258963,0.0608175201922041,0.0,0.0,0.0909090909090909,0.0,256.85528824571844
0.412,0.3115498977011073,0.3114988247231359,0.309096902268175,0.0644674962741346,0.0,0.0,0.0909090909090909,0.0,256.4346289061792
0.416,0.2998845007406067,0.3069430141047012,0.3005445020294101,0.1031132634282259,0.0,0.0,0.0909090909090909,0.0,253.5310612678417
0.42,0.2906482913971919,0.3098726581920786,0.2945183468365707,0.1239800281720895,0.0,0.0,0.0909090909090909,0.0,255.55538630896893
0.424,0.3039375141835059,0.3019483850788412,0.2852159773245021,0.1214531364139704,0.0,0.0,0.0909090909090909,0.0,239.88932133785545
0.428,0.2746700363538268,0.2791822308807513,0.2706111011937331,0.0948063154448943,0.0,0.0,0.0909090909090909,0.0,229.93438976665507
0.432,0.2892193341849642,0.2959987258736294,0.2914789585793918,0.0779187959952727,0.0,0.0,0.0909090909090909,0.0,246.14120007046748
0.436,0.2885957982295606,0.2954308791394326,0.2837686400226021,0.1124099378667461,0.0,0.0,0.0909090909090909,0.0,241.5279422176281
0.44,0.3034958437076722,0.314854388323855,0.3039786204668173,0.2037556645913368,0.0,0.0,0.0909090909090909,0.0,258.71314040257016
0.444,0.3018980043280403,0.3098468604039115,0.2987945469559532,0.1159440173261612,0.0,0.0,0.0909090909090909,0.0,253.39208674628702
0.448,0.2865822748202766,0.3018580534343203,0.2843475749433621,0.0861582015760789,0.0,0.0,0.0909090909090909,0.0,246.52901611470062
0.452,0.2900117523077721,0.2958309614786711,0.2870711750409963,0.0675199523519051,0.0,0.0,0.0909090909090909,0.0,243.13282038233598
0.456,0.2822564532470973,0.2819312116790868,0.2707032136024044,0.0822520632572975,0.0,0.0,0.0909090909090909,0.0,228.48450477098618
0.46,0.2737866755803088,0.278420782577493,0.2641244441879699,0.0946735332217476,0.0,0.0,0.0909090909090909,0.0,226.0451184056105
0.464,0.2769563480715404,0.2770914678470697,0.2441512898058051,0.1220157339259155,0.0,0.0,0.0909090909090909,0.0,212.21890457652117
0.468,0.2459221685166756,0.2442844600209257,0.2316121569080378,0.1240846037669088,0.0,0.0,0.0909090909090909,0.0,198.23306124334047
0.472,0.2437787525201848,0.2549964303077172,0.245888094568085,0.0844197522383494,0.0,0.0,0.0909090909090909,0.0,213.87057775476316
0.476,0.2364001677308151,0.2413806137217154,0.2306648125062143,0.128598431826594,0.0,0.0,0.0909090909090909,0.0,199.8956071486189
0.48,0.247532991208473,0.2530088978126401,0.2474012035026806,0.0777434160068969,0.0,0.0,0.0909090909090909,0.0,212.02514501506957
0.484,0.2554441693025361,0.2565064280201504,0.2566378013820536,0.0305170773865158,0.0,0.0,0.0909090909090909,0.0,216.2599202033284
0.488,0.2525083351832374,0.259965222159474,0.2559536037414454,0.0537553096099598,0.0,0.0,0.0909090909090909,0.0,219.120941304373
0.492,0.2627837645117081,0.2664182139354968,0.2571246238941423,0.0753109301068532,0.0,0.0,0.0909090909090909,0.0,219.37670168009018
0.496,0.2556000483359243,0.2563773603074427,0.2536773551455581,0.0494888172231591,0.0,0.0,0.0909090909090909,0.0,214.3761168271729
0.5,0.2564054695927484,0.2575647084310747,0.2567956854234206,0.0416849833859121,0.0,0.0,0.0909090909090909,0.0,216.5795886190381
0.504,0.2567821838640535,0.2633982185106305,0.2595587766082075,0.0585978312364807,0.0,0.0,0.0909090909090909,0.0,221.503055428727
0.508,0.2592763475075184,0.2634885698481194,0.2623481684153482,0.0540901433952069,0.0,0.0,0.0909090909090909,0.0,222.16133208900428
0.512,0.2618094809093303,0.2649469325982824,0.2617560831834112,0.0430049384625391,0.0,0.0,0.0909090909090909,0.0,221.63518612063774
0.516,0.2630565726419882,0.2620689037802072,0.2627560489067534,0.0393847040635389,0.0,0.0,0.0909090909090909,0.0,219.99711398351369
0.52,0.2576135717452084,0.2606363388182114,0.2515984616013795,0.0536131251773707,0.0,0.0,0.0909090909090909,0.0,214.8520753440204
0.524,0.2583410336634877,0.2619140382793325,0.2501116532891378,0.065853842462335,0.0,0.0,0.0909090909090909,0.0,214.4334260637366
0.528,0.2504298555694247,0.2527120657049741,0.2468485892810854,0.0469502206736932,0.0,0.0,0.0909090909090909,0.0,210.33798044794284
0.532,0.2434669746315578,0.2460783909469413,0.2449144294670968,0.0397458256588598,0.0,0.0,0.0909090909090909,0.0,208.15038539833105
0.536,0.2475199880744569,0.2477303552661657,0.2349410126255967,0.0553415966601816,0.0,0.0,0.0909090909090909,0.0,201.5980133521204
0.54,0.2394399476348402,0.241096680508133,0.2388488032639157,0.0517432367892721,0.0,0.0,0.0909090909090909,0.0,203.29811061718428
0.544,0.2404532009955649,0.2524797477606939,0.243717088615235,0.1068620586502149,0.0,0.0,0.0909090909090909,0.0,212.47507158182165
0.548,0.2604584830356475,0.2589198406426332,0.2557036072914072,0.0425916250107214,0.0,0.0,0.0909090909090909,0.0,215.06693076434922
0.552,0.2511833039338856,0.2548673625950096,0.2543483823981785,0.033614625693245,0.0,0.0,0.0909090909090909,0.0,215.7104549937986
0.556,0.2539372725736143,0.2542349623114908,0.2565720096725472,0.0099834194914709,0.0,0.0,0.0909090909090909,0.0,215.50689545189888
0.56,0.2545218387706709,0.2546092468625622,0.2553351978103437,0.0250188955627519,0.0,0.0,0.0909090909090909,0.0,214.75645388422024
0.5640000000000001,0.2495205281715756,0.2536025817209401,0.2503484994279992,0.0337193931698896,0.0,0.0,0.0909090909090909,0.0,213.3025760569681
0.5680000000000001,0.255093421655562,0.2545963479684787,0.2570456818734589,0.0262028064252013,0.0,0.0,0.0909090909090909,0.0,215.51513510073292
0.5720000000000001,0.2550284852728839,0.255654628379403,0.2563483339216737,0.0284708496009145,0.0,0.0,0.0909090909090909,0.0,215.76098629270152
0.5760000000000001,0.25902952582342,0.26792821164793,0.2630586666783103,0.0646494002445725,0.0,0.0,0.0909090909090909,0.0,225.3164378476496
0.58,0.2737736922681432,0.2767946357394036,0.2651375602224889,0.0560049321304389,0.0,0.0,0.0909090909090909,0.0,225.69797803565027
0.584,0.2639789031738533,0.2624689861194457,0.2529931575049499,0.0715322013201085,0.0,0.0,0.0909090909090909,0.0,214.11827654979558
0.588,0.2502350067776894,0.2485434385316944,0.247624879253554,0.0517344102253057,0.0,0.0,0.0909090909090909,0.0,208.3988630009837
0.592,0.2486371673980575,0.247007623338126,0.242572389161703,0.0474928624758013,0.0,0.0,0.0909090909090909,0.0,205.18697300728007
0.596,0.2419081248321235,0.2423098461129001,0.2422303003798043,0.0411843637035571,0.0,0.0,0.0909090909090909,0.0,204.9857821222109
0.6,0.236010450325494,0.2456395922324841,0.2379277795612571,0.0470751357420003,0.0,0.0,0.0909090909090909,0.0,206.88114706666045
0.604,0.2540931714288532,0.2627142029578095,0.2579009138666109,0.1038867390662377,0.0,0.0,0.0909090909090909,0.0,221.22637581475482
0.608,0.2572628240982343,0.2639789838318789,0.2580719682959658,0.072363625269378,0.0,0.0,0.0909090909090909,0.0,220.77651990953157
0.612,0.2707209290519528,0.2823829289805956,0.2740057486207986,0.1007692350496714,0.0,0.0,0.0909090909090909,0.0,235.46812773182324
0.616,0.2790348276853531,0.2774012185417873,0.2761635841856607,0.0763530403003641,0.0,0.0,0.0909090909090909,0.0,230.3398885799441
0.62,0.2683566778175451,0.2838671092118937,0.271624237305063,0.0797725663100415,0.0,0.0,0.0909090909090909,0.0,235.94017923911613
0.624,0.2812302165742071,0.3011611192944478,0.2852685986460207,0.1144223944510846,0.0,0.0,0.0909090909090909,0.0,248.86969710938473
0.628,0.3017031555363049,0.3052652126113735,0.299544536306068,0.0675253250430151,0.0,0.0,0.0909090909090909,0.0,251.21680621560128
0.632,0.3139531385157127,0.3193069290177491,0.3122020822348605,0.0859093308485916,0.0,0.0,0.0909090909090909,0.0,261.899964582468
0.636,0.3081983795521565,0.3081174633342497,0.3043733506470456,0.0535707192939669,0.0,0.0,0.0909090909090909,0.0,253.05790674101894
0.64,0.3022357686628489,0.3045812167515206,0.3012944913795249,0.0440132774547873,0.0,0.0,0.0909090909090909,0.0,251.62523613336228
0.644,0.3047948885108425,0.3069688118928683,0.3042549376160204,0.0466412909348693,0.0,0.0,0.0909090909090909,0.0,253.71884158891424
0.648,0.3054833806707747,0.3110083910464084,0.29201842248981,0.0555139065393517,0.0,0.0,0.0909090909090909,0.0,248.6534215159936
0.652,0.2824513020388326,0.2912751508602365,0.2836502269915769,0.0715369983657424,0.0,0.0,0.0909090909090909,0.0,241.55948672668293
0.656,0.2809444251317615,0.297379675566323,0.2842423122235138,0.0643844114437553,0.0,0.0,0.0909090909090909,0.0,246.15954138041693
0.66,0.301443350540041,0.3008384697056466,0.2869264413108063,0.0965994511028503,0.0,0.0,0.0909090909090909,0.0,241.2856535802551
0.664,0.253963259019796,0.2568677939841702,0.2370725274912941,0.2003618507462571,0.0,0.0,0.0909090909090909,0.0,205.55990395757965
0.668,0.2368938110990121,0.2381024828714337,0.2259807318954267,0.1140593540375101,0.0,0.0,0.0909090909090909,0.0,195.01051392377875
0.672,0.2307493347301347,0.2448523264480905,0.2334936753236968,0.0992999959129171,0.0,0.0,0.0909090909090909,0.0,205.97660099184225
0.676,0.2434409881853762,0.2556030131101008,0.2436512969057286,0.0691866378869512,0.0,0.0,0.0909090909090909,0.0,213.07333430906064
0.68,0.2541451244993658,0.257913175501011,0.2554667812293568,0.0433131006740616,0.0,0.0,0.0909090909090909,0.0,216.9507552392709
0.684,0.2577045143959187,0.2582487239838958,0.2503090284176574,0.0587749381612847,0.0,0.0,0.0909090909090909,0.0,212.64532977349364
0.6880000000000001,0.2550414685850494,0.2567129284832954,0.2449539004774385,0.056465256629469,0.0,0.0,0.0909090909090909,0.0,209.69649287869217
0.6920000000000001,0.2396997526311041,0.2458589915897127,0.2432960578126529,0.0448427825858033,0.0,0.0,0.0909090909090909,0.0,208.63654506196
0.6960000000000001,0.2372705253703173,0.239728649402491,0.2313884811571643,0.0594031592575017,0.0,0.0,0.0909090909090909,0.0,199.0128439454975
0.7000000000000001,0.2324121104924446,0.2370183849793741,0.2316121569080378,0.0631486924884597,0.0,0.0,0.0909090909090909,0.0,199.54550846672555
0.704,0.234620482693464,0.2381799353148391,0.2359409783489388,0.0443024433655995,0.0,0.0,0.0909090909090909,0.0,201.86644075873696
0.708,0.2346334660056295,0.2391736818694096,0.2362962375188253,0.0644020645716881,0.0,0.0,0.0909090909090909,0.0,202.6526085354022
0.712,0.2319964066409419,0.2320883095028361,0.2304937580768596,0.0488032234611605,0.0,0.0,0.0909090909090909,0.0,196.1391707500694
0.716,0.2495854843761042,0.2544543813616874,0.2467433265612371,0.1508442512492945,0.0,0.0,0.0909090909090909,0.0,211.63170664102134
0.72,0.2537294404697136,0.2544414627746358,0.2517826663419112,0.0802722265832697,0.0,0.0,0.0909090909090909,0.0,212.88861835053052
0.724,0.2459091852045101,0.2455234234138599,0.2401119358252839,0.0619137410604656,0.0,0.0,0.0909090909090909,0.0,203.99295667252613
0.728,0.234620482693464,0.2353277042849311,0.2352173297747999,0.0547985710944229,0.0,0.0,0.0909090909090909,0.0,199.74517604303503
0.732,0.2264884693614841,0.2312623273432239,0.2250333874936033,0.0601862289867814,0.0,0.0,0.0909090909090909,0.0,194.72439891944663
0.736,0.2233837530747811,0.2246802678544933,0.2226913471882095,0.0672196572952222,0.0,0.0,0.0909090909090909,0.0,190.72498676447154
0.74,0.224241107580267,0.2360375373188872,0.2248491827530716,0.0732196100922932,0.0,0.0,0.0909090909090909,0.0,198.37923439558975
0.744,0.2315807226112896,0.2377798332826325,0.2314542728666709,0.0637945667126095,0.0,0.0,0.0909090909090909,0.0,200.25125695555806
0.748,0.2283331106033638,0.2331982248760308,0.2266780798472119,0.0597901848992457,0.0,0.0,0.0909090909090909,0.0,196.07560256088965
0.752,0.2206557510593832,0.2367215528717082,0.2237439543098811,0.0693140474189879,0.0,0.0,0.0909090909090909,0.0,199.62437178292816
0.756,0.2377381822923326,0.241393512615799,0.2410855808494612,0.0506285952657764,0.0,0.0,0.0909090909090909,0.0,205.50102937738652
0.76,0.2411157067093156,0.2447748936976532,0.2429671193419312,0.0389951839580653,0.0,0.0,0.0909090909090909,0.0,207.21827502677402
0.764,0.2381538861438353,0.2375604339254039,0.2338094634832416,0.0501444774204021,0.0,0.0,0.0909090909090909,0.0,198.78528359701227
0.768,0.2320223930871234,0.232475473255023,0.2280201544292635,0.0476020432344291,0.0,0.0,0.0909090909090909,0.0,194.91051132221554
0.772,0.2279563765102081,0.2331078735385418,0.2313490101468226,0.0528275609843614,0.0,0.0,0.0909090909090909,0.0,198.9209947369749
0.776,0.2301647487112275,0.2318689101456075,0.2319542456899364,0.0384258705822327,0.0,0.0,0.0909090909090909,0.0,197.6306638871004
0.78,0.22928140775956,0.2365795862649169,0.2325989723202029,0.0495346769794193,0.0,0.0,0.0909090909090909,0.0,201.16883959096205
0.784,0.2280213327147368,0.2404771988116658,0.2287569733913905,0.0565886366431732,0.0,0.0,0.0909090909090909,0.0,201.75017957356673
0.788,0.2408299152668701,0.2410192477576955,0.2359015073385972,0.0662207205124165,0.0,0.0,0.0909090909090909,0.0,200.95345518464018
0.792,0.242791465783791,0.2446458259849455,0.2404408742960057,0.055845094569917,0.0,0.0,0.0909090909090909,0.0,204.96119954335518
0.796,0.236283258455774,0.2411870121526538,0.2383619807518271,0.0470204494217737,0.0,0.0,0.0909090909090909,0.0,204.3867237632399
0.8,0.2494295855208654,0.2604169394609828,0.2533352462868486,0.087813566083429,0.0,0.0,0.0909090909090909,0.0,219.13029017155847
0.804,0.2578344069831253,0.2599910396406091,0.2427039525039051,0.0891465691241803,0.0,0.0,0.0909090909090909,0.0,209.16042729307577
0.808,0.2367769018239709,0.2371087363168631,0.2351515380652933,0.0507579236160667,0.0,0.0,0.0909090909090909,0.0,199.8761842851646
0.812,0.2409078547835642,0.243768208863063,0.2288095947129092,0.0734895878205697,0.0,0.0,0.0909090909090909,0.0,198.39306275243675
0.8160000000000001,0.2319444535704293,0.2380508676021314,0.2334673747013429,0.0759176604386303,0.0,0.0,0.0909090909090909,0.0,201.4410274199002
0.8200000000000001,0.2443373322710598,0.2507374517969485,0.2458749241800972,0.0730722448504194,0.0,0.0,0.0909090909090909,0.0,211.1211165604407
0.8240000000000001,0.2397387223894512,0.2558353113614129,0.2390066873052826,0.0685202323074883,0.0,0.0,0.0909090909090909,0.0,212.027574287583
0.8280000000000001,0.2595231691916169,0.2668441137558704,0.2615192370445499,0.0537892726930479,0.0,0.0,0.0909090909090909,0.0,223.58012922173674
0.8320000000000001,0.258198137942265,0.2614107057085214,0.2584272274658523,0.0455318302206583,0.0,0.0,0.0909090909090909,0.0,219.09144899114642
0.836,0.2762028997070795,0.2767688182582685,0.2738346941914438,0.0628269066673369,0.0,0.0,0.0909090909090909,0.0,229.78594195669777
0.84,0.2773590487890271,0.2807696810365899,0.278860883660941,0.046766014121351,0.0,0.0,0.0909090909090909,0.0,234.63717488046092
0.844,0.2851403342958835,0.2968763429955119,0.2894527064335427,0.064708883610433,0.0,0.0,0.0909090909090909,0.0,247.18650059613034
0.848,0.2929735728732524,0.2939724966963016,0.2934920604140639,0.0384299001005652,0.0,0.0,0.0909090909090909,0.0,244.59569967797617
0.852,0.2991570190004768,0.3044650676258646,0.2983208747550415,0.0440931002941356,0.0,0.0,0.0909090909090909,0.0,251.09678991931295
0.856,0.3058730980760959,0.3079754770344904,0.3064127731808825,0.0421013669469356,0.0,0.0,0.0909090909090909,0.0,255.1466122212883
0.86,0.3189024960442955,0.3352845429569314,0.3191229605080046,0.1191526652097719,0.0,0.0,0.0909090909090909,0.0,273.3970149834046
0.864,0.3397002160290366,0.3374914551162691,0.3357409384734456,0.0628719988962957,0.0,0.0,0.0909090909090909,0.0,275.85969288940055
0.868,0.3391806060365087,0.3459577771755363,0.3329252058903292,0.0615556895743504,0.0,0.0,0.0909090909090909,0.0,279.45287714615597
0.872,0.334932704158173,0.3441380681543216,0.3390039824046871,0.0694554643242756,0.0,0.0,0.0909090909090909,0.0,283.69406998639215
0.876,0.3529764555031852,0.3674333527113896,0.3515299850680885,0.0888418607855142,0.0,0.0,0.0909090909090909,0.0,297.3961144695362
0.88,0.3669931600296292,0.3751382264673983,0.3694505465284286,0.0822516794936468,0.0,0.0,0.0909090909090909,0.0,306.6792890683819
0.884,0.4121349669397975,0.4303371039405608,0.4152124649690901,0.1513233801672096,0.0,0.0,0.0909090909090909,0.0,347.5809845851163
0.888,0.4245538320866097,0.425458643733325,0.4076731807648442,0.0917797634135469,0.0,0.0,0.0909090909090909,0.0,335.1391012446272
0.892,0.3797887196258958,0.3974397644698959,0.3829238534400314,0.0772297483604177,0.0,0.0,0.0909090909090909,0.0,322.5297134525821
0.896,0.3989106607143108,0.4137916629601497,0.3945814135686709,0.0804953851461592,0.0,0.0,0.0909090909090909,0.0,331.15749290237125
0.9,0.41811054131942,0.4328795842757513,0.4126598992239998,0.0755273728058553,0.0,0.0,0.0909090909090909,0.0,345.14685604798626
0.904,0.4317635148867244,0.4429849914531273,0.4345671933433424,0.0604913210890982,0.0,0.0,0.0909090909090909,0.0,358.3477435053494
0.908,0.4427274561969779,0.4417718258483601,0.4206860059403343,0.07530651682487,0.0,0.0,0.0909090909090909,0.0,344.93935147196873
0.912,0.4312958777865597,0.4388292631739311,0.4288173552997061,0.1179712488110522,0.0,0.0,0.0909090909090909,0.0,352.68053313353073
0.916,0.5066144701024057,0.5305004627686744,0.5040258520639561,0.1630579131968836,0.0,0.0,0.0909090909090909,0.0,420.0243862408769
0.92,0.5164612519109094,0.5190270244856564,0.5027626994257769,0.0808428831318797,0.0,0.0,0.0909090909090909,0.0,408.41977128150256
0.924,0.5184357857399957,0.5636559376647546,0.5254068526608682,0.1062660737006578,0.0,0.0,0.0909090909090909,0.0,447.38145721391163
0.928,0.5729436945807858,0.5803433649449251,0.5682872668857177,0.0831452731543318,0.0,0.0,0.0909090909090909,0.0,459.8722861477586
0.932,0.5582645041624417,0.5668953127538817,0.5356960175082911,0.06981850473785,0.0,0.0,0.0909090909090909,0.0,438.8556032666064
0.936,0.5683840742793748,0.5677987473568993,0.5443010591453856,0.053092741667004,0.0,0.0,0.0909090909090909,0.0,440.25343425466747
0.94,0.5470277745437587,0.559809940387308,0.5482877918043881,0.0448230187577916,0.0,0.0,0.0909090909090909,0.0,446.6959130612996
0.944,0.5375966965867578,0.5413414810752055,0.5320776943303521,0.0506140122470493,0.0,0.0,0.0909090909090909,0.0,430.12389087950294
0.948,0.532608369299828,0.5410833456497902,0.5154334157425572,0.0492717988786809,0.0,0.0,0.0909090909090909,0.0,422.27580797226517
0.952,0.5106545200549899,0.5281128479343586,0.492605077843745,0.0690832135830841,0.0,0.0,0.0909090909090909,0.0,410.2700014839577
0.956,0.5307117749874357,0.5547508168910303,0.5356170754876077,0.0640570610496971,0.0,0.0,0.0909090909090909,0.0,443.01193763161984
0.96,0.5488334262054407,0.5570867967630758,0.5429195336298032,0.0470074014576494,0.0,0.0,0.0909090909090909,0.0,441.1821877822349
0.964,0.5850118319024742,0.5960757620457438,0.5825368637697892,0.061411202559857,0.0,0.0,0.0909090909090909,0.0,472.5845372720049
0.968,0.6043675915409716,0.6290505342668461,0.6069046513791727,0.0685399961355,0.0,0.0,0.0909090909090909,0.0,498.4418861097977
0.972,0.6345833863486975,0.6332449789212609,0.6153649392092662,0.0476546188545767,0.0,0.0,0.0909090909090909,0.0,493.3867889352049
0.976,0.6228919831201647,0.6551722717586231,0.6243909915721318,0.0550405340761974,0.0,0.0,0.0909090909090909,0.0,516.5448503897439
0.98,0.6512111439717969,0.648461144557185,0.6374301173699757,0.0538215088397078,0.0,0.0,0.0909090909090909,0.0,508.476209894525
0.984,0.6243988798490864,0.6426534519587643,0.615549123872987,0.0586300673831406,0.0,0.0,0.0909090909090909,0.0,503.2983225639491
0.988,0.6323749943258276,0.6490935251477356,0.6345223125318097,0.0413300020090027,0.0,0.0,0.0909090909090909,0.0,514.9535975359008
0.992,0.668033790030333,0.6800033715092595,0.6648898944812458,0.0511503219489206,0.0,0.0,0.0909090909090909,0.0,536.3492413753121
0.996,0.6433519387700971,0.6616123449475944,0.6327460367591881,0.0505725657727723,0.0,0.0,0.0909090909090909,0.0,516.7977157876876
1.0,0.6230478621535529,0.6273211371971843,0.5855104803942727,0.0825005041694961,0.0,0.0,0.0909090909090909,0.0,477.12585818876096
0.0,0.2358927841648336,0.2377491918337191,0.239169438728601,0.0110871237509212,0.0,0.0,1.0,0.0,203.12972746967372
0.004,0.2395112481351195,0.241548121772349,0.2426005168117167,0.016729025061877,0.0,0.0,1.0,0.0,205.8977493934854
0.008,0.2461964931207,0.2465963681885042,0.2479161418324356,0.0225654945437443,0.0,0.0,1.0,0.0,209.24269313302858
0.012,0.2505463567469211,0.2519505409156707,0.2518020814823153,0.0202867059858111,0.0,0.0,1.0,0.0,212.90113643563933
0.016,0.2488764034708704,0.2509809103239498,0.251457502782017,0.0135127019052522,0.39,0.0,1.0,0.0,213.01183074202274
0.02,0.2452575699405574,0.2476286896972993,0.2481834284933899,0.0141965687308226,0.0,0.0,1.0,0.0,210.40507618113165
0.024,0.248979418999742,0.2531815866434977,0.2525270934268425,0.0156940144959043,0.0,0.0,1.0,0.0,214.70878282891283
0.028,0.2501256029983039,0.2510576645158429,0.2535314975892335,0.010814075913439,0.0,0.0,1.0,0.0,213.56347825787802
0.032,0.2511687331809829,0.2500724464529238,0.2527357867344468,0.008017014545218,0.0,0.0,1.0,0.0,212.08071348401177
0.036,0.2518126828235633,0.2504947015191515,0.2465529078523679,0.0273203261760772,0.0,0.0,1.0,0.0,208.4318165163758
0.04,0.2407758825452108,0.244212510566095,0.2440093279676589,0.0091750213612442,0.0,0.0,1.0,0.0,207.78701290006393
0.044,0.2507695206351946,0.256725704914948,0.2540271749592239,0.0231424831925912,0.0,0.0,1.0,0.0,216.95034316264884
0.048,0.2590246145858305,0.260730462388536,0.263053692269489,0.0123082596874897,0.0,0.0,1.0,0.0,221.20762584091895
0.052,0.2644077862334772,0.2629311458787103,0.2655320542673913,0.0100321574751114,0.0,0.0,1.0,0.0,221.73945974393953
0.056,0.2635320756793176,0.2676140267094344,0.2672669349341175,0.0199156065355717,0.0,0.0,1.0,0.0,225.89776983365846
0.06,0.2675758988513656,0.2666799924721273,0.2682713288532655,0.0125220160409368,0.0,0.0,1.0,0.0,224.25985348072658
0.064,0.2675630122819465,0.2672557742630403,0.2635493586065137,0.013885144528269,0.0,0.0,1.0,0.0,221.83748629306106
0.068,0.2637638834953522,0.2739346197875023,0.2672278096073716,0.0177655706824526,0.0,0.0,1.0,0.0,229.534313575401
0.072,0.2758567213504932,0.2787454036543841,0.2793196699818004,0.0096434048969393,0.0,0.0,1.0,0.0,234.4774881724864
0.076,0.27297197642316,0.2723096819311123,0.2717149756658443,0.0212290376301366,0.0,0.0,1.0,0.0,227.38575130259764
0.08,0.2705894721684526,0.2694692710093805,0.2718454199966502,0.0117057507558704,0.0,0.0,1.0,0.0,226.76563717307204
0.084,0.271452304636034,0.2732308967987622,0.2753673198164796,0.0128971450095087,0.0,0.0,1.0,0.0,230.70780960209785
0.088,0.2744529770297171,0.2729494049466615,0.2721454208700106,0.0198996803440671,0.0,0.0,1.0,0.0,227.40571848361034
0.092,0.2721606288643918,0.2719514322933131,0.2742716070588775,0.01163552200779,0.0,0.0,1.0,0.0,229.012630926663
0.096,0.2700099203268989,0.2688551048253589,0.2702409763460878,0.0151962730409297,0.0,0.0,1.0,0.0,225.69936185976837
0.1,0.2766165622105228,0.2789117389519802,0.280076227538696,0.0220974947716999,0.0,0.0,1.0,0.0,234.70199902124946
0.104,0.2791149769072779,0.2796794231987891,0.2804675480453879,0.0236761065489075,0.0,0.0,1.0,0.0,234.3521933244426
0.108,0.2912078155421799,0.292435728730775,0.2899114604625693,0.0472831356406866,0.0,0.0,1.0,0.0,242.45031420659893
0.112,0.2905896686916177,0.2894801678387005,0.2863895725090239,0.0259004006684395,0.0,0.0,1.0,0.0,238.89318803484036
0.116,0.2839057774614902,0.2848357066655766,0.286415689414349,0.0176874747795325,0.0,0.0,1.0,0.0,238.92159655289464
0.12,0.2809566125161465,0.2792827986564897,0.277350019074832,0.0175871205848711,0.0,0.0,1.0,0.0,231.52826457048567
0.124,0.2818452244900647,0.28248147141193,0.2833763994439114,0.0136840523752955,0.0,0.0,1.0,0.0,236.59606851560935
0.128,0.2840216770885639,0.284336692604198,0.2855286594108939,0.0121422819085564,0.0,0.0,1.0,0.0,238.0594799410244
0.132,0.2854511705574901,0.2898256175715314,0.2893244803504264,0.0169613939523837,0.0,0.0,1.0,0.0,242.95223052179787
0.136,0.2876147699311933,0.286895649934282,0.2894679970346109,0.0175347368465488,0.0,0.0,1.0,0.0,240.3998644664782
0.14,0.2856829760771902,0.2869212171763064,0.2878635515671331,0.0127747244049312,0.0,0.0,1.0,0.0,240.27613867495725
0.144,0.2864814293637128,0.2876889034927721,0.2896897125563962,0.0078093984101823,0.0,0.0,1.0,0.0,241.4743674356384
0.148,0.2914525094331149,0.291322596043494,0.2878374551437554,0.0206019678248717,0.0,0.0,1.0,0.0,240.48277008985485
0.152,0.2781104620401696,0.2782464244496395,0.2774543680516516,0.0207153699836574,0.0,0.0,1.0,0.0,232.1531038096909
0.156,0.2810596281597669,0.2805622550039457,0.2833894257052658,0.0070934873197773,0.0,0.0,1.0,0.0,235.79294502375515
0.16,0.2816005429652091,0.2800888796725807,0.2752760213932211,0.0174900283812407,0.0,0.0,1.0,0.0,230.52572855057204
0.164,0.2721992450781044,0.2718618424705604,0.2735150496564167,0.0128624143991191,0.0,0.0,1.0,0.0,228.50242034581507
0.168,0.2895078733163089,0.2918727603637716,0.2891418656180405,0.0286615801353189,0.0,0.0,1.0,0.0,242.37805382065665
0.172,0.2878207927145279,0.2858848399912676,0.2867547866244416,0.0149640960322484,0.0,0.0,1.0,0.0,238.12537347218614
0.176,0.286378412142272,0.2886869016445701,0.2901071259156509,0.0105899579414227,0.0,0.0,1.0,0.0,242.35502370880994
0.18,0.288542003376275,0.2879448092657035,0.2903158390371941,0.0087150806258647,0.0,0.0,1.0,0.0,241.14130048413105
0.184,0.2920320412436633,0.2900687067923168,0.2880200774410963,0.0100123936470997,0.0,0.0,1.0,0.0,239.6104441063791
0.188,0.2811368982840551,0.2836074037057698,0.2839503346271529,0.0159004793399879,0.0,0.0,1.0,0.0,237.89684727019736
0.192,0.2841761925387309,0.2828652898406777,0.2845242392307399,0.0103646886784542,0.0,0.0,1.0,0.0,236.53587558193607
0.196,0.28373834263264,0.2855010082564293,0.288085302848926,0.0079936049625245,0.0,0.0,1.0,0.0,240.3723197642066
0.2,0.2837769611803813,0.2820592143878391,0.2784196115330049,0.022720343176807,0.0,0.0,1.0,0.0,232.63807028024783
0.204,0.2684773717971189,0.2678059187898323,0.2668364569151424,0.0276526654975946,0.0,0.0,1.0,0.0,223.71452701247506
0.208,0.2684902701928976,0.2694692613899944,0.2701757681251209,0.0090092354641362,0.0,0.0,1.0,0.0,226.66250724645028
0.212,0.2682970677571041,0.2747406394872045,0.270058342246854,0.0144786350140965,0.0,0.0,1.0,0.0,229.8028865840913
0.216,0.2764105124209717,0.2783615665381723,0.2779891750272147,0.0094043201425451,0.0,0.0,1.0,0.0,233.24618110201794
0.22,0.2790763132877275,0.2803447233618739,0.2825284867471919,0.0135069454504915,0.0,0.0,1.0,0.0,235.9808313185996
0.224,0.279720256622727,0.2810740327510844,0.2821502383478912,0.0129760084397302,0.0,0.0,1.0,0.0,235.9258085458964
0.228,0.2789862082221507,0.2826861907516641,0.2828807169498061,0.0109608655098367,0.0,0.0,1.0,0.0,237.61675016489008
0.232,0.2783937611886624,0.2766598459776998,0.2758107917907522,0.0245073386163516,0.0,0.0,1.0,0.0,230.13158181446596
0.236,0.2659145419017505,0.2682025382864029,0.2693539635301431,0.0215310596232477,0.0,0.0,1.0,0.0,226.49177723933735
0.24,0.272830301782093,0.2721817160981652,0.2732280840876863,0.0085283796097929,0.0,0.0,1.0,0.0,228.26760298827932
0.244,0.2726113816073247,0.2758410135806606,0.275445586680104,0.0066928380684331,0.0,0.0,1.0,0.0,231.83315540864436
0.248,0.2840603258748096,0.2876633389809742,0.2853590949305313,0.0216878270745639,0.0,0.0,1.0,0.0,239.92175229736367
0.252,0.2863140520284946,0.2919239771456886,0.2902114975931659,0.0196346915432498,0.0,0.0,1.0,0.0,244.3656768142259
0.256,0.2926759797135179,0.3006883325923735,0.2971379010844137,0.0205112077214781,0.0,0.0,1.0,0.0,250.99827306916714
0.26,0.3080528308550606,0.3132910942006121,0.3112516064746002,0.0308325311074018,0.0,0.0,1.0,0.0,260.3884530426367
0.264,0.3099588433281468,0.3095294758403983,0.3118777261504225,0.0139135430384218,0.0,0.0,1.0,0.0,257.7381518393624
0.268,0.3106027916778807,0.3086466642350479,0.3120734059442687,0.011019197584745,0.0,0.0,1.0,0.0,257.0630370597527
0.272,0.3095081239683567,0.3110136613005539,0.3125560387558336,0.0103497218960764,0.0,0.0,1.0,0.0,259.2058593481861
0.276,0.3182125371747526,0.316746385445146,0.3160546245104644,0.0146367456381903,0.411,0.0,1.0,0.0,261.2606971599185
0.28,0.316171319627285,0.314654280339916,0.3149031741630852,0.0147136902501582,0.0,0.0,1.0,0.0,259.9835737711658
0.284,0.3079806448283492,0.3220088007148746,0.3126132677096945,0.027176990452536,0.0,0.0,1.0,0.0,266.39733193861866
0.288,0.3187938692942089,0.316913245275115,0.3189333913955435,0.0285641041680378,0.0,0.0,1.0,0.0,262.5980476162648
0.292,0.3190135183532817,0.3294787573254822,0.3223879220488829,0.0247074713601984,0.0,0.0,1.0,0.0,271.9981454536859
0.296,0.3395031794614427,0.3418518187309237,0.3414269694006899,0.0289288715180404,0.0,0.0,1.0,0.0,282.02491436892467
0.3,0.336803055099013,0.3357037658648339,0.3371349678309782,0.0143471959637274,0.0,0.0,1.0,0.0,276.9798468270511
0.304,0.3275142331759747,0.3304799145773651,0.3285902984567886,0.0174794748808461,0.0,0.0,1.0,0.0,272.71237818936976
0.308,0.3285090198648601,0.3283749376631109,0.3291529474023175,0.0147710629159398,0.0,0.0,1.0,0.0,271.3811720164459
0.312,0.3318679701891657,0.333983880407988,0.3325682401915113,0.0101549618433396,0.0,0.0,1.0,0.0,275.32620882239553
0.316,0.3303564650728718,0.3334961454956138,0.33335332676691,0.0107355962468682,0.0,0.0,1.0,0.0,276.1230189760304
0.32,0.3343872028824036,0.347601907549628,0.3377238271920511,0.0227690811604475,0.0,0.0,1.0,0.0,285.3908251598292
0.324,0.3577448706463568,0.3556109854679514,0.350625864065577,0.0142838749613597,0.0,0.0,1.0,0.0,288.04283805988496
0.328,0.3530164706318897,0.3547638503885615,0.3551533309944794,0.0150024723973197,0.0,0.0,1.0,0.0,292.1534970965181
0.332,0.3622536491274983,0.3691904679496998,0.3675189132001763,0.0250043125440248,0.0,0.0,1.0,0.0,304.14502337062834
0.336,0.370793134684644,0.3689337894753533,0.3588041364022218,0.0198158279863863,0.0,0.0,1.0,0.0,295.34625518012456
0.34,0.3557811712331393,0.368035307825177,0.3597201084537215,0.0193173190041103,0.0,0.0,1.0,0.0,301.5684177238679
0.344,0.3652250304579891,0.3634532014088917,0.3642214575237234,0.0144026498112554,0.0,0.0,1.0,0.0,297.57690084421733
0.348,0.3621890183999844,0.360077588405232,0.3418587210100735,0.0396122759084117,0.0,0.0,1.0,0.0,283.7050850590308
0.352,0.3599669574591362,0.3657635354071282,0.3575479737251346,0.033702891332909,0.0,0.0,1.0,0.0,297.20663869604346
0.356,0.3565950855797011,0.362067015364181,0.3562655920568495,0.0265065553547405,0.0,0.0,1.0,0.0,295.6583977980962
0.36,0.3703668597525192,0.3683048812616866,0.3676890638881012,0.0346041602666082,0.0,0.0,1.0,0.0,300.35591732555963
0.364,0.3763612541845409,0.37441435357123,0.3632662123414125,0.0452603174377789,0.0,0.0,1.0,0.0,298.90411208592184
0.368,0.360173659829359,0.3640564416576959,0.3609501373230916,0.0285508643220882,0.0,0.0,1.0,0.0,298.1049512997723
0.372,0.3622407082588048,0.3645056662445547,0.3637503477927596,0.0204118129359435,0.0,0.0,1.0,0.0,299.16095833781947
0.376,0.3609488270316326,0.359012283845711,0.3593013990501719,0.0161883020780226,0.0,0.0,1.0,0.0,293.8256419419447
0.38,0.35319735784468,0.3536600545825765,0.3471844247219211,0.0242830287625099,0.0,0.0,1.0,0.0,286.74821383125914
0.384,0.3490632436252245,0.3522353453282474,0.3540280244565416,0.0146329080016831,0.0,0.0,1.0,0.0,291.63176760835313
0.388,0.3565175961264432,0.3571897265897557,0.3602566368988094,0.0114996696754376,0.0,0.0,1.0,0.0,295.1410645062758
0.392,0.3604966667145444,0.3604370119913179,0.3593406681493055,0.0208404769337898,0.0,0.0,1.0,0.0,294.8812314026478
0.396,0.3600703372239692,0.3625547731588121,0.3624680029764748,0.0173658808402351,0.0,0.0,1.0,0.0,298.1512752350658
0.4,0.3697337753662817,0.3700376004997057,0.3707117288255778,0.0257570649448982,0.0,0.0,1.0,0.0,303.42502448960124
0.404,0.3662197593767551,0.3692033012627727,0.3686704066584529,0.0225522546977947,0.0,0.0,1.0,0.0,303.18917420371486
0.408,0.3699792397737813,0.3696782190351251,0.3632531233795224,0.0190231641658388,0.0,0.0,1.0,0.0,298.73827227690083
0.412,0.3655867486351697,0.3728099637156975,0.3703714832936345,0.0186369060513963,0.0,0.0,1.0,0.0,306.59303386629017
0.416,0.3582099573790653,0.3623750324703227,0.3591050952811977,0.0258472494028157,0.0,0.0,1.0,0.0,296.840637632789
0.42,0.3527064285734906,0.3575362330008201,0.3564749562272774,0.0148681551195701,0.0,0.0,1.0,0.0,294.70781623380606
0.424,0.3546184559217594,0.352941286454104,0.3510838338603878,0.016814604355986,0.0,0.0,1.0,0.0,288.02421816680317
0.428,0.3431334106913392,0.3442776412556925,0.3376714867498857,0.0248713384390528,0.0,0.0,1.0,0.0,279.7667416668951
0.432,0.3549543133823749,0.3561371944702555,0.3568020665499777,0.0155717857731523,0.0,0.0,1.0,0.0,293.137834608081
0.436,0.3519829747892791,0.3533006868752462,0.3530858942907293,0.0132636392959395,0.0,0.0,1.0,0.0,290.5053505919468
0.44,0.3541017199337699,0.3532364868080215,0.3539625819526911,0.0133588126813163,0.0,0.0,1.0,0.0,290.1038983363751
0.444,0.3482494229732648,0.3463441006669156,0.3414269765688545,0.0212484176944976,0.0,0.0,1.0,0.0,281.0795458330638
0.448,0.3311186729007411,0.3429555724105859,0.3325682315688045,0.0167568479265537,0.0,0.0,1.0,0.0,280.96902673001614
0.452,0.3382629189720187,0.3425320347059887,0.3411652075464632,0.0143397125725385,0.0,0.0,1.0,0.0,282.8012423916367
0.456,0.3332374134231886,0.334394637105176,0.3319009049415043,0.0174545302435498,0.0,0.0,1.0,0.0,274.6152246037974
0.46,0.3324235454968958,0.3399907093022285,0.3366116008982463,0.0161666194317573,0.0,0.0,1.0,0.0,281.0396263468207
0.464,0.3521767413303008,0.3506438065404431,0.3367293300892015,0.0249319730958655,0.0,0.0,1.0,0.0,279.2510750583267
0.468,0.3271137419182759,0.3324693312298375,0.3241805751514715,0.0347668760545105,0.0,0.0,1.0,0.0,271.474616940918
0.472,0.3276047069997977,0.3406452990258349,0.3325159022426963,0.0207547057578555,0.0,0.0,1.0,0.0,281.02128413678884
0.476,0.3399295187599335,0.3410816945153161,0.3323719514320311,0.0210550008145383,0.0,0.0,1.0,0.0,276.09093626890046
0.48,0.348158946561545,0.3505924722830336,0.3515418506923771,0.0181643011155433,0.0,0.0,1.0,0.0,289.57535580936144
0.484,0.3525256016644709,0.350412804809367,0.3532036652854441,0.0052988166072184,0.0,0.0,1.0,0.0,288.6393229697645
0.488,0.3453425785518518,0.3484746732491999,0.3456011191351408,0.0095156116012519,0.0,0.0,1.0,0.0,286.0033454842952
0.492,0.3519054493531054,0.3527615825261618,0.3534391672458211,0.0153361548916145,0.0,0.0,1.0,0.0,290.42615077509697
0.496,0.3521380212888139,0.3554826493466297,0.3493697139966885,0.0131348865911253,0.0,0.0,1.0,0.0,289.5603108017698
0.5,0.3544634488884983,0.3521583422840562,0.3547738971059833,0.0076735460778299,0.0,0.0,1.0,0.0,289.7941838364668
0.504,0.3571376779127561,0.3608476817431792,0.3587648916495545,0.0144321996123603,0.0,0.0,1.0,0.0,296.186041986463
0.508,0.3637910047227027,0.3631836480815291,0.3633054467366644,0.0266508504874086,0.0,0.0,1.0,0.0,297.47634019290706
0.512,0.3622277799489594,0.3658276801936432,0.3656346292492556,0.0164926266530379,0.0,0.0,1.0,0.0,301.0641945846278
0.516,0.3691782745041217,0.3777643474636773,0.3708687550741938,0.018565142248713,0.0,0.0,1.0,0.0,308.3443033295828
0.52,0.3701785205141094,0.3683762853767084,0.3681848525219084,0.0235525346533779,0.4175,0.0,1.0,0.0,300.98617656245995
0.524,0.3688313206112752,0.366368633777777,0.3568224571824866,0.0317606634966509,0.0,0.0,1.0,0.0,293.4769653776442
0.528,0.357004364211464,0.3554551007179681,0.3523220752514344,0.0178996960783768,0.0,0.0,1.0,0.0,289.2594209089599
0.532,0.346783716502112,0.3460087269864502,0.3467720964088657,0.0166256007580099,0.0,0.0,1.0,0.0,284.6278430242427
0.536,0.3484288351672345,0.3468323896290075,0.3359607032948894,0.0269960458912248,0.0,0.0,1.0,0.0,278.0913060267786
0.54,0.3438560864513194,0.3443356536977567,0.3447121321549223,0.0163222355921214,0.0,0.0,1.0,0.0,283.63909443035016
0.544,0.3456437437401002,0.3507834019054283,0.3507869677030003,0.0191534519252558,0.0,0.0,1.0,0.0,290.2903261353666
0.548,0.3563825635538346,0.3544383848209882,0.357124171517269,0.0064034802757955,0.0,0.0,1.0,0.0,291.7344809892086
0.552,0.354737423159366,0.3581706317008274,0.3584231712149767,0.0077681438177306,0.0,0.0,1.0,0.0,295.394288930925
0.556,0.3603594050340828,0.3597793203520684,0.3637107320550386,0.0,0.0,0.0,1.0,0.0,297.12511984405353
0.56,0.3631574614955316,0.3652103426810396,0.3667153125122768,0.004551436897455,0.0,0.0,1.0,0.0,300.95263358760246
0.5640000000000001,0.3655928183327432,0.3666517535879114,0.3668858949632453,0.0066222255567019,0.0,0.0,1.0,0.0,300.8994801404508
0.5680000000000001,0.3663441145421454,0.3667160711774458,0.3679355490671898,0.0065944026920252,0.0,0.0,1.0,0.0,301.24227580217155
0.5720000000000001,0.3684686142822675,0.3703711396540697,0.3731575431783359,0.010402297516224,0.0,0.0,1.0,0.0,305.5946928683877
0.5760000000000001,0.3788058542625212,0.3886460937268389,0.3840082545434389,0.0302655203134735,0.0,0.0,1.0,0.0,318.5243226206635
0.58,0.4026670042286167,0.4010782502359114,0.3968663978201955,0.0281920453086716,0.0,0.0,1.0,0.0,323.5668849800138
0.584,0.4024338404884836,0.4034333893615591,0.4009206462163606,0.024648563639814,0.0,0.0,1.0,0.0,327.4415591515191
0.588,0.3952444301505269,0.3947077353767582,0.3929827328021646,0.0172519030359734,0.0,0.0,1.0,0.0,320.5841686906557
0.592,0.3948816934148783,0.3923911739343902,0.389833777047948,0.0155364795172867,0.0,0.0,1.0,0.0,317.51243026895236
0.596,0.3889746759774447,0.3927386605817143,0.3926022158494588,0.0183653932685169,0.0,0.0,1.0,0.0,321.78845014320314
0.6,0.3919152657030786,0.4040382916314709,0.3962891109368776,0.019113156741931,0.0,0.0,1.0,0.0,329.4442106270145
0.604,0.4058666300093179,0.4077319117822828,0.4090422824031985,0.0167315195256067,0.0,0.0,1.0,0.0,333.33977410609043
0.608,0.4019674992724862,0.399289359509141,0.4012224550334338,0.0162272540885699,0.0,0.0,1.0,0.0,325.35440899607386
0.612,0.4187428692785059,0.4269206422047668,0.4184104003493187,0.0756678303020162,0.0,0.0,1.0,0.0,344.8770333193836
0.616,0.4235358443182413,0.4250159478024551,0.4230550515403987,0.0297267161478725,0.0,0.0,1.0,0.0,344.50111212645504
0.62,0.4161261769632946,0.4151062398056886,0.4039514997626967,0.0384838188934904,0.0,0.0,1.0,0.0,330.4773307539639
0.624,0.4065920616620697,0.4041541451740704,0.4023507986073106,0.0269323411252065,0.0,0.0,1.0,0.0,326.9869392140255
0.628,0.4065791383054657,0.4059687447708986,0.4039515131867505,0.0192785588753882,0.0,0.0,1.0,0.0,329.0118327486973
0.632,0.4048303298469704,0.4086713758686258,0.409816390809878,0.0194769646828068,0.0,0.0,1.0,0.0,334.7812835984163
0.636,0.4057630202655133,0.4060331038635406,0.4083206716576069,0.011306636559129,0.0,0.0,1.0,0.0,331.9537963526036
0.64,0.4105689382250333,0.4139479883814,0.4140018748702576,0.0163947669221061,0.0,0.0,1.0,0.0,337.99455580698657
0.644,0.4190278483924315,0.4194176036979066,0.4193813002724327,0.0180104118916074,0.0,0.0,1.0,0.0,340.89402660500264
0.648,0.4148437013749604,0.4171525124027657,0.4056571897495933,0.0212814213684589,0.0,0.0,1.0,0.0,333.2317599614729
0.652,0.409169916150936,0.4122105550682945,0.4068380427417457,0.0177955042472082,0.0,0.0,1.0,0.0,333.34059768834277
0.656,0.4031333876678676,0.4177445737756841,0.4068380581756253,0.0186225149144945,0.0,0.0,1.0,0.0,339.12795255173216
0.66,0.4216704610681892,0.4214123910159002,0.408045107208025,0.0187777473112079,0.0,0.0,1.0,0.0,334.33610684962616
0.664,0.4094030859652102,0.4107948863778976,0.3936781228394546,0.0295922069882977,0.0,0.0,1.0,0.0,324.6812866637822
0.668,0.3928479222998187,0.4053509981576529,0.3944390767575682,0.0231373023833065,0.0,0.0,1.0,0.0,328.75409055029434
0.672,0.4118643209753559,0.4248486302626197,0.4167440567517011,0.0273846065875717,0.0,0.0,1.0,0.0,345.5382846728826
0.676,0.426450477585012,0.4375639194732187,0.4313734820349625,0.0227207269404577,0.0,0.0,1.0,0.0,355.63068271246846
0.68,0.4466197215338536,0.4442046787629175,0.4426440644797229,0.0227729187969546,0.0,0.0,1.0,0.0,357.83077025376065
0.684,0.4540682591755239,0.4632775912590586,0.458388764033806,0.0305042213042169,0.0,0.0,1.0,0.0,375.3055574515719
0.6880000000000001,0.4656231754572328,0.4638181154876997,0.3976536263671978,0.027019839237569,0.0,0.0,1.0,0.0,335.22126192768076
0.6920000000000001,0.45286356227652,0.452376948056323,0.448390868305089,0.0148023396534729,0.0,0.0,1.0,0.0,363.4723150413448
0.6960000000000001,0.4434330955160811,0.4460579552090906,0.4424472574567861,0.0140263695517314,0.0,0.0,1.0,0.0,360.1399421494009
0.7000000000000001,0.4460108935298104,0.4501633739670246,0.4483121281657706,0.0087432872541921,0.0,0.0,1.0,0.0,364.95239861773643
0.704,0.4406479732666,0.4416821874406196,0.4440217098719866,0.0068935464577559,0.0,0.0,1.0,0.0,359.62086214475596
0.708,0.4407257154591906,0.4537797768650283,0.4461997507622266,0.0120027838215222,0.0,0.0,1.0,0.0,368.04993631181503
0.712,0.4500914316317037,0.4553627257562634,0.4558564680454008,0.0130408644967006,0.0,0.0,1.0,0.0,370.774038372001
0.716,0.4661413305483347,0.4756325131311649,0.4684390674186155,0.0201775252271832,0.0,0.0,1.0,0.0,383.54254184979027
0.72,0.4801445553994724,0.4769581048872755,0.4799589362642193,0.0157237561788346,0.0,0.0,1.0,0.0,385.2875253326006
0.724,0.4749241388116044,0.4721448645541019,0.4601075726046943,0.0226071328998467,0.0,0.0,1.0,0.0,372.94612486907124
0.728,0.4541460237450036,0.4595453850865267,0.4586905160261795,0.0123431821797046,0.0,0.0,1.0,0.0,373.2419847487266
0.732,0.4479539740707075,0.4549380171837222,0.4534816234447499,0.0188383819680205,0.0,0.0,1.0,0.0,370.01312408826755
0.736,0.4274738137030693,0.4329050901858167,0.4265713922525985,0.0303677933263884,0.0,0.0,1.0,0.0,349.6231158704767
0.74,0.4376815235056678,0.439481491509635,0.4402298617192495,0.0179931425273254,0.0,0.0,1.0,0.0,357.31619433354524
0.744,0.4344041914674967,0.4373966181884974,0.4261252659803006,0.0258961792682816,0.0,0.0,1.0,0.0,349.1605313815537
0.748,0.419636686637333,0.4235616560643919,0.4167965480078304,0.0212012147654599,0.0,0.0,1.0,0.0,341.59073107471545
0.752,0.4094030862743957,0.4244367972943295,0.4105380610497695,0.0315240732059864,0.0,0.0,1.0,0.0,342.67542921109236
0.756,0.4260747998433685,0.4297133805624656,0.4267944144581598,0.0196327727249963,0.0,0.0,1.0,0.0,348.4423931741171
0.76,0.4331476353701836,0.4346682221590036,0.434732333738459,0.0152150774598146,0.0,0.0,1.0,0.0,353.112947821572
0.764,0.4227844973878639,0.4212065259246328,0.4163898246941728,0.0283898754706141,0.0,0.0,1.0,0.0,338.6475518173204
0.768,0.4201807534777877,0.4181563420226168,0.4161798635783398,0.0279111303163498,0.0,0.0,1.0,0.0,337.79158198738924
0.772,0.4167220637571499,0.4182979607043037,0.4209033073145635,0.0160597412550337,0.0,0.0,1.0,0.0,342.08304896940047
0.776,0.4171232942267274,0.4222967013946355,0.420291255683295,0.0166566856137177,0.478,0.0,1.0,0.0,344.1711885261118
0.78,0.4238523367926613,0.4238325165882038,0.4215280675454985,0.018955429881488,0.0,0.0,1.0,0.0,342.78259671557817
0.784,0.4023401580236571,0.4134431761972453,0.4029101581333733,0.0242878258081438,0.0,0.0,1.0,0.0,334.6015403473881
0.788,0.4120310211550712,0.4104748157346493,0.4038443321472088,0.0281496394252678,0.0,0.0,1.0,0.0,329.3709493889237
0.792,0.4047823685966095,0.4179731890275129,0.4106862683996695,0.0251428512219322,0.0,0.0,1.0,0.0,340.84124044365365
0.796,0.4105891004525288,0.4198703701851011,0.4145282472516709,0.0133762739274237,0.0,0.0,1.0,0.0,341.8205199286135
0.8,0.4241381282351069,0.4270590124762152,0.4270016085167427,0.018061836220803,0.0,0.0,1.0,0.0,347.79201036555446
0.804,0.4161100408660026,0.4147466931395016,0.4031469841954236,0.022654143947059,0.0,0.0,1.0,0.0,329.81237197378766
0.808,0.3966373323087628,0.4000983939307423,0.3991207805260794,0.0225088894052642,0.0,0.0,1.0,0.0,326.816699624839
0.812,0.3997161017929855,0.4001500288930127,0.3879237021335529,0.0249179657226144,0.0,0.0,1.0,0.0,319.0044231415674
0.8160000000000001,0.393363753676506,0.4115201972514901,0.39758137096913,0.0301908782834098,0.0,0.0,1.0,0.0,334.0515723583642
0.8200000000000001,0.4214101262197089,0.424774628180504,0.4220675314559168,0.023520298506718,0.0,0.0,1.0,0.0,344.6702900536509
0.8240000000000001,0.3992484250491195,0.4162437919578511,0.4050285026110826,0.0119747690750202,0.0,0.0,1.0,0.0,338.79423755653704
0.8280000000000001,0.4160190982152924,0.4189927727561867,0.420580723143675,0.0060076280700852,0.0,0.0,1.0,0.0,342.60380440183474
0.8320000000000001,0.4156163974978057,0.4207092512387969,0.4166729325053561,0.0078088227647062,0.0,0.0,1.0,0.0,341.4977898400583
0.836,0.4556919376043501,0.4578397517390954,0.4477115617842235,0.0261016847032384,0.0,0.0,1.0,0.0,365.14928862065653
0.84,0.4466115874724728,0.4499284169058777,0.4496588919861999,0.0124571599839663,0.0,0.0,1.0,0.0,365.35867764629654
0.844,0.4625768592036722,0.4626149814077267,0.4615401479425238,0.0199831489380971,0.0,0.0,1.0,0.0,373.2465967814851
0.848,0.455652967846003,0.4541744571366267,0.4566718425143936,0.01312932201819,0.0,0.0,1.0,0.0,368.24867584791707
0.852,0.4670585796320903,0.4679838752916901,0.4661058155222862,0.0193908097432218,0.0,0.0,1.0,0.0,377.2573871164958
0.856,0.4701373094726118,0.4677515770403779,0.4647768912514115,0.0234126528026931,0.0,0.0,1.0,0.0,375.0634641209581
0.86,0.4538342734066036,0.4525483299915056,0.4494351961585156,0.0453836974514831,0.0,0.0,1.0,0.0,363.7808550547205
0.864,0.4594721627388199,0.4594917160583198,0.4554745418161537,0.0300592473512153,0.0,0.0,1.0,0.0,369.11735356386816
0.868,0.4543019501504695,0.4523805459035792,0.4543035015866459,0.0170475488919688,0.0,0.0,1.0,0.0,366.35323435473174
0.872,0.4528210200458788,0.4532581433324936,0.4554350306521901,0.0135359196061203,0.0,0.0,1.0,0.0,368.15299708481405
0.876,0.4576275016750895,0.4754048158341164,0.4627111881720317,0.0260255076185719,0.0,0.0,1.0,0.0,383.57946452878
0.88,0.4738265919563713,0.4765018323132275,0.4695136132605287,0.0181731276795097,0.0,0.0,1.0,0.0,381.51360376427306
0.884,0.4892722536950429,0.5032559110096191,0.4932498245508225,0.0361691484342155,0.0,0.0,1.0,0.0,404.92139802198074
0.888,0.5121484136498956,0.5097218213726936,0.5018679964222831,0.0264936992724416,0.0,0.0,1.0,0.0,404.3442627703539
0.892,0.4840500682143294,0.4882591644238917,0.4812106845531318,0.0229527120673136,0.0,0.0,1.0,0.0,391.1212790406137
0.896,0.4850763247090703,0.4856521699253155,0.4857894823672602,0.0145045390605197,0.0,0.0,1.0,0.0,391.83635002765834
0.9,0.4914416363158646,0.4894465322404918,0.4825395686703846,0.0192538061199173,0.0,0.0,1.0,0.0,389.5458506528598
0.904,0.4857648168690027,0.4961576200559939,0.4909867262661122,0.0137627239236916,0.0,0.0,1.0,0.0,400.83977484430227
0.908,0.5001582158449012,0.500945768311677,0.4950261003234443,0.0138626943547023,0.0,0.0,1.0,0.0,400.090909855929
0.912,0.5002621616296274,0.4989195194413811,0.4916051321972139,0.022690217730226,0.0,0.0,1.0,0.0,396.83496973748186
0.916,0.4974042472051722,0.5164329485741319,0.5021969348930048,0.0287486944840307,0.0,0.0,1.0,0.0,414.6311097693473
0.92,0.5177862633384106,0.5168201123263187,0.5120124476163269,0.0204340712276848,0.0,0.0,1.0,0.0,412.17827585386647
0.924,0.5163053728775211,0.512948317260705,0.5024995727413727,0.0302737712319638,0.0,0.0,1.0,0.0,404.909417361504
0.928,0.5030420968936873,0.5009844846868956,0.4989601915841171,0.022884018373836,0.0,0.0,1.0,0.0,401.2242720772226
0.932,0.4913636967991705,0.4938990729343859,0.4830790325808029,0.0294882070389545,0.0,0.0,1.0,0.0,392.5368943061578
0.936,0.4920391858250866,0.4970481360719601,0.4901183238849722,0.0199056286806531,0.0,0.0,1.0,0.0,398.2596175151781
0.94,0.498456470324244,0.5193625926615092,0.5041047940846395,0.0303618449898024,0.0,0.0,1.0,0.0,417.054771496468
0.944,0.5027303388269108,0.5037463446863466,0.4998022531892813,0.0174894527357647,0.0,0.0,1.0,0.0,403.4903590955247
0.948,0.5032239821951077,0.4998874682077845,0.4895656895865661,0.0179664709536008,0.0,0.0,1.0,0.0,394.99021582851674
0.952,0.4806595803070315,0.489562681366148,0.4816843366772326,0.021738483876458,0.0,0.0,1.0,0.0,393.58078885126315
0.956,0.4903894131967928,0.4960156731421707,0.4960129157356095,0.0143919044290354,0.0,0.0,1.0,0.0,401.7897147902586
0.96,0.4936500283387346,0.5057983913448095,0.5006969963463971,0.0118659720800431,0.0,0.0,1.0,0.0,408.9979379375609
0.964,0.5065365305857116,0.504778847002072,0.5051047397311706,0.0083622099490342,0.0,0.0,1.0,0.0,405.6410370933926
0.968,0.5113300090809061,0.5122900994960511,0.5145913541373931,0.0141572329566245,0.0,0.0,1.0,0.0,413.67878336932733
0.972,0.5293867239162331,0.5304359092193526,0.5215780040432327,0.0229139519385916,0.0,0.0,1.0,0.0,421.0719077220414
0.976,0.5231513247184961,0.5266286677030607,0.5206964312741048,0.0118043780141036,0.0,0.0,1.0,0.0,420.88051335837633
0.98,0.5294516999426125,0.5302939623055294,0.5240384573796517,0.0162685086810216,0.0,0.0,1.0,0.0,422.40645322702403
0.984,0.5266067886521734,0.5547508168910303,0.530946165264808,0.0293320152331143,0.0,0.0,1.0,0.0,442.15815532787246
0.988,0.5470017682757264,0.5534472999487742,0.548722013071769,0.0141877421668562,0.0,0.0,1.0,0.0,443.36685433171476
0.992,0.5592257846308033,0.5557445634456009,0.5467746828697925,0.014374443182928,0.0,0.0,1.0,0.0,438.52592700452067
0.996,0.5340762962704027,0.5529697848590983,0.5372617678412164,0.0157730698079512,0.0,0.0,1.0,0.0,441.7156976442167
1.0,0.5329590971249515,0.534759421586475,0.5181702063049902,0.0311871709346621,0.0,0.0,1.0,0.0,420.15978300467634
0.0,0.1266855885740308,0.1267745834644842,0.1280032151419853,0.0134303846021742,0.0,0.0,0.2727272727272727,0.0,117.11473264886907
0.004,0.1293554610980621,0.1298015021952581,0.1304615977402204,0.0146918157220676,0.0,0.0,0.2727272727272727,0.0,119.24823496846888
0.008,0.1287486766021673,0.1298078581020744,0.1301510622508232,0.0117794333768073,0.0,0.0,0.2727272727272727,0.0,119.32245079762266
0.012,0.1313227373242369,0.131457736667041,0.1303710229540505,0.0147541773153084,0.0,0.0,0.2727272727272727,0.0,119.36430018656961
0.016,0.1273323672459468,0.1264786437332899,0.127601808450466,0.0142963472800079,1.0,0.0,0.2727272727272727,0.0,116.93439713552127
0.02,0.1223310467359262,0.1229036807753422,0.1227585187287883,0.0203417760696884,0.0,0.0,0.2727272727272727,0.0,113.54172477186268
0.024,0.1240328021675085,0.1256397528331101,0.1261808018861363,0.0143700299009448,0.0,0.0,0.2727272727272727,0.0,116.47140951247196
0.028,0.1252798839892409,0.1252654781285227,0.1263913172874274,0.0142986498619122,0.0,0.0,0.2727272727272727,0.0,115.85620209241249
0.032,0.1222920769775791,0.122284199078875,0.1237466491720711,0.0215836352433953,0.0,0.0,0.2727272727272727,0.0,113.76952248553837
0.036,0.1229026296208172,0.1224481036520923,0.1232229857118761,0.0191563301526362,0.0,0.0,0.2727272727272727,0.0,113.30789853921596
0.04,0.1203110316705593,0.1207225664041715,0.1214309295658421,0.0187710314473204,0.0,0.0,0.2727272727272727,0.0,112.30577623748312
0.044,0.1235586436784851,0.1261818017791399,0.1245361095325277,0.0275757208856267,0.0,0.0,0.2727272727272727,0.0,116.02130169187915
0.048,0.1269166733053693,0.1263495760205822,0.1252597681450722,0.0193447581051362,0.0,0.0,0.2727272727272727,0.0,115.15754411174298
0.052,0.1228896363977264,0.1221551313661674,0.1242203213729828,0.0108108139224079,0.0,0.0,0.2727272727272727,0.0,113.72789659323962
0.056,0.1232403840447006,0.1238329131665269,0.1241413793522994,0.0184237253434252,0.0,0.0,0.2727272727272727,0.0,114.53028912332547
0.06,0.1207592037134011,0.1212388077155502,0.1216151343063739,0.014781424534509,0.0,0.0,0.2727272727272727,0.0,112.53710926481763
0.064,0.1213957328918955,0.1229165895159097,0.1233782396910077,0.0124517872928563,0.0,0.0,0.2727272727272727,0.0,114.3050449062526
0.068,0.1196030546314536,0.1190835108255147,0.1202599094131452,0.0212795025502054,0.0,0.0,0.2727272727272727,0.0,110.93902603691384
0.072,0.1154006439003236,0.1155472740892697,0.1170757773873708,0.0174483900251384,0.0,0.0,0.2727272727272727,0.0,108.71344710469121
0.076,0.1142250099392025,0.1144115412349399,0.11443111931042,0.0281918534268462,0.0,0.0,0.2727272727272727,0.0,106.97107835940024
0.08,0.1159592335621238,0.1156117980991395,0.1170231560658521,0.0164365971600338,0.0,0.0,0.2727272727272727,0.0,108.49024535297326
0.084,0.1116918765373905,0.1109591965426581,0.1114969837346838,0.0419365404589544,0.0,0.0,0.2727272727272727,0.0,104.24434728766973
0.088,0.1112501961506315,0.1125530862990545,0.1124232776002188,0.0207243884294491,0.0,0.0,0.2727272727272727,0.0,105.92508747589703
0.092,0.1135495110023611,0.1134048760933178,0.1149047915113317,0.0153902655663651,0.0,0.0,0.2727272727272727,0.0,106.93607277956815
0.096,0.11450429981464,0.1151859081252499,0.1160758116640286,0.0201042263698971,0.0,0.0,0.2727272727272727,0.0,108.283718600723
0.1,0.1236106066599229,0.1260462846193904,0.1239887554354032,0.0614626268890525,0.0,0.0,0.2727272727272727,0.0,115.58852108516956
0.104,0.1247083011043499,0.1245169287193479,0.1250887237541229,0.022421583174727,0.0,0.0,0.2727272727272727,0.0,114.88479824025309
0.108,0.1241107416842026,0.1273175247869857,0.1261676415365539,0.0226798561116568,0.0,0.0,0.2727272727272727,0.0,117.42863115601175
0.112,0.1323466809790582,0.1324283029385017,0.1326279878815577,0.0461164941425194,0.0,0.0,0.2727272727272727,0.0,120.83341742949133
0.116,0.129917473540122,0.1326218848145952,0.1306280463964681,0.0291347607166479,0.0,0.0,0.2727272727272727,0.0,120.78797105611093
0.12,0.1311255856035073,0.1320153020122116,0.1316148618086332,0.0168809954675594,0.0,0.0,0.2727272727272727,0.0,120.51059978543775
0.124,0.1341848305648553,0.1346287656507976,0.1347726731352429,0.0194190163715492,0.0,0.0,0.2727272727272727,0.0,122.64698585044574
0.128,0.1329572336222963,0.1347900904451982,0.1335227009234571,0.0165488480278673,0.0,0.0,0.2727272727272727,0.0,122.51941665154033
0.132,0.1308008244027148,0.1302600973078987,0.1320622133103802,0.0082637745726264,0.0,0.0,0.2727272727272727,0.0,119.86858685798454
0.136,0.133191062083304,0.1340931661518097,0.1349437175261922,0.0162207301065078,0.0,0.0,0.2727272727272727,0.0,122.8424905005581
0.14,0.1337886215034513,0.1333446265891189,0.1316806535181398,0.0208111190145102,0.0,0.0,0.2727272727272727,0.0,120.23513420551713
0.144,0.1293134125529666,0.1291114557130013,0.1287728286031629,0.0192653190294387,0.0,0.0,0.2727272727272727,0.0,117.86982793808355
0.148,0.127722084651268,0.1313700028346093,0.1296675416450622,0.020908403099966,0.0,0.0,0.2727272727272727,0.0,120.39480976793689
0.152,0.1280338526289698,0.1275369339906983,0.1278123338901625,0.0185557400392705,0.0,0.0,0.2727272727272727,0.0,116.90192369082064
0.156,0.1284105768112002,0.1289823978467776,0.1287991493023277,0.0086696046332553,0.0,0.0,0.2727272727272727,0.0,118.18692194417963
0.16,0.1280858156104077,0.1278982999547181,0.1288123096519101,0.006009163124688,0.0,0.0,0.2727272727272727,0.0,117.68637993141054
0.164,0.1290990689711324,0.1313054788247395,0.1299964801157839,0.0178943233872668,0.0,0.0,0.2727272727272727,0.0,119.98081366565404
0.168,0.1322947179976204,0.1325831684393764,0.1324043121306843,0.0129073147462525,0.0,0.0,0.2727272727272727,0.0,120.83014971298321
0.172,0.1296706518560235,0.1305440206749971,0.1311609251128924,0.0134503403120113,0.0,0.0,0.2727272727272727,0.0,119.97665700029125
0.176,0.1311125923804166,0.131318387565307,0.1304570020055188,0.0178797403685397,0.0,0.0,0.2727272727272727,0.0,119.42505950249213
0.18,0.1290081362313476,0.1332413763575463,0.1304306813063539,0.0176260725954185,0.0,0.0,0.2727272727272727,0.0,121.42378646522229
0.184,0.1392446156233218,0.1398750511155791,0.1396146478258029,0.031868884846152,0.0,0.0,0.2727272727272727,0.0,126.50513761364448
0.188,0.1353994441952487,0.1347126576947608,0.134693721076154,0.0235855383273392,0.0,0.0,0.2727272727272727,0.0,122.14869444491856
0.192,0.1318270709865304,0.132465729424312,0.1338253287334194,0.016094855629074,0.0,0.0,0.2727272727272727,0.0,121.78741816559823
0.196,0.1330481663620813,0.1337059925531387,0.1341147961937994,0.0111224300067868,0.0,0.0,0.2727272727272727,0.0,122.19002252157152
0.2,0.1326064958862475,0.1329703518845314,0.1329174553419377,0.0102698990567281,0.0,0.0,0.2727272727272727,0.0,121.23428163963904
0.204,0.1304500767557406,0.1306859872817883,0.1311806606180633,0.0083313169751518,0.0,0.0,0.2727272727272727,0.0,119.75294477160652
0.208,0.1278000241679621,0.1286984646331952,0.1296543913338853,0.010509943220249,0.0,0.0,0.2727272727272727,0.0,118.77438355535146
0.212,0.1311710470179372,0.1340286421419398,0.1332990251725836,0.0213015689601213,0.0,0.0,0.2727272727272727,0.0,122.67780233263085
0.216,0.1372830551954756,0.1383263370279272,0.1375357542816243,0.0194462635907498,0.0,0.0,0.2727272727272727,0.0,125.18439971987218
0.22,0.1374324425727811,0.1373841958961749,0.1378252217420043,0.0114211900088668,0.0,0.0,0.2727272727272727,0.0,124.73575513691632
0.224,0.1321128525180506,0.1328864598405683,0.1339700624636094,0.0212589711948922,0.0,0.0,0.2727272727272727,0.0,122.00336748594778
0.228,0.1299434500753782,0.1312538537089532,0.1297728043649105,0.0225407417882733,0.0,0.0,0.2727272727272727,0.0,119.4703362100407
0.232,0.1420895269137609,0.1511290605019163,0.1441276740072357,0.1523756600974644,0.0,0.0,0.2727272727272727,0.0,134.6167641504606
0.236,0.1493511826062388,0.1539425751566057,0.1501143581897333,0.074587343743434,0.0,0.0,0.2727272727272727,0.0,136.819266979755
0.24,0.1522480469671904,0.1525745440509638,0.1534300635961154,0.0263196624568433,0.0,0.0,0.2727272727272727,0.0,136.7689387962193
0.244,0.1476494370855818,0.1480316323266126,0.1461670965410726,0.0421698687585879,0.0,0.0,0.2727272727272727,0.0,131.7102672002579
0.248,0.150078644524518,0.1497868468774096,0.1496406859888216,0.0315618739255817,0.0,0.0,0.2727272727272727,0.0,133.7877908335622
0.252,0.1563790197486343,0.1570271044378259,0.1576259966252912,0.0332749948623641,0.0,0.0,0.2727272727272727,0.0,140.16135897094074
0.256,0.163549732790402,0.1657773597106755,0.1653639408739579,0.0576382302278731,0.0,0.0,0.2727272727272727,0.0,146.91806936544697
0.26,0.1635757192365836,0.1630929127686938,0.1634955727694758,0.0351642633148237,0.0,0.0,0.2727272727272727,0.0,144.2253260403417
0.264,0.1670831362407733,0.1771978632955307,0.1695875196718217,0.0908278376779535,0.0,0.0,0.2727272727272727,0.0,154.7033237536204
0.268,0.1748124686771172,0.1754052321054075,0.1751136819645845,0.0348254000112442,0.0,0.0,0.2727272727272727,0.0,153.6982824927514
0.272,0.1813336593172997,0.1808773565279753,0.181258250188449,0.0399369399569148,0.0,0.0,0.2727272727272727,0.0,157.8493766609751
0.276,0.1803853621611035,0.185136335038744,0.1823897993308041,0.0446390040872747,0.0,0.0,0.2727272727272727,0.0,161.43398844041783
0.28,0.1903100636644507,0.1907117293858524,0.1898501214375555,0.0510221448895825,0.0,0.0,0.2727272727272727,0.0,165.00783389128958
0.284,0.1857634068533546,0.1874464974296542,0.1872712550701114,0.0321895193763226,0.0,0.0,0.2727272727272727,0.0,163.44619816851318
0.288,0.1886083181437937,0.1893307796931589,0.1889948894444034,0.0296060224797233,0.0,0.0,0.2727272727272727,0.0,164.3989721855069
0.292,0.1874001961694829,0.1908601355932014,0.1895475036659986,0.0305356899235753,0.0,0.0,0.2727272727272727,0.0,166.13172778226567
0.296,0.1890240021734458,0.1913699274575383,0.1892448858944417,0.0297890777411134,0.0,0.0,0.2727272727272727,0.0,165.584874011015
0.3,0.2032745252499722,0.2072830075403668,0.2052970792502997,0.0957267725611292,0.0,0.0,0.2727272727272727,0.0,178.52469623452473
0.304,0.1999229872791707,0.2016172815487374,0.1992906595626313,0.034458713842988,0.0,0.0,0.2727272727272727,0.0,173.04726205157843
0.308,0.1983251677213894,0.1977325678960721,0.198323579655637,0.0253614046210132,0.0,0.0,0.2727272727272727,0.0,170.83799678890688
0.312,0.2060025272653701,0.2088110637045169,0.2087048769885422,0.0361167646958932,0.0,0.0,0.2727272727272727,0.0,180.32293307379143
0.316,0.2106531100393419,0.2098512856637243,0.2080601704350866,0.0305621696154745,0.0,0.0,0.2727272727272727,0.0,178.63848187705662
0.32,0.2084707044626534,0.211051552374408,0.2103890403524925,0.0234345273307837,0.0,0.0,0.2727272727272727,0.0,181.6239935203413
0.324,0.2196424976986584,0.2234283858745075,0.2227966099080577,0.0401683494382947,0.0,0.0,0.2727272727272727,0.0,191.61886408236552
0.328,0.2224224527845688,0.221363440321961,0.2212637453914804,0.0215617607153047,0.0,0.0,0.2727272727272727,0.0,188.34870881670443
0.332,0.2169404821294421,0.2194791580584564,0.2201782524534608,0.0157719185169991,0.0,0.0,0.2727272727272727,0.0,188.8658870606587
0.336,0.2181161160905632,0.2182530935596056,0.2124547835854942,0.0272247690270497,0.0,0.0,0.2727272727272727,0.0,183.11699837556986
0.34,0.2095229275817253,0.209773852913287,0.2083233171963018,0.0251936999056517,0.0,0.0,0.2727272727272727,0.0,179.21795069050037
0.344,0.2065741101502612,0.2055019755084347,0.2017445477818673,0.0354169716788182,0.0,0.0,0.2727272727272727,0.0,174.0401857035643
0.348,0.195545212635479,0.1979519672533007,0.1819424478290572,0.0912261843473935,0.0,0.0,0.2727272727272727,0.0,162.49051450489435
0.352,0.1926223618283458,0.1926088908504725,0.1921790114317725,0.0440353438647033,0.0,0.0,0.2727272727272727,0.0,166.54841542081536
0.356,0.1825807510499574,0.18965342928196,0.1855607710069962,0.0303735497811491,0.0,0.0,0.2727272727272727,0.0,165.07598652231727
0.36,0.1929990959215015,0.1917183945274745,0.1916132468990003,0.0241454494937293,0.0,0.0,0.2727272727272727,0.0,165.53913645869332
0.364,0.1909855725122174,0.1919765102599218,0.1914290421584686,0.0157838151901711,0.0,0.0,0.2727272727272727,0.0,166.42164251300176
0.368,0.1848021065631423,0.1930089928826791,0.1870738799415918,0.0288049158588601,0.0,0.0,0.2727272727272727,0.0,167.03745386879623
0.372,0.1919858227389261,0.2005847989259802,0.1931789771551146,0.0333233490823539,0.0,0.0,0.2727272727272727,0.0,172.14069347117703
0.376,0.1961817517248986,0.1953836891299432,0.1940079085259128,0.0247692573079632,0.0,0.0,0.2727272727272727,0.0,167.8027894750341
0.38,0.191609108467621,0.1937446237048023,0.1902711723169486,0.0235297007161605,0.0,0.0,0.2727272727272727,0.0,166.5323925265776
0.384,0.1941682283156146,0.1983520692855073,0.1965038978177259,0.0192614813929315,0.0,0.0,0.2727272727272727,0.0,171.86614965530578
0.388,0.201222032082341,0.2024819800835683,0.203141873747673,0.0174364933519663,0.0,0.0,0.2727272727272727,0.0,175.2912718656206
0.392,0.208158946395877,0.2070765070772217,0.2087443479988839,0.0188560350959533,0.0,0.0,0.2727272727272727,0.0,178.4322994842905
0.396,0.2052230924547277,0.2062763423987447,0.2056128674098445,0.0175629434748762,0.0,0.0,0.2727272727272727,0.0,177.33718306891504
0.4,0.2088799067471482,0.2103030029652332,0.2093627539299856,0.0178737920319536,0.0,0.0,0.2727272727272727,0.0,180.41348024990614
0.404,0.201118125941316,0.2024045473331309,0.2036918579070328,0.0153551511923248,0.0,0.0,0.2727272727272727,0.0,175.6123290983953
0.408,0.1961947350370641,0.196041887201629,0.1962446861114583,0.0200084773390442,0.0,0.0,0.2727272727272727,0.0,169.50331851066764
0.412,0.193310853988278,0.1928024924195341,0.1929026800827224,0.0133327167530678,0.0,0.0,0.2727272727272727,0.0,166.8163235777185
0.416,0.1858933192624119,0.18965342928196,0.1884554255339852,0.013315063625135,0.0,0.0,0.2727272727272727,0.0,165.41030301594833
0.42,0.1882315840506379,0.1901438629586875,0.1902974930161134,0.0112778542853255,0.0,0.0,0.2727272727272727,0.0,165.8143064400873
0.424,0.1942071980739616,0.1948803565591322,0.192823738062039,0.0185837547857725,0.0,0.0,0.2727272727272727,0.0,167.63155413089825
0.428,0.1863609761844272,0.1894985637810853,0.1871607322257923,0.0169379843696902,0.0,0.0,0.2727272727272727,0.0,164.36450294965204
0.432,0.1924145099025944,0.1915893268147669,0.1903501143376321,0.0126542226186074,0.0,0.0,0.2727272727272727,0.0,164.97109828710143
0.436,0.1884784057347364,0.188466081158328,0.1857712964466927,0.0165027963897818,0.0,0.0,0.2727272727272727,0.0,162.05977933179653
0.44,0.1837888532024175,0.1828003551666986,0.1805609022366638,0.0214272515557298,0.0,0.0,0.2727272727272727,0.0,157.57961034480232
0.444,0.18771197405811,0.1864269333939486,0.1835871401826659,0.027744385010115,0.0,0.0,0.2727272727272727,0.0,159.8813888229452
0.448,0.1785407209192237,0.1846459013620165,0.174745272483521,0.0599383176684209,0.0,0.0,0.2727272727272727,0.0,157.4253692349221
0.452,0.1798917187929066,0.1825873954100278,0.1814819259393224,0.0271656694248399,0.0,0.0,0.2727272727272727,0.0,159.60602367038769
0.456,0.1790213611534045,0.1829165042923547,0.1812187791781072,0.0185837547857725,0.0,0.0,0.2727272727272727,0.0,160.0109548358712
0.46,0.1816389356389187,0.1825164219531162,0.1829832096322642,0.0099701796455213,0.0,0.0,0.2727272727272727,0.0,159.7271612549076
0.464,0.1812167500422585,0.1830584708991459,0.1763504938267879,0.0205562999504369,0.0,0.0,0.2727272727272727,0.0,156.33034665946263
0.468,0.1720974499738847,0.1759472810514372,0.1706138060943286,0.0258789099039996,0.0,0.0,0.2727272727272727,0.0,152.51770756749153
0.472,0.1825157948454288,0.1832004375059372,0.183850286943881,0.0365394803571534,0.0,0.0,0.2727272727272727,0.0,160.26972135377406
0.476,0.1892708238575443,0.1894856451940336,0.1804951105271572,0.0467109440374737,0.0,0.0,0.2727272727272727,0.0,159.23358034623323
0.48,0.1813401608843077,0.1831488222366349,0.1724032321781272,0.035880366287054,0.0,0.0,0.2727272727272727,0.0,154.013051353391
0.484,0.177527467558499,0.1795738592786872,0.1798767045960555,0.0085034349724966,0.0,0.0,0.2727272727272727,0.0,157.86208549260581
0.488,0.183165317247014,0.1875239498730597,0.1847844810345276,0.0241143646380216,0.0,0.0,0.2727272727272727,0.0,163.12175834957628
0.492,0.1840746446448631,0.1834972696136032,0.1844029011654762,0.0136708125293459,0.0,0.0,0.2727272727272727,0.0,160.13353154650915
0.496,0.1791382704284457,0.1792705678774954,0.1809951034272338,0.0080860920023463,0.0,0.0,0.2727272727272727,0.0,157.67131733793184
0.5,0.1802684528860623,0.1797158258854784,0.1808372193858669,0.0075071845352459,0.0,0.0,0.2727272727272727,0.0,157.37542621455833
0.504,0.1814115988339938,0.1806063419014445,0.1825082123618293,0.0067603804709585,0.0,0.0,0.2727272727272727,0.0,158.41130970250603
0.508,0.1793591254882132,0.1796383931350411,0.1808411544408145,0.0088037300291794,0.0,0.0,0.2727272727272727,0.0,157.7082875770591
0.512,0.175293108911298,0.176876513442622,0.1780609778899031,0.0071076865748537,0.0,0.0,0.2727272727272727,0.0,156.1222991214105
0.516,0.1820481379234134,0.1822195898454502,0.182271386299779,0.015685763577414,0.0,0.0,0.2727272727272727,0.0,158.96427119031108
0.52,0.1762154196213125,0.1774572787638704,0.1768241660276996,0.0103948141250351,0.0,0.0,0.2727272727272727,0.0,155.35900348533653
0.524,0.1796124289174691,0.1799094077615719,0.1774031009484596,0.0075879667837209,0.0,0.0,0.2727272727272727,0.0,155.74909482693863
0.528,0.173656299773319,0.1724949265126714,0.171850617956532,0.0162700437356244,0.0,0.0,0.2727272727272727,0.0,150.55288490053982
0.532,0.1681613458060267,0.1683198400458659,0.1691269977820869,0.0120847173609494,0.0,0.0,0.2727272727272727,0.0,148.7534625457172
0.536,0.1703047816243681,0.1701524873471002,0.1681270320587448,0.0105863121867409,0.0,0.0,0.2727272727272727,0.0,148.36838075134207
0.54,0.1677716284007055,0.1673260737983273,0.1686085944463626,0.0073749779575753,0.0,0.0,0.2727272727272727,0.0,148.02263716680704
0.544,0.1682392853227208,0.1702557375786728,0.1709295942538734,0.0119931897302544,0.0,0.0,0.2727272727272727,0.0,150.92879499401528
0.548,0.1700514583732616,0.1707074548801816,0.1712453623366072,0.0077236272342479,0.0,0.0,0.2727272727272727,0.0,150.63336615462634
0.552,0.1702722936111785,0.1700363382214441,0.1714427374651268,0.0050261525333869,0.0,0.0,0.2727272727272727,0.0,150.26017640649417
0.556,0.1701748692153108,0.1693781204567903,0.1722953393960435,0.0009983611373296,0.0,0.0,0.2727272727272727,0.0,150.4112401168404
0.56,0.1699020610850308,0.1722045340055632,0.1724821741988106,0.0063000559719284,0.0,0.0,0.2727272727272727,0.0,152.31087654920762
0.5640000000000001,0.1665635262482454,0.1667453084770789,0.1687322876786696,0.011793248868233,0.0,0.0,0.2727272727272727,0.0,148.25010899051324
0.5680000000000001,0.168018450084804,0.1671970257785877,0.1689164924192013,0.0078257083653376,0.0,0.0,0.2727272727272727,0.0,148.02539101449355
0.5720000000000001,0.165225511686728,0.1649642764451468,0.1666665444456679,0.0064512588503093,0.0,0.0,0.2727272727272727,0.0,146.53720947791035
0.5760000000000001,0.1729288378550397,0.1769410276060078,0.174772898175398,0.024991456461726,0.0,0.0,0.2727272727272727,0.0,155.2078901362473
0.58,0.177027322623294,0.1768119795862681,0.1752584156947745,0.0230068227420641,0.0,0.0,0.2727272727272727,0.0,153.71920292261987
0.584,0.1763063622720228,0.175895646089167,0.1735347813204824,0.0196567579531658,0.0,0.0,0.2727272727272727,0.0,152.46405821437577
0.588,0.167420900575582,0.166267793387403,0.167942827318213,0.0189182048073688,0.0,0.0,0.2727272727272727,0.0,147.14681566001286
0.592,0.1644525784430937,0.1751858130552108,0.1661797219335792,0.0349758353623237,0.0,0.0,0.2727272727272727,0.0,152.63369976675074
0.596,0.1712530787805643,0.1703848052913804,0.1704559220529616,0.0166630177139544,0.0,0.0,0.2727272727272727,0.0,149.4798730729265
0.6,0.1792292130791559,0.1911892444755283,0.1822319152894372,0.0626016374043684,0.0,0.0,0.2727272727272727,0.0,165.42322809140825
0.604,0.1896605412628655,0.1950481209540905,0.1920211273904055,0.0308862580185016,0.0,0.0,0.2727272727272727,0.0,169.14725022404934
0.608,0.1975457527325976,0.1977842028583424,0.1985143695901626,0.0282473072743743,0.0,0.0,0.2727272727272727,0.0,171.31550891475624
0.612,0.1950450875221246,0.1984295020359447,0.1952183996889514,0.0189063081341967,0.0,0.0,0.2727272727272727,0.0,170.80510906858962
0.616,0.1952204514346864,0.1939769416490825,0.1901593244031064,0.030402523936778,0.0,0.0,0.2727272727272727,0.0,165.11674961832608
0.62,0.1848930492138525,0.1892339887551122,0.1877712278933769,0.013683284847994,0.0,0.0,0.2727272727272727,0.0,165.183027923905
0.624,0.1923560552650738,0.1939962998366919,0.1930079428025707,0.0171922277882875,0.0,0.0,0.2727272727272727,0.0,167.9905292888821
0.628,0.2038590914470287,0.2084961731451339,0.2049944614787428,0.0561776257732597,0.0,0.0,0.2727272727272727,0.0,178.85425131496973
0.632,0.2025665482108665,0.2014107810855924,0.2012708755809556,0.0197833999579011,0.0,0.0,0.2727272727272727,0.0,173.0106096247753
0.636,0.1952334347468519,0.1980294196967062,0.1969815050735852,0.014222664659071,0.0,0.0,0.2727272727272727,0.0,171.52623570418012
0.64,0.2007673782943418,0.2025077975647035,0.2016405900547312,0.0118533078795695,0.0,0.0,0.2727272727272727,0.0,174.62749094775168
0.644,0.2036252728969464,0.2043275262788862,0.2047220994612983,0.0119880089209698,0.0,0.0,0.2727272727272727,0.0,176.33194474158756
0.648,0.2063402717783282,0.2080444558436252,0.2008235240792087,0.0178615115951308,0.0,0.0,0.2727272727272727,0.0,175.126650693055
0.652,0.1990136598813216,0.1993329169459943,0.19802096188408,0.0155274610714949,0.0,0.0,0.2727272727272727,0.0,171.3444804484772
0.656,0.1928821668246097,0.1936026570980111,0.1952183996889514,0.0072874798452127,0.0,0.0,0.2727272727272727,0.0,168.8401683725889
0.66,0.1875560950247218,0.188169249050662,0.1863633816786297,0.0140317422428414,0.0,0.0,0.2727272727272727,0.0,162.62346065558702
0.664,0.1855425716154377,0.1849427531626506,0.1813240418979555,0.0174564490618034,0.0,0.0,0.2727272727272727,0.0,158.58450337044277
0.668,0.1839967051281689,0.1831617211307185,0.1812319495660951,0.0157013060052679,0.0,0.0,0.2727272727272727,0.0,158.11375865975805
0.672,0.1831133641765014,0.1849556520567341,0.1849028940655528,0.0157692321714441,0.0,0.0,0.2727272727272727,0.0,161.6983081691939
0.676,0.1849709887305467,0.1877562481243719,0.1867317911596931,0.0086473463415139,0.0,0.0,0.2727272727272727,0.0,163.6676642901261
0.68,0.187374229545152,0.1919184356970938,0.1885870089529983,0.0158035790181829,0.0,0.0,0.2727272727272727,0.0,166.23004927651127
0.684,0.1878288833331512,0.1879756474816005,0.1873765177899596,0.0115186659761479,0.0,0.0,0.2727272727272727,0.0,162.99162225693922
0.6880000000000001,0.186568808288328,0.1856138501284199,0.1815608880368169,0.0167012021972004,0.0,0.0,0.2727272727272727,0.0,158.69825326704122
0.6920000000000001,0.1732341141766587,0.1788253098695124,0.1761597038922622,0.0255043565809038,0.0,0.0,0.2727272727272727,0.0,157.01887667232756
0.6960000000000001,0.1778067574339364,0.1788511273506475,0.1769557494467127,0.0077706382814603,0.0,0.0,0.2727272727272727,0.0,155.61355858214225
0.7000000000000001,0.1784627814025296,0.1780380440851189,0.1797319909426765,0.0033631127530225,0.0,0.0,0.2727272727272727,0.0,156.48887383754098
0.704,0.1763128638390308,0.1754568473747097,0.1765478488784966,0.0073463875655971,0.0,0.0,0.2727272727272727,0.0,153.97755092080013
0.708,0.1706295428251607,0.1754439484806262,0.1729689967108993,0.0115221198490043,0.0,0.0,0.2727272727272727,0.0,154.22375344885035
0.712,0.1766700932311624,0.1765280463726857,0.1757847292940158,0.0076697084413228,0.0,0.0,0.2727272727272727,0.0,154.01850634521097
0.716,0.1722533488291236,0.1731724827719666,0.173587402642001,0.0074858856526313,0.0,0.0,0.2727272727272727,0.0,152.56645991113615
0.72,0.1731626762269727,0.1729401845206545,0.1736676697322076,0.0058706244467807,0.0,0.0,0.2727272727272727,0.0,152.0996529910566
0.724,0.1673884125623923,0.1671453908163174,0.1666139231241492,0.0143959339473679,0.0,0.0,0.2727272727272727,0.0,146.90972999080464
0.728,0.1636276921289468,0.1637123944651609,0.1636271561884889,0.0134823845768458,0.0,0.0,0.2727272727272727,0.0,144.67721710628683
0.732,0.1554826756629507,0.1593243679346526,0.1580022962930608,0.0128069605515911,0.0,0.0,0.2727272727272727,0.0,142.14621798951498
0.736,0.1518323629375382,0.1516840280349977,0.1505617096914802,0.0301693875189699,0.0,0.0,0.2727272727272727,0.0,134.75026207089175
0.74,0.1500201898869975,0.1491505867721498,0.1496670066879864,0.0221431626461348,0.0,0.0,0.2727272727272727,0.0,133.47445754659282
0.744,0.1431547333449982,0.1446567105382842,0.1442461071150719,0.03043053868328,0.0,0.0,0.2727272727272727,0.0,130.4669611314178
0.748,0.1426351233524704,0.1456827338675156,0.1445092538762871,0.0157402580158152,0.0,0.0,0.2727272727272727,0.0,131.45141236790903
0.752,0.1438562286389465,0.1463022352569508,0.1441803154055654,0.014042871388712,0.0,0.0,0.2727272727272727,0.0,131.12143466926466
0.756,0.1509620052980362,0.1544459077274168,0.1520879890140637,0.0240051838793938,0.0,0.0,0.2727272727272727,0.0,137.64948270481835
0.76,0.1507801398184664,0.1512452293205405,0.1524300978727733,0.0075432583184129,0.0,0.0,0.2727272727272727,0.0,136.03046879224098
0.764,0.1505333181343679,0.1502901794482206,0.1506275014009868,0.0092830508289198,0.0,0.0,0.2727272727272727,0.0,134.50778715113913
0.768,0.1514296622200515,0.1518388935358725,0.1522721937545954,0.0070698858552585,0.0,0.0,0.2727272727272727,0.0,136.0219504997845
0.772,0.1549760489825883,0.153903858781387,0.154640554759154,0.0138507976815302,0.0,0.0,0.2727272727272727,0.0,137.16623218814772
0.776,0.1537744285752856,0.1531553093722122,0.1539432068073688,0.0139148862111993,0.0,0.0,0.2727272727272727,0.0,136.8105213822402
0.78,0.154514893627581,0.1543684749769794,0.1518379925640254,0.0276400012971211,0.0,0.0,0.2727272727272727,0.0,135.98493243768297
0.784,0.1344771136633835,0.138571544019807,0.1344568950141036,0.0588820082198336,0.0,0.0,0.2727272727272727,0.0,124.6972798682457
0.788,0.1379780390114905,0.1380036874391261,0.1356805364883191,0.0244177298039102,0.0,0.0,0.2727272727272727,0.0,123.64007111477434
0.792,0.134762905105829,0.1390232514748317,0.1370094507207885,0.024618438193233,0.0,0.0,0.2727272727272727,0.0,126.35692809263196
0.796,0.1362178388533129,0.1370615463073738,0.1380883685032195,0.0110568064225149,0.0,0.0,0.2727272727272727,0.0,125.22691086028473
0.8,0.1428689419025527,0.1433854703706889,0.1439039982563623,0.019359149242038,0.0,0.0,0.2727272727272727,0.0,129.63606426436456
0.804,0.1392835853816689,0.1387393281077333,0.1389699211955364,0.0124456470744449,0.0,0.0,0.2727272727272727,0.0,125.47042980174811
0.808,0.1357112121729505,0.1353708656129306,0.1358647512672564,0.0102677883566492,0.0,0.0,0.2727272727272727,0.0,123.12924351195845
0.812,0.1348148680872669,0.1345190659721833,0.134970038225357,0.0085824902845434,0.0,0.0,0.2727272727272727,0.0,122.47063119806252
0.8160000000000001,0.1331390991018661,0.1371002626825924,0.1347463524360781,0.0129178682466472,0.0,0.0,0.2727272727272727,0.0,124.56533499267012
0.8200000000000001,0.1376727726007968,0.137887528466986,0.1370357714199533,0.0144746054957641,0.0,0.0,0.2727272727272727,0.0,124.49733536968941
0.8240000000000001,0.1309047404546651,0.133316229329167,0.1331148204320519,0.0116593153541342,0.0,0.0,0.2727272727272727,0.0,122.28719744013567
0.8280000000000001,0.1332170485294856,0.134351291730741,0.1351673932770657,0.0023672460794225,0.0,0.0,0.2727272727272727,0.0,123.15151376290207
0.8320000000000001,0.1320479062244473,0.1321959948407055,0.1302070055554805,0.0155909739556879,0.0,0.0,0.2727272727272727,0.0,119.44182791061574
0.836,0.1410892568652016,0.1416947896762458,0.1393251803654229,0.0285600746497053,0.0,0.0,0.2727272727272727,0.0,126.68187940617472
0.84,0.136425680868139,0.1396814593930016,0.1381409998631436,0.013931963693656,0.0,0.0,0.2727272727272727,0.0,126.72871407934494
0.844,0.1424207698597109,0.1422368386222756,0.142206684581235,0.0126688056373345,0.0,0.0,0.2727272727272727,0.0,128.14833863145662
0.848,0.1383352783145474,0.1400815417322401,0.1402330537569046,0.0053655914824425,0.0,0.0,0.2727272727272727,0.0,127.40575473006997
0.852,0.1415569137872169,0.1462635188817321,0.1440750526857171,0.0172014381159046,0.0,0.0,0.2727272727272727,0.0,131.9923685127946
0.856,0.1470518677545091,0.1471927512729169,0.1478907309153647,0.0115044667210715,0.0,0.0,0.2727272727272727,0.0,132.5082552650374
0.86,0.153677004179418,0.1566141035115358,0.153634003841818,0.0275701563126913,0.0,0.0,0.2727272727272727,0.0,138.722697056676
0.864,0.1580287923769281,0.1603310330762747,0.1590878093078913,0.019442617836068,0.0,0.0,0.2727272727272727,0.0,142.32951972136783
0.868,0.1571389498582526,0.1566528198867545,0.157762840168775,0.00972725725462,0.0,0.0,0.2727272727272727,0.0,139.73997408454406
0.872,0.1555606151796448,0.1544846241026355,0.1519564256718616,0.0165676524467523,0.0,0.0,0.2727272727272727,0.0,135.6982352221105
0.876,0.1525208550974705,0.1520066776237989,0.1531669168349002,0.0124807614484852,0.0,0.0,0.2727272727272727,0.0,136.19713984010076
0.88,0.1484548385205552,0.1475799150251038,0.1455815965031296,0.015342870755502,0.0,0.0,0.2727272727272727,0.0,130.8024644283483
0.884,0.1483249261114979,0.1505482951806679,0.1500354161690499,0.0120749313878563,0.0,0.0,0.2727272727272727,0.0,135.2328583793029
0.888,0.1474415851598304,0.1469410751410273,0.1488380753171881,0.007115361847868,0.0,0.0,0.2727272727272727,0.0,132.75592766618925
0.892,0.1428949283487343,0.1437339374406252,0.1447066089279957,0.0063977238210348,0.0,0.0,0.2727272727272727,0.0,130.31169388019634
0.896,0.1460775841521314,0.145166502402621,0.1460355331988705,0.0069693397787717,0.0,0.0,0.2727272727272727,0.0,130.62363394031587
0.9,0.1437392995420547,0.1459537681870145,0.1452329225272371,0.0089468738708953,0.0,0.0,0.2727272727272727,0.0,131.58854914360654
0.904,0.1458242807228755,0.1466119662587004,0.1478775806041878,0.0066110964108312,0.0,0.0,0.2727272727272727,0.0,132.6679321107727
0.908,0.1487146435168191,0.1504386053485376,0.1503775049509485,0.0106749615900556,0.0,0.0,0.2727272727272727,0.0,135.20846355651574
0.912,0.1495525329649821,0.1486382151289962,0.1489433380370364,0.0079926455533977,0.0,0.0,0.2727272727272727,0.0,132.95204132413588
0.916,0.1530339635229902,0.1582918853118953,0.1549563429186988,0.0272568132918843,0.0,0.0,0.2727272727272727,0.0,140.76370349006478
0.92,0.1614258016730848,0.1605504324335033,0.1598246282700182,0.0152448191427449,0.0,0.0,0.2727272727272727,0.0,141.48882281007653
0.924,0.1591979445928918,0.1603568505574099,0.1584167619784599,0.014022915678875,0.0,0.0,0.2727272727272727,0.0,141.47158352320776
0.928,0.1534951386998482,0.1539683926377409,0.1542721452780906,0.0136337793370521,0.0,0.0,0.2727272727272727,0.0,137.60882733610686
0.932,0.151975258658761,0.1515420614282065,0.1511143439898864,0.025664386023251,0.0,0.0,0.2727272727272727,0.0,134.9410661132963
0.936,0.1462204798733542,0.1643189772675445,0.1465223557109591,0.0718802749513051,0.0,0.0,0.2727272727272727,0.0,142.20424203830052
0.94,0.1578079571390113,0.160589148808722,0.1574167962551178,0.0319830545322391,0.0,0.0,0.2727272727272727,0.0,141.59308844063634
0.944,0.1511828405359531,0.1501353139473459,0.1486538705766564,0.0292259045836922,0.0,0.0,0.2727272727272727,0.0,132.9899461998674
0.948,0.1486691920133146,0.1488447155921413,0.1494696516362778,0.0146319485925564,0.0,0.0,0.2727272727272727,0.0,133.7484568730237
0.952,0.1504878468090128,0.1512968445898427,0.1523906067856206,0.0159843316976686,0.0,0.0,0.2727272727272727,0.0,136.164407295794
0.956,0.1511568540897715,0.1501482128414294,0.1496801569991633,0.0082154203526365,0.0,0.0,0.2727272727272727,0.0,133.618366446834
0.96,0.1429598845532629,0.144811595732127,0.1435750597856405,0.0189341309988734,0.0,0.0,0.2727272727272727,0.0,130.25970220150674
0.964,0.1395498919449408,0.1435145380833966,0.1420422153458741,0.017489068972114,0.0,0.0,0.2727272727272727,0.0,130.0034841277852
0.968,0.1436743631593767,0.1428563400117108,0.1448710781633566,0.0054592298132164,0.0,0.0,0.2727272727272727,0.0,129.56769864287023
0.972,0.1387639654782157,0.1412559909617886,0.1411540774595633,0.0105897660595973,0.0,0.0,0.2727272727272727,0.0,128.4694842674176
0.976,0.1366854957753282,0.1381198365647822,0.1375883856415484,0.016861423521373,0.0,0.0,0.2727272727272727,0.0,125.37434224202268
0.98,0.13625680861166,0.1361452226567566,0.1374436519113584,0.0187092454995556,0.0,0.0,0.2727272727272727,0.0,124.29368719479903
0.984,0.1360099869275615,0.1378359033511997,0.1381804708734853,0.0125565547695009,0.0,0.0,0.2727272727272727,0.0,125.83465712936982
0.988,0.1464673015574526,0.1478251318634675,0.1467723521609974,0.0241794125768174,0.0,0.0,0.2727272727272727,0.0,132.4713065944003
0.992,0.141933628058522,0.1411140243549974,0.141917217120855,0.0113062527954783,0.0,0.0,0.2727272727272727,0.0,127.52041183717047
0.996,0.1391536828835369,0.1401847919638127,0.1407461969681581,0.0080095311540291,0.0,0.0,0.2727272727272727,0.0,127.43456287428977
1.0,0.1370622199575587,0.1363517132734177,0.1335358612730394,0.0186532754899174,0.0,0.0,0.2727272727272727,0.0,121.79173683781106
