Date,Open,High,Low,Close,Volume,Dividends,Stock Splits,Ticker,Currency
2025-06-06 00:00:00-04:00,202.19783403313102,204.8871617909174,201.2515910514923,203.11419677734375,46607700,0.0,0.0,AAPL,USD
2025-06-09 00:00:00-04:00,203.58234611432158,205.18598475848052,199.22961916524454,200.65396118164062,72862600,0.0,0.0,AAPL,USD
2025-06-10 00:00:00-04:00,199.80734330812555,203.54252533508333,199.77746306778945,201.86915588378906,54672600,0.0,0.0,AAPL,USD
2025-06-11 00:00:00-04:00,202.6958722895077,203.69192080198684,197.62598900862739,197.99452209472656,60989900,0.0,0.0,AAPL,USD
2025-06-12 00:00:00-04:00,198.29333609984755,198.890956077424,196.58013147350607,198.41285705566406,43904600,0.0,0.0,AAPL,USD
2025-06-13 00:00:00-04:00,198.94074360607502,199.57821397711425,194.92666975119658,195.6737060546875,51447300,0.0,0.0,AAPL,USD
2025-06-16 00:00:00-04:00,196.52035592822918,197.90486262143017,195.78327462738756,197.63592529296875,43020700,0.0,0.0,AAPL,USD
2025-06-17 00:00:00-04:00,196.42074594971083,197.60604600468164,194.43861931524052,194.86691284179688,38856200,0.0,0.0,AAPL,USD
2025-06-18 00:00:00-04:00,195.16573699325735,196.7893008408277,194.2991796996429,195.80320739746094,45394700,0.0,0.0,AAPL,USD
2025-06-20 00:00:00-04:00,197.45666110928434,200.90298042554332,196.08210930882012,200.20574951171875,96813500,0.0,0.0,AAPL,USD
2025-06-23 00:00:00-04:00,200.83325703321927,201.50060768152076,198.17380945321412,200.70376586914062,55814300,0.0,0.0,AAPL,USD
2025-06-24 00:00:00-04:00,201.78945874554142,202.63610603642124,199.4089034764897,199.50851440429688,54064000,0.0,0.0,AAPL,USD
2025-06-25 00:00:00-04:00,200.65396860223956,202.8651975026319,199.82724651799433,200.76353454589844,39525700,0.0,0.0,AAPL,USD
2025-06-26 00:00:00-04:00,200.63404307360597,201.8392684520338,198.67184150130464,200.20574951171875,50799100,0.0,0.0,AAPL,USD
2025-06-27 00:00:00-04:00,201.09221242791352,202.41695863400855,199.20968154525062,200.28541564941406,73188600,0.0,0.0,AAPL,USD
2025-06-30 00:00:00-04:00,201.211736268348,206.57048164253425,198.4726031076903,204.3592529296875,91912800,0.0,0.0,AAPL,USD
2025-07-01 00:00:00-04:00,205.85332972802502,209.35942450018746,205.3254252695324,206.99879455566406,78788900,0.0,0.0,AAPL,USD
2025-07-02 00:00:00-04:00,208.08449026524102,212.49697770796604,207.31752868499885,211.6005401611328,67941800,0.0,0.0,AAPL,USD
2025-07-03 00:00:00-04:00,211.31166931275297,213.8017903991559,210.97301649264048,212.70614624023438,34955800,0.0,0.0,AAPL,USD
2025-07-07 00:00:00-04:00,211.83958469799765,215.37555986284275,207.97492690746134,209.12037658691406,50229000,0.0,0.0,AAPL,USD
2025-07-08 00:00:00-04:00,209.26978591644843,210.59451698338924,207.6262968509882,209.1801300048828,42848900,0.0,0.0,AAPL,USD
2025-07-09 00:00:00-04:00,208.7020406311003,210.49493096772343,206.40117103180637,210.30567932128906,48749400,0.0,0.0,AAPL,USD
2025-07-10 00:00:00-04:00,209.67816220166208,212.63642743345136,209.2000631819418,211.57066345214844,44443600,0.0,0.0,AAPL,USD
2025-07-11 00:00:00-04:00,209.73794232575938,211.29177557167307,209.03074119537857,210.3256072998047,39765800,0.0,0.0,AAPL,USD
2025-07-14 00:00:00-04:00,209.10044482334126,210.07658325197187,206.71988962428105,207.79562377929688,38840100,0.0,0.0,AAPL,USD
2025-07-15 00:00:00-04:00,208.39325734338402,211.05270487364396,208.09443976951917,208.28369140625,42296300,0.0,0.0,AAPL,USD
2025-07-16 00:00:00-04:00,209.46900551017632,211.5606982702429,207.81556132948495,209.32955932617188,47490500,0.0,0.0,AAPL,USD
2025-07-17 00:00:00-04:00,209.7379389650813,210.9630743588066,208.7618004967043,209.1901092529297,48068100,0.0,0.0,AAPL,USD
2025-07-18 00:00:00-04:00,210.0367321724359,210.95309492429405,208.87135730762196,210.3455047607422,48974600,0.0,0.0,AAPL,USD
2025-07-21 00:00:00-04:00,211.26189276464606,214.92734394651046,210.79374875413163,211.640380859375,51377400,0.0,0.0,AAPL,USD
2025-07-22 00:00:00-04:00,212.29776458434165,214.1006098348481,211.39135685335447,213.5527801513672,46404100,0.0,0.0,AAPL,USD
2025-07-23 00:00:00-04:00,214.15043456376964,214.29983576430007,211.5706725113145,213.3037872314453,46989300,0.0,0.0,AAPL,USD
2025-07-24 00:00:00-04:00,213.05475989741393,214.83769515517375,212.68622683006964,212.91531372070312,46022600,0.0,0.0,AAPL,USD
2025-07-25 00:00:00-04:00,213.85160291428238,214.38947759784276,212.5567368669443,213.03485107421875,40268800,0.0,0.0,AAPL,USD
2025-07-28 00:00:00-04:00,213.18425263148458,214.00101967144602,212.2180844005514,213.2041778564453,37858000,0.0,0.0,AAPL,USD
2025-07-29 00:00:00-04:00,213.33363944545516,213.96115480223384,209.9869314052821,210.43515014648438,51411700,0.0,0.0,AAPL,USD
2025-07-30 00:00:00-04:00,211.06266703997414,211.5507362671114,206.89919168476044,208.22393798828125,45512500,0.0,0.0,AAPL,USD
2025-07-31 00:00:00-04:00,207.66616446381488,209.01082086651627,206.34141808889078,206.7498016357422,80698400,0.0,0.0,AAPL,USD
2025-08-01 00:00:00-04:00,210.03673342752194,212.73603143542957,200.7037642416869,201.58029174804688,104434500,0.0,0.0,AAPL,USD
2025-08-04 00:00:00-04:00,203.70186769022786,207.0585613783641,200.88304868853191,202.5464630126953,75109300,0.0,0.0,AAPL,USD
2025-08-05 00:00:00-04:00,202.59624780213056,204.52858421879685,201.36115745633876,202.11814880371094,44155100,0.0,0.0,AAPL,USD
2025-08-06 00:00:00-04:00,204.81746371165528,214.5289368613384,204.77761325937152,212.4073486328125,108483100,0.0,0.0,AAPL,USD
2025-08-07 00:00:00-04:00,218.01508808955717,219.97730473834642,215.7241736307253,219.16053771972656,90224800,0.0,0.0,AAPL,USD
2025-08-08 00:00:00-04:00,219.95738825778145,230.08719950298993,218.38362983130105,228.4437255859375,113854000,0.0,0.0,AAPL,USD
2025-08-11 00:00:00-04:00,227.27701087414155,228.91238364576833,224.12592192869855,226.53909301757812,61806100,0.26,0.0,AAPL,USD
2025-08-12 00:00:00-04:00,227.36676338645532,230.14890113463383,226.42942796921326,229.00213623046875,55626200,0.0,0.0,AAPL,USD
2025-08-13 00:00:00-04:00,230.4181341091737,234.33703985510917,229.77992501054072,232.6717529296875,69878500,0.0,0.0,AAPL,USD
2025-08-14 00:00:00-04:00,233.39969406647393,234.4567012802976,230.19875827485632,232.12330627441406,51916300,0.0,0.0,AAPL,USD
2025-08-15 00:00:00-04:00,233.3398655982593,233.61907447658757,228.69300821277216,230.93666076660156,56038700,0.0,0.0,AAPL,USD
2025-08-18 00:00:00-04:00,231.04634466466607,232.46233685580373,229.46083388892833,230.23863220214844,37476200,0.0,0.0,AAPL,USD
2025-08-19 00:00:00-04:00,230.62753117126795,232.2130419457167,228.70298322789472,229.90956115722656,39402600,0.0,0.0,AAPL,USD
2025-08-20 00:00:00-04:00,229.33119207499826,229.81981519856654,225.13307755654054,225.3723907470703,42263900,0.0,0.0,AAPL,USD
2025-08-21 00:00:00-04:00,225.63166356522294,225.88095827873425,223.14868274098328,224.26551818847656,30621200,0.0,0.0,AAPL,USD
2025-08-22 00:00:00-04:00,225.53195134940427,228.44371192910324,224.77410085849388,227.11746215820312,42477800,0.0,0.0,AAPL,USD
2025-08-25 00:00:00-04:00,225.84107546750252,228.65312729963858,225.59178073979155,226.5191650390625,30983100,0.0,0.0,AAPL,USD
2025-08-26 00:00:00-04:00,226.22996704217394,228.84258604761433,224.05612439304167,228.6630859375,54575100,0.0,0.0,AAPL,USD
2025-08-27 00:00:00-04:00,227.96508141122786,230.24861452224957,227.61606269083353,229.83978271484375,31259500,0.0,0.0,AAPL,USD
2025-08-28 00:00:00-04:00,230.16883391080088,232.7515235304584,228.692998228932,231.90391540527344,38074700,0.0,0.0,AAPL,USD
2025-08-29 00:00:00-04:00,231.85405874294378,232.7216147258446,230.71727541448905,231.485107421875,39418400,0.0,0.0,AAPL,USD
2025-09-02 00:00:00-04:00,228.60325464814514,230.19874691737337,226.3296880547272,229.07192993164062,44075600,0.0,0.0,AAPL,USD
2025-09-03 00:00:00-04:00,236.5408165177042,238.17618932549604,233.69885053091846,237.79725646972656,66427800,0.0,0.0,AAPL,USD
2025-09-04 00:00:00-04:00,237.7772812570227,239.22318747047024,236.07211403385233,239.10353088378906,47549400,0.0,0.0,AAPL,USD
2025-09-05 00:00:00-04:00,239.3229322237051,240.63921565449175,237.8171975861315,239.01380920410156,54870400,0.0,0.0,AAPL,USD
2025-09-08 00:00:00-04:00,238.62491556233425,239.47250850410185,235.6732593017711,237.20892333984375,48999500,0.0,0.0,AAPL,USD
2025-09-09 00:00:00-04:00,236.33140663047269,238.10638391026913,232.70167593051625,233.6888885498047,66313900,0.0,0.0,AAPL,USD
2025-09-10 00:00:00-04:00,231.53496736029473,231.76431424305812,225.31256565050364,226.1501922607422,83440800,0.0,0.0,AAPL,USD
2025-09-11 00:00:00-04:00,226.23996538709508,229.7998863317909,226.01060327291316,229.38107299804688,50208600,0.0,0.0,AAPL,USD
2025-09-12 00:00:00-04:00,228.57335925244223,233.84842918261825,228.373926506362,233.40968322753906,55824200,0.0,0.0,AAPL,USD
2025-09-15 00:00:00-04:00,236.33139853346725,237.5180438551372,234.36695488957946,236.03224182128906,42699500,0.0,0.0,AAPL,USD
2025-09-16 00:00:00-04:00,236.51088466190768,240.53949594661788,235.65332541334,237.4781494140625,63421100,0.0,0.0,AAPL,USD
2025-09-17 00:00:00-04:00,238.2958480596019,239.42266510979977,237.05934071942244,238.3157958984375,46508000,0.0,0.0,AAPL,USD
2025-09-18 00:00:00-04:00,239.29302360434258,240.51954939992544,235.98238232851827,237.20892333984375,44249600,0.0,0.0,AAPL,USD
2025-09-19 00:00:00-04:00,240.5494606794321,245.60516498271895,239.53234916144805,244.8074188232422,163741300,0.0,0.0,AAPL,USD
2025-09-22 00:00:00-04:00,247.5995237986898,255.9160073848096,247.42002368458668,255.35755920410156,105517400,0.0,0.0,AAPL,USD
2025-09-23 00:00:00-04:00,255.15815615601056,256.6140289111009,252.86464151383097,253.7122344970703,60275200,0.0,0.0,AAPL,USD
2025-09-24 00:00:00-04:00,254.49999981420794,255.01853710208397,250.33178410429736,251.59820556640625,42303700,0.0,0.0,AAPL,USD
2025-09-25 00:00:00-04:00,252.49566170312627,256.4444966190252,250.99989343760635,256.14532470703125,55202100,0.0,0.0,AAPL,USD
2025-09-26 00:00:00-04:00,253.38317016390945,256.8732963908738,253.06406560531616,254.7393341064453,46076300,0.0,0.0,AAPL,USD
2025-09-29 00:00:00-04:00,253.8418726304012,254.28063380560434,252.29624220529692,253.7122344970703,40127700,0.0,0.0,AAPL,USD
2025-09-30 00:00:00-04:00,254.1410137555297,255.1980209495745,252.39595068950493,253.9116668701172,37704300,0.0,0.0,AAPL,USD
2025-10-01 00:00:00-04:00,254.32049261064776,258.0599285933123,254.21080232618834,254.72933959960938,48713900,0.0,0.0,AAPL,USD
2025-10-02 00:00:00-04:00,255.85613542550084,257.45162766856953,253.43299812845933,256.40460205078125,42630200,0.0,0.0,AAPL,USD
2025-10-03 00:00:00-04:00,253.9515436206674,258.5086431914624,253.23357360959045,257.2920837402344,49155600,0.0,0.0,AAPL,USD
2025-10-06 00:00:00-04:00,257.262186546101,258.339156849437,254.33049322602108,255.9658660888672,44664100,0.0,0.0,AAPL,USD
2025-10-07 00:00:00-04:00,256.0855101139428,256.6738420114173,254.70939836699205,255.75645446777344,31955800,0.0,0.0,AAPL,USD
2025-10-08 00:00:00-04:00,255.7963062732735,257.7906639625656,255.3874592951906,257.33197021484375,36496900,0.0,0.0,AAPL,USD
2025-10-09 00:00:00-04:00,257.08267167133846,257.27213808351553,252.42584836214985,253.32330322265625,38322000,0.0,0.0,AAPL,USD
2025-10-10 00:00:00-04:00,254.2207817432353,255.6567217403356,243.3116425485481,244.57806396484375,61999100,0.0,0.0,AAPL,USD
2025-10-13 00:00:00-04:00,248.67648318296307,248.98560621270488,244.86725241658198,246.96133422851562,38142900,0.0,0.0,AAPL,USD
2025-10-14 00:00:00-04:00,245.90431694508948,248.14796941642882,244.00966795095763,247.07101440429688,35478000,0.0,0.0,AAPL,USD
2025-10-15 00:00:00-04:00,248.78616738422895,251.10959602979932,246.77186176083558,248.63658142089844,33893600,0.0,0.0,AAPL,USD
2025-10-16 00:00:00-04:00,247.54965348458146,248.33741809379524,244.43846029169785,246.7519073486328,39777000,0.0,0.0,AAPL,USD
2025-10-17 00:00:00-04:00,247.3203043073955,252.66518358811555,246.57242016484557,251.5782470703125,49147000,0.0,0.0,AAPL,USD
2025-10-20 00:00:00-04:00,255.168106265739,263.63416054313814,254.90884523128253,261.50018310546875,90483000,0.0,0.0,AAPL,USD
2025-10-21 00:00:00-04:00,261.141213133835,264.5415968076956,261.0913359303388,262.0286865234375,46695900,0.0,0.0,AAPL,USD
2025-10-22 00:00:00-04:00,261.9090501595624,262.1084981259862,254.70941678507808,257.7209167480469,45015300,0.0,0.0,AAPL,USD
2025-10-23 00:00:00-04:00,259.206686997747,259.8847613495841,257.28213901467177,258.8476867675781,32754900,0.0,0.0,AAPL,USD
2025-10-24 00:00:00-04:00,260.4531458541269,263.3848541030092,258.44880663072195,262.07855224609375,38253700,0.0,0.0,AAPL,USD
2025-10-27 00:00:00-04:00,264.13273028939324,268.3607587413759,263.9033682058253,268.0516357421875,44888200,0.0,0.0,AAPL,USD
2025-10-28 00:00:00-04:00,268.23110734142335,269.12859257872884,267.39348082722177,268.2410888671875,41534800,0.0,0.0,AAPL,USD
2025-10-29 00:00:00-04:00,268.5203194424725,270.6443152614699,266.35642794866993,268.93914794921875,51086700,0.0,0.0,AAPL,USD
2025-10-30 00:00:00-04:00,271.2226702585742,273.36662916750566,267.72259312931254,270.63433837890625,69886500,0.0,0.0,AAPL,USD
2025-10-31 00:00:00-04:00,276.2085578376442,276.53764389728985,268.4006608909581,269.60723876953125,86167100,0.0,0.0,AAPL,USD
2025-11-03 00:00:00-05:00,269.6571458353552,270.08592548154905,265.4988962118729,268.2909851074219,50194600,0.0,0.0,AAPL,USD
2025-11-04 00:00:00-05:00,267.5730004152706,270.72408938596277,266.86501191822913,269.2781982421875,49274800,0.0,0.0,AAPL,USD
2025-11-05 00:00:00-05:00,267.8521863717013,270.93349568379296,266.17693326929896,269.3778991699219,43683100,0.0,0.0,AAPL,USD
2025-11-06 00:00:00-05:00,267.1342708755924,272.6287059365568,267.1342708755924,269.0089416503906,51204000,0.0,0.0,AAPL,USD
2025-11-07 00:00:00-05:00,269.03885049148494,271.5218466038475,266.0173996929098,267.7126159667969,48227400,0.0,0.0,AAPL,USD
2025-11-10 00:00:00-05:00,268.46119877683986,273.2223721938244,266.9639805623884,268.9303283691406,41312400,0.26,0.0,AAPL,USD
2025-11-11 00:00:00-05:00,269.3096487524697,275.3983427074405,269.2996575494418,274.73956298828125,46208300,0.0,0.0,AAPL,USD
2025-11-12 00:00:00-05:00,274.49005224267427,275.2187095291286,271.19618380015726,272.962890625,48398000,0.0,0.0,AAPL,USD
2025-11-13 00:00:00-05:00,273.6016390736082,276.1868626363035,271.58539619817094,272.4438171386719,49602800,0.0,0.0,AAPL,USD
2025-11-14 00:00:00-05:00,270.5473523374902,275.4482508823214,269.10005949599775,271.90484619140625,47431300,0.0,0.0,AAPL,USD
2025-11-17 00:00:00-05:00,268.3214829895084,269.98836893107386,265.237217022597,266.9639892578125,45018300,0.0,0.0,AAPL,USD
2025-11-18 00:00:00-05:00,269.48928956232544,270.20795552947055,264.8279672087311,266.94403076171875,45677300,0.0,0.0,AAPL,USD
2025-11-19 00:00:00-05:00,265.0376012369211,271.70520656667077,265.0076580872151,268.0619812011719,40424500,0.0,0.0,AAPL,USD
2025-11-20 00:00:00-05:00,270.327749378444,274.91922505965954,265.42688147061517,265.7562561035156,45823600,0.0,0.0,AAPL,USD
2025-11-21 00:00:00-05:00,265.4568071090486,272.8230952896135,265.17732758833057,270.98651123046875,59030800,0.0,0.0,AAPL,USD
2025-11-24 00:00:00-05:00,270.397645153795,276.48633959077114,270.397645153795,275.4083557128906,65585800,0.0,0.0,AAPL,USD
2025-11-25 00:00:00-05:00,274.75950033189645,279.8600396675645,274.7395483878858,276.45635986328125,46914200,0.0,0.0,AAPL,USD
2025-11-26 00:00:00-05:00,276.4464065684995,279.0116481613461,276.11703191175064,277.0353088378906,33431400,0.0,0.0,AAPL,USD
2025-11-28 00:00:00-05:00,276.7458380127342,278.4826014787427,275.4781737009374,278.3328857421875,20135600,0.0,0.0,AAPL,USD
2025-12-01 00:00:00-05:00,277.4944549964911,282.89442609469603,275.62792768573877,282.57501220703125,46587700,0.0,0.0,AAPL,USD
2025-12-02 00:00:00-05:00,282.47518456741903,286.86701880065203,282.10587559562896,285.6592712402344,53669500,0.0,0.0,AAPL,USD
2025-12-03 00:00:00-05:00,285.6692634925469,288.0847586222564,282.77461708045536,283.623046875,43538700,0.0,0.0,AAPL,USD
2025-12-04 00:00:00-05:00,283.5731318378766,284.20196835267484,278.07334059490756,280.179443359375,43989100,0.0,0.0,AAPL,USD
2025-12-05 00:00:00-05:00,280.01974631085085,280.6186397013617,277.53434330937836,278.26300048828125,47265800,0.0,0.0,AAPL,USD
2025-12-08 00:00:00-05:00,277.6142094762677,279.15136205700173,275.6378704438954,277.3746643066406,38211800,0.0,0.0,AAPL,USD
2025-12-09 00:00:00-05:00,277.6441787437343,279.5107061083118,276.4064879695729,276.6659851074219,32193300,0.0,0.0,AAPL,USD
2025-12-10 00:00:00-05:00,277.23491184461454,279.2312028389952,275.92734368017386,278.26300048828125,33038300,0.0,0.0,AAPL,USD
2025-12-11 00:00:00-05:00,278.5824273392719,279.07150890817053,273.3022288840155,277.514404296875,33248000,0.0,0.0,AAPL,USD
2025-12-12 00:00:00-05:00,277.38461586894516,278.70217518025987,276.30663218031253,277.763916015625,39532900,0.0,0.0,AAPL,USD
2025-12-15 00:00:00-05:00,279.63046152672615,279.63046152672615,272.33402020742307,273.6016540527344,50409100,0.0,0.0,AAPL,USD
2025-12-16 00:00:00-05:00,272.3140798989353,274.9891026980292,271.2859911871425,274.1007385253906,37648600,0.0,0.0,AAPL,USD
2025-12-17 00:00:00-05:00,274.50001118897205,275.6478724530811,271.13626563598973,271.33587646484375,50138700,0.0,0.0,AAPL,USD
2025-12-18 00:00:00-05:00,273.1025913325419,273.12257373871984,266.4549687260805,271.68524169921875,51630700,0.0,0.0,AAPL,USD
2025-12-19 00:00:00-05:00,271.6453053723066,274.09077415448866,269.399477884542,273.1625061035156,144632000,0.0,0.0,AAPL,USD
2025-12-22 00:00:00-05:00,272.3539780142796,273.37210596231955,270.00836035897595,270.4674987792969,36571800,0.0,0.0,AAPL,USD
2025-12-23 00:00:00-05:00,270.3377490962612,271.99467443806464,269.06012395403746,271.85491943359375,29642000,0.0,0.0,AAPL,USD
2025-12-24 00:00:00-05:00,271.8349404799371,274.9192064044749,271.69521595033444,273.3022155761719,17910600,0.0,0.0,AAPL,USD
2025-12-26 00:00:00-05:00,273.65160578690546,274.8593534534055,272.35399820928086,272.89300537109375,21521800,0.0,0.0,AAPL,USD
2025-12-29 00:00:00-05:00,272.1843267483383,273.8512128461511,271.8449608988494,273.2523498535156,23715200,0.0,0.0,AAPL,USD
2025-12-30 00:00:00-05:00,272.30405905646904,273.57169281796894,271.77504318392386,272.57354736328125,22139600,0.0,0.0,AAPL,USD
2025-12-31 00:00:00-05:00,272.553621806917,273.17246717497864,271.24605357156486,271.3558349609375,27293600,0.0,0.0,AAPL,USD
2026-01-02 00:00:00-05:00,271.7551282774649,277.32476727085935,268.5011639041959,270.5074462890625,37838100,0.0,0.0,AAPL,USD
2026-01-05 00:00:00-05:00,270.1381413175191,271.00652312062255,265.64648609237463,266.764404296875,45647200,0.0,0.0,AAPL,USD
2026-01-06 00:00:00-05:00,266.5048844877732,267.05385240251036,261.63392891626114,261.87347412109375,52352100,0.0,0.0,AAPL,USD
2026-01-07 00:00:00-05:00,262.7119324450406,263.1910228349833,259.3282042611396,259.84722900390625,48309800,0.0,0.0,AAPL,USD
2026-01-08 00:00:00-05:00,256.5433578451618,258.80916773471864,255.22581364132833,258.55963134765625,50419300,0.0,0.0,AAPL,USD
2026-01-09 00:00:00-05:00,258.5995368285105,259.7274461787287,255.74485516422806,258.8890075683594,39997000,0.0,0.0,AAPL,USD
2026-01-12 00:00:00-05:00,258.679389570116,260.81540508500296,256.32375036738995,259.7673645019531,45263800,0.0,0.0,AAPL,USD
2026-01-13 00:00:00-05:00,258.24022168851656,261.3244878277737,257.9108470550362,260.5658874511719,45730800,0.0,0.0,AAPL,USD
2026-01-14 00:00:00-05:00,259.0087756526009,261.33447181199796,256.23393227813756,259.4779052734375,40019400,0.0,0.0,AAPL,USD
2026-01-15 00:00:00-05:00,260.16664839115424,260.55593980217856,256.57331808587395,257.7311706542969,39388600,0.0,0.0,AAPL,USD
2026-01-16 00:00:00-05:00,257.4217218192236,258.41986733264514,254.4572284259222,255.05612182617188,72142800,0.0,0.0,AAPL,USD
2026-01-20 00:00:00-05:00,252.26132447540706,254.31750190322293,242.9685916985444,246.2425079345703,80267500,0.0,0.0,AAPL,USD
2026-01-21 00:00:00-05:00,248.23880604127606,251.09350304772093,244.72532928784554,247.1907501220703,54641700,0.0,0.0,AAPL,USD
2026-01-22 00:00:00-05:00,248.737864640942,250.53452965267718,247.68980878155546,247.8894500732422,39708300,0.0,0.0,AAPL,USD
2026-01-23 00:00:00-05:00,246.86136630134166,248.94748685874615,244.22624741136653,247.58001708984375,41689000,0.0,0.0,AAPL,USD
2026-01-26 00:00:00-05:00,251.01365072947274,256.08423219515316,249.33677343540953,254.93637084960938,55969200,0.0,0.0,AAPL,USD
2026-01-27 00:00:00-05:00,258.6894015269614,261.4642450011371,257.73115984508394,257.7910461425781,49648300,0.0,0.0,AAPL,USD
2026-01-28 00:00:00-05:00,257.1721946066941,258.3799421919039,254.03801819206552,255.96444702148438,41288000,0.0,0.0,AAPL,USD
2026-01-29 00:00:00-05:00,257.52154586161765,259.16847988830324,253.93820707645818,257.801025390625,67253000,0.0,0.0,AAPL,USD
2026-01-30 00:00:00-05:00,254.6968198516284,261.4143357105436,251.71235892004358,258.99884033203125,92443400,0.0,0.0,AAPL,USD
2026-02-02 00:00:00-05:00,259.5477742456141,269.98836769074944,258.72928762151224,269.50927734375,73913400,0.0,0.0,AAPL,USD
2026-02-03 00:00:00-05:00,268.70080609664296,271.3758289780004,267.11372779647115,268.98028564453125,64394700,0.0,0.0,AAPL,USD
2026-02-04 00:00:00-05:00,271.7850411492978,278.432693698261,271.7850411492978,275.97723388671875,90545700,0.0,0.0,AAPL,USD
2026-02-05 00:00:00-05:00,277.6142303156022,278.98168486317746,272.72332314901723,275.3983459472656,52977400,0.0,0.0,AAPL,USD
2026-02-06 00:00:00-05:00,276.6060720438839,280.3890519626743,276.4164219647768,277.6042175292969,50453400,0.0,0.0,AAPL,USD
2026-02-09 00:00:00-05:00,277.6541982366954,277.9439398399519,271.4499228389202,274.3672180175781,44623400,0.26,0.0,AAPL,USD
2026-02-10 00:00:00-05:00,274.6369782150198,275.11651686144285,272.68876099546605,273.4280700683594,34376900,0.0,0.0,AAPL,USD
2026-02-11 00:00:00-05:00,274.44714753122867,279.92208361183503,274.1973776592452,275.24639892578125,51931300,0.0,0.0,AAPL,USD
2026-02-12 00:00:00-05:00,275.3363333447182,275.46621856633783,259.94051360693726,261.4891052246094,81077200,0.0,0.0,AAPL,USD
2026-02-13 00:00:00-05:00,261.7688319830923,261.9886306947134,255.21485759663088,255.5445556640625,56290700,0.0,0.0,AAPL,USD
2026-02-17 00:00:00-05:00,257.8124646511843,266.0449008431299,255.30478047881587,263.6371154785156,58469100,0.0,0.0,AAPL,USD
2026-02-18 00:00:00-05:00,263.35737977838915,266.57441720150126,262.20844437502524,264.106689453125,34203300,0.0,0.0,AAPL,USD
2026-02-19 00:00:00-05:00,262.35827847824623,264.2365527856389,259.81060750150084,260.3401184082031,30845300,0.0,0.0,AAPL,USD
2026-02-20 00:00:00-05:00,258.73163460792017,264.5063132392292,257.9223826043077,264.3364562988281,42070500,0.0,0.0,AAPL,USD
2026-02-23 00:00:00-05:00,263.24744081710827,269.1819753311392,263.13755670993424,265.9349670410156,37308200,0.0,0.0,AAPL,USD
2026-02-24 00:00:00-05:00,267.61343657617186,274.6369951599546,267.46358073991865,271.8895263671875,47014600,0.0,0.0,AAPL,USD
2026-02-25 00:00:00-05:00,271.5298429675081,274.6869380517792,270.8005039088116,273.97760009765625,33714300,0.0,0.0,AAPL,USD
2026-02-26 00:00:00-05:00,274.6969199809464,275.8558253670768,270.55071567552415,272.6987609863281,32345100,0.0,0.0,AAPL,USD
2026-02-27 00:00:00-05:00,272.5588900215503,272.5588900215503,262.6480379442022,263.93682861328125,72366500,0.0,0.0,AAPL,USD
2026-03-02 00:00:00-05:00,262.16844722421786,266.2846497598317,259.960490133898,264.476318359375,41827900,0.0,0.0,AAPL,USD
2026-03-03 00:00:00-05:00,263.23749216234586,265.31556422164516,259.8905695547566,263.5072326660156,38568900,0.0,0.0,AAPL,USD
2026-03-04 00:00:00-05:00,264.4063951364299,265.9050144519466,261.179387723623,262.2783508300781,39803100,0.0,0.0,AAPL,USD
2026-03-05 00:00:00-05:00,260.54995479568396,261.3192350446657,257.01320478174756,260.0504150390625,49658600,0.0,0.0,AAPL,USD
2026-03-06 00:00:00-05:00,258.39192833924307,258.53178361058343,254.13584003818684,257.2229919433594,41120000,0.0,0.0,AAPL,USD
2026-03-09 00:00:00-04:00,255.45463216869055,260.9095975388004,253.44647267699952,259.6407775878906,38218500,0.0,0.0,AAPL,USD
2026-03-10 00:00:00-04:00,257.4128391437035,262.2384104290217,256.71350175461305,260.58990478515625,30590800,0.0,0.0,AAPL,USD
2026-03-11 00:00:00-04:00,260.8496568052655,261.888707997661,259.3110658747261,260.5699157714844,26218900,0.0,0.0,AAPL,USD
2026-03-12 00:00:00-04:00,258.4219063383753,258.71164792954545,253.94601921584928,255.52456665039062,40794000,0.0,0.0,AAPL,USD
2026-03-13 00:00:00-04:00,255.24483747003174,256.0940459350445,249.29033192864068,249.8897705078125,36930000,0.0,0.0,AAPL,USD
2026-03-16 00:00:00-04:00,251.87794235419486,253.6563027081548,249.6499992581203,252.58729553222656,32074200,0.0,0.0,AAPL,USD
2026-03-17 00:00:00-04:00,252.72716690012706,254.89516767044782,251.94787083452104,253.99598693847656,32361600,0.0,0.0,AAPL,USD
2026-03-18 00:00:00-04:00,252.3974721128864,254.70534343896443,248.7708084606242,249.70994567871094,35757900,0.0,0.0,AAPL,USD
2026-03-19 00:00:00-04:00,249.17043241392184,251.5982036354298,247.0723745163624,248.73085021972656,34864100,0.0,0.0,AAPL,USD
2026-03-20 00:00:00-04:00,247.7517334570195,248.97061168291066,245.77356028907465,247.76173400878906,88331100,0.0,0.0,AAPL,USD
2026-03-23 00:00:00-04:00,253.73622734962268,254.3656523266213,250.0496214753341,251.25851440429688,40546100,0.0,0.0,AAPL,USD
2026-03-24 00:00:00-04:00,250.1195650925759,254.5954370944537,249.32029842391177,251.4083709716797,45152300,0.0,0.0,AAPL,USD
2026-03-25 00:00:00-04:00,253.86611511385965,254.76528059453105,251.3684162845015,252.38746643066406,28476700,0.0,0.0,AAPL,USD
2026-03-26 00:00:00-04:00,251.88793104116345,256.76344411909713,250.53918279672283,252.6572265625,41796700,0.0,0.0,AAPL,USD
2026-03-27 00:00:00-04:00,253.666280215245,255.2548282141602,247.8416601166152,248.57098388671875,47900000,0.0,0.0,AAPL,USD
2026-03-30 00:00:00-04:00,249.83982057534305,250.63907198816298,245.28400520065438,246.40298461914062,39446200,0.0,0.0,AAPL,USD
2026-03-31 00:00:00-04:00,247.6818040942864,255.24482803058763,246.87255213324852,253.55638122558594,49598100,0.0,0.0,AAPL,USD
2026-04-01 00:00:00-04:00,253.8461228128272,255.94418062939917,253.096813183035,255.3946990966797,40059400,0.0,0.0,AAPL,USD
2026-04-02 00:00:00-04:00,253.96601496217014,255.89424639361263,250.4192795609811,255.68443298339844,31289400,0.0,0.0,AAPL,USD
2026-04-06 00:00:00-04:00,256.27389167390277,261.9186847371787,256.2239194053331,258.6217041015625,29329900,0.0,0.0,AAPL,USD
2026-04-07 00:00:00-04:00,255.92421782448065,255.96418954301222,245.47383916108728,253.26666259765625,62148000,0.0,0.0,AAPL,USD
2026-04-08 00:00:00-04:00,258.2121146377317,259.51090582044134,256.29386854025813,258.66168212890625,41032800,0.0,0.0,AAPL,USD
2026-04-09 00:00:00-04:00,258.7615948993736,260.879638597066,255.8342992320816,260.2502136230469,28121600,0.0,0.0,AAPL,USD
2026-04-10 00:00:00-04:00,259.7406946341393,261.94865175168746,258.78155637925676,260.240234375,31291500,0.0,0.0,AAPL,USD
2026-04-13 00:00:00-04:00,259.49093671136296,259.9405042051452,256.4237552437805,258.96142578125,36234700,0.0,0.0,AAPL,USD
2026-04-14 00:00:00-04:00,259.01136264890187,261.68888841493145,256.9532612999924,258.59173583984375,48370700,0.0,0.0,AAPL,USD
2026-04-15 00:00:00-04:00,257.92237663273806,266.3146386359468,257.57269269729437,266.18475341796875,49913500,0.0,0.0,AAPL,USD
2026-04-16 00:00:00-04:00,266.55439590858066,266.91408037974617,261.0294875448873,263.15753173828125,43323100,0.0,0.0,AAPL,USD
2026-04-17 00:00:00-04:00,266.7142527536172,272.0493335842862,266.47448343207725,269.98126220703125,61436200,0.0,0.0,AAPL,USD
2026-04-20 00:00:00-04:00,270.08114756253855,274.0275237795767,270.04120633500696,272.79864501953125,36590200,0.0,0.0,AAPL,USD
2026-04-21 00:00:00-04:00,271.250098918132,272.5488901425708,265.1557075406741,265.9250183105469,50209800,0.0,0.0,AAPL,USD
2026-04-22 00:00:00-04:00,267.5734973129919,273.48803128351057,266.62435952726383,272.9185791015625,43249200,0.0,0.0,AAPL,USD
2026-04-23 00:00:00-04:00,274.79681820267325,275.5161566987003,271.39995382845746,273.1783142089844,33399600,0.0,0.0,AAPL,USD
2026-04-24 00:00:00-04:00,272.50893317942314,272.80864483253174,269.4017800912603,270.81048583984375,38157100,0.0,0.0,AAPL,USD
2026-04-27 00:00:00-04:00,265.84505761361925,268.1129570778125,264.8260075108844,267.3636474609375,41466800,0.0,0.0,AAPL,USD
2026-04-28 00:00:00-04:00,272.0893199684016,272.97851539952296,268.4127145556596,270.4608154296875,40018900,0.0,0.0,AAPL,USD
2026-04-29 00:00:00-04:00,267.3037117460274,270.7905199823619,266.7942019267937,269.92132568359375,30047900,0.0,0.0,AAPL,USD
2026-04-30 00:00:00-04:00,270.25102650288807,275.7459641951834,267.893213328058,271.1002502441406,91848200,0.0,0.0,AAPL,USD
2026-05-01 00:00:00-04:00,278.6032901046287,286.95561044034525,278.1137509144006,279.88214111328125,79915400,0.0,0.0,AAPL,USD
2026-05-04 00:00:00-04:00,279.4025768563376,280.3716851917065,274.60697695873915,276.5751647949219,46668400,0.0,0.0,AAPL,USD
2026-05-05 00:00:00-04:00,276.6750995896243,284.30808218316156,276.2455026895375,283.9184265136719,49311700,0.0,0.0,AAPL,USD
2026-05-06 00:00:00-04:00,281.66051049385584,287.76487170009636,280.8112868075762,287.245361328125,58336100,0.0,0.0,AAPL,USD
2026-05-07 00:00:00-04:00,289.00371711581823,291.8611003514943,285.5169394038565,287.1754150390625,45224300,0.0,0.0,AAPL,USD
2026-05-08 00:00:00-04:00,289.7430674686918,294.4886952888782,289.7330669166447,293.0500183105469,52692800,0.0,0.0,AAPL,USD
2026-05-11 00:00:00-04:00,291.9800109863281,293.8800048828125,290.2300109863281,292.67999267578125,42247300,0.27,0.0,AAPL,USD
2026-05-12 00:00:00-04:00,292.55999755859375,295.2699890136719,292.55999755859375,294.79998779296875,45748100,0.0,0.0,AAPL,USD
2026-05-13 00:00:00-04:00,293.5,300.9200134277344,293.5,298.8699951171875,52684300,0.0,0.0,AAPL,USD
2026-05-14 00:00:00-04:00,299.82000732421875,300.45001220703125,295.3800048828125,298.2099914550781,35324900,0.0,0.0,AAPL,USD
2026-05-15 00:00:00-04:00,297.8999938964844,303.20001220703125,296.5199890136719,300.2300109863281,54862800,0.0,0.0,AAPL,USD
2026-05-18 00:00:00-04:00,300.239990234375,300.6600036621094,294.9100036621094,297.8399963378906,34483000,0.0,0.0,AAPL,USD
2026-05-19 00:00:00-04:00,296.9700012207031,300.510009765625,296.3500061035156,298.9700012207031,42243600,0.0,0.0,AAPL,USD
2026-05-20 00:00:00-04:00,298.17999267578125,302.79998779296875,298.0799865722656,302.25,38229800,0.0,0.0,AAPL,USD
2026-05-21 00:00:00-04:00,301.05999755859375,305.5400085449219,300.3999938964844,304.989990234375,42965100,0.0,0.0,AAPL,USD
2026-05-22 00:00:00-04:00,306.1199951171875,311.3999938964844,305.8399963378906,308.82000732421875,43670200,0.0,0.0,AAPL,USD
2026-05-26 00:00:00-04:00,309.55999755859375,311.82000732421875,307.6700134277344,308.3299865722656,48000500,0.0,0.0,AAPL,USD
2026-05-27 00:00:00-04:00,308.3299865722656,313.260009765625,308.29998779296875,310.8500061035156,50430900,0.0,0.0,AAPL,USD
2026-05-28 00:00:00-04:00,310.67999267578125,312.79998779296875,309.57000732421875,312.510009765625,48220400,0.0,0.0,AAPL,USD
2026-05-29 00:00:00-04:00,311.7799987792969,315.0,309.5299987792969,312.05999755859375,70026800,0.0,0.0,AAPL,USD
2026-06-01 00:00:00-04:00,309.6300048828125,310.94000244140625,305.0199890136719,306.30999755859375,48849900,0.0,0.0,AAPL,USD
2026-06-02 00:00:00-04:00,307.4599914550781,315.45001220703125,306.69000244140625,315.20001220703125,44534700,0.0,0.0,AAPL,USD
2026-06-03 00:00:00-04:00,314.17999267578125,316.94000244140625,308.8500061035156,310.260009765625,50836700,0.0,0.0,AAPL,USD
2026-06-04 00:00:00-04:00,313.2300109863281,313.5400085449219,309.6499938964844,311.2300109863281,44869100,0.0,0.0,AAPL,USD
2026-06-05 00:00:00-04:00,312.989990234375,315.1700134277344,307.1499938964844,307.3399963378906,64824174,0.0,0.0,AAPL,USD
2025-06-06 00:00:00-04:00,298.8299865722656,305.5,291.1400146484375,295.1400146484375,164747700,0.0,0.0,TSLA,USD
2025-06-09 00:00:00-04:00,285.9599914550781,309.8299865722656,281.8500061035156,308.5799865722656,140908900,0.0,0.0,TSLA,USD
2025-06-10 00:00:00-04:00,314.94000244140625,327.8299865722656,310.6700134277344,326.0899963378906,151256500,0.0,0.0,TSLA,USD
2025-06-11 00:00:00-04:00,334.3999938964844,335.5,322.5,326.42999267578125,122611400,0.0,0.0,TSLA,USD
2025-06-12 00:00:00-04:00,323.0799865722656,332.55999755859375,316.8599853515625,319.1099853515625,105127500,0.0,0.0,TSLA,USD
2025-06-13 00:00:00-04:00,313.9700012207031,332.989990234375,313.29998779296875,325.30999755859375,128964300,0.0,0.0,TSLA,USD
2025-06-16 00:00:00-04:00,331.2900085449219,332.04998779296875,326.4100036621094,329.1300048828125,83925900,0.0,0.0,TSLA,USD
2025-06-17 00:00:00-04:00,326.0899963378906,327.260009765625,314.739990234375,316.3500061035156,88282700,0.0,0.0,TSLA,USD
2025-06-18 00:00:00-04:00,317.30999755859375,329.32000732421875,315.45001220703125,322.04998779296875,95137700,0.0,0.0,TSLA,USD
2025-06-20 00:00:00-04:00,327.95001220703125,332.3599853515625,317.7799987792969,322.1600036621094,108688000,0.0,0.0,TSLA,USD
2025-06-23 00:00:00-04:00,327.5400085449219,357.5400085449219,327.4800109863281,348.67999267578125,190716800,0.0,0.0,TSLA,USD
2025-06-24 00:00:00-04:00,356.1700134277344,356.260009765625,340.44000244140625,340.4700012207031,114736200,0.0,0.0,TSLA,USD
2025-06-25 00:00:00-04:00,342.70001220703125,343.0,320.3999938964844,327.54998779296875,119845100,0.0,0.0,TSLA,USD
2025-06-26 00:00:00-04:00,324.6099853515625,331.04998779296875,323.6099853515625,325.7799987792969,80440900,0.0,0.0,TSLA,USD
2025-06-27 00:00:00-04:00,324.510009765625,329.3399963378906,317.5,323.6300048828125,89067000,0.0,0.0,TSLA,USD
2025-06-30 00:00:00-04:00,319.8999938964844,325.5799865722656,316.6000061035156,317.6600036621094,76695100,0.0,0.0,TSLA,USD
2025-07-01 00:00:00-04:00,298.4599914550781,305.8900146484375,293.2099914550781,300.7099914550781,145085700,0.0,0.0,TSLA,USD
2025-07-02 00:00:00-04:00,312.6300048828125,316.8299865722656,303.82000732421875,315.6499938964844,119483700,0.0,0.0,TSLA,USD
2025-07-03 00:00:00-04:00,317.989990234375,318.45001220703125,312.760009765625,315.3500061035156,58042300,0.0,0.0,TSLA,USD
2025-07-07 00:00:00-04:00,291.3699951171875,296.1499938964844,288.7699890136719,293.94000244140625,131177900,0.0,0.0,TSLA,USD
2025-07-08 00:00:00-04:00,297.0,304.04998779296875,294.3500061035156,297.80999755859375,103246700,0.0,0.0,TSLA,USD
2025-07-09 00:00:00-04:00,297.54998779296875,300.1499938964844,293.54998779296875,295.8800048828125,75586800,0.0,0.0,TSLA,USD
2025-07-10 00:00:00-04:00,300.04998779296875,310.4800109863281,300.0,309.8699951171875,104365300,0.0,0.0,TSLA,USD
2025-07-11 00:00:00-04:00,307.8900146484375,314.0899963378906,305.6499938964844,313.510009765625,79236400,0.0,0.0,TSLA,USD
2025-07-14 00:00:00-04:00,317.7300109863281,322.6000061035156,312.6700134277344,316.8999938964844,78043400,0.0,0.0,TSLA,USD
2025-07-15 00:00:00-04:00,319.67999267578125,321.20001220703125,310.5,310.7799987792969,77556300,0.0,0.0,TSLA,USD
2025-07-16 00:00:00-04:00,312.79998779296875,323.5,312.6199951171875,321.6700134277344,97284800,0.0,0.0,TSLA,USD
2025-07-17 00:00:00-04:00,323.1499938964844,324.3399963378906,317.05999755859375,319.4100036621094,73922900,0.0,0.0,TSLA,USD
2025-07-18 00:00:00-04:00,321.6600036621094,330.8999938964844,321.4200134277344,329.6499938964844,94255000,0.0,0.0,TSLA,USD
2025-07-21 00:00:00-04:00,334.3999938964844,338.0,326.8800048828125,328.489990234375,75768800,0.0,0.0,TSLA,USD
2025-07-22 00:00:00-04:00,329.739990234375,335.4100036621094,321.54998779296875,332.1099853515625,77370400,0.0,0.0,TSLA,USD
2025-07-23 00:00:00-04:00,330.8999938964844,336.20001220703125,328.6700134277344,332.55999755859375,92553800,0.0,0.0,TSLA,USD
2025-07-24 00:00:00-04:00,310.0,310.1499938964844,300.4100036621094,305.29998779296875,156966000,0.0,0.0,TSLA,USD
2025-07-25 00:00:00-04:00,308.739990234375,323.6300048828125,308.010009765625,316.05999755859375,148227000,0.0,0.0,TSLA,USD
2025-07-28 00:00:00-04:00,318.45001220703125,330.489990234375,315.69000244140625,325.5899963378906,112673800,0.0,0.0,TSLA,USD
2025-07-29 00:00:00-04:00,325.54998779296875,326.25,318.25,321.20001220703125,87358900,0.0,0.0,TSLA,USD
2025-07-30 00:00:00-04:00,322.17999267578125,324.45001220703125,311.6199951171875,319.0400085449219,83931900,0.0,0.0,TSLA,USD
2025-07-31 00:00:00-04:00,319.6099853515625,321.3699951171875,306.1000061035156,308.2699890136719,85270900,0.0,0.0,TSLA,USD
2025-08-01 00:00:00-04:00,306.2099914550781,309.30999755859375,297.82000732421875,302.6300048828125,89121400,0.0,0.0,TSLA,USD
2025-08-04 00:00:00-04:00,309.0799865722656,312.1199951171875,303.0,309.260009765625,78683900,0.0,0.0,TSLA,USD
2025-08-05 00:00:00-04:00,308.95001220703125,312.45001220703125,305.5,308.7200012207031,57961300,0.0,0.0,TSLA,USD
2025-08-06 00:00:00-04:00,307.8900146484375,320.4700012207031,306.92999267578125,319.9100036621094,78523600,0.0,0.0,TSLA,USD
2025-08-07 00:00:00-04:00,319.7900085449219,322.3999938964844,316.1600036621094,322.2699890136719,66658700,0.0,0.0,TSLA,USD
2025-08-08 00:00:00-04:00,321.42999267578125,335.1499938964844,320.9800109863281,329.6499938964844,91200300,0.0,0.0,TSLA,USD
2025-08-11 00:00:00-04:00,335.0,346.6400146484375,334.1499938964844,339.0299987792969,105320200,0.0,0.0,TSLA,USD
2025-08-12 00:00:00-04:00,345.0,345.260009765625,332.94000244140625,340.8399963378906,80522100,0.0,0.0,TSLA,USD
2025-08-13 00:00:00-04:00,341.5,348.9800109863281,338.20001220703125,339.3800048828125,67838900,0.0,0.0,TSLA,USD
2025-08-14 00:00:00-04:00,335.760009765625,340.4700012207031,330.3999938964844,335.5799865722656,75000700,0.0,0.0,TSLA,USD
2025-08-15 00:00:00-04:00,337.6600036621094,339.29998779296875,327.0199890136719,330.55999755859375,74319800,0.0,0.0,TSLA,USD
2025-08-18 00:00:00-04:00,329.6199951171875,336.2699890136719,329.5899963378906,335.1600036621094,56956600,0.0,0.0,TSLA,USD
2025-08-19 00:00:00-04:00,335.7900085449219,340.54998779296875,327.8500061035156,329.30999755859375,75956000,0.0,0.0,TSLA,USD
2025-08-20 00:00:00-04:00,329.2200012207031,331.3699951171875,314.6000061035156,323.8999938964844,77481800,0.0,0.0,TSLA,USD
2025-08-21 00:00:00-04:00,322.0799865722656,324.8999938964844,318.67999267578125,320.1099853515625,55744400,0.0,0.0,TSLA,USD
2025-08-22 00:00:00-04:00,321.6600036621094,340.25,319.69000244140625,340.010009765625,94016300,0.0,0.0,TSLA,USD
2025-08-25 00:00:00-04:00,338.8999938964844,349.5299987792969,335.0299987792969,346.6000061035156,86670000,0.0,0.0,TSLA,USD
2025-08-26 00:00:00-04:00,344.92999267578125,351.8999938964844,343.7200012207031,351.6700134277344,76651600,0.0,0.0,TSLA,USD
2025-08-27 00:00:00-04:00,351.94000244140625,355.3900146484375,349.1600036621094,349.6000061035156,65519000,0.0,0.0,TSLA,USD
2025-08-28 00:00:00-04:00,350.9100036621094,353.54998779296875,340.260009765625,345.9800109863281,67903200,0.0,0.0,TSLA,USD
2025-08-29 00:00:00-04:00,347.2300109863281,348.75,331.70001220703125,333.8699951171875,81145700,0.0,0.0,TSLA,USD
2025-09-02 00:00:00-04:00,328.2300109863281,333.3299865722656,325.6000061035156,329.3599853515625,58392000,0.0,0.0,TSLA,USD
2025-09-03 00:00:00-04:00,335.20001220703125,343.3299865722656,328.510009765625,334.0899963378906,88733300,0.0,0.0,TSLA,USD
2025-09-04 00:00:00-04:00,336.1499938964844,338.8900146484375,331.4800109863281,338.5299987792969,60711000,0.0,0.0,TSLA,USD
2025-09-05 00:00:00-04:00,348.0,355.8699951171875,344.67999267578125,350.8399963378906,108989800,0.0,0.0,TSLA,USD
2025-09-08 00:00:00-04:00,354.6400146484375,358.44000244140625,344.8399963378906,346.3999938964844,75208300,0.0,0.0,TSLA,USD
2025-09-09 00:00:00-04:00,348.44000244140625,350.7699890136719,343.82000732421875,346.9700012207031,53816000,0.0,0.0,TSLA,USD
2025-09-10 00:00:00-04:00,350.54998779296875,356.3299865722656,346.07000732421875,347.7900085449219,72121700,0.0,0.0,TSLA,USD
2025-09-11 00:00:00-04:00,350.1700134277344,368.989990234375,347.6000061035156,368.80999755859375,103756000,0.0,0.0,TSLA,USD
2025-09-12 00:00:00-04:00,370.94000244140625,396.69000244140625,370.239990234375,395.94000244140625,168156400,0.0,0.0,TSLA,USD
2025-09-15 00:00:00-04:00,423.1300048828125,425.70001220703125,402.42999267578125,410.0400085449219,163823700,0.0,0.0,TSLA,USD
2025-09-16 00:00:00-04:00,414.5,423.25,411.42999267578125,421.6199951171875,104285700,0.0,0.0,TSLA,USD
2025-09-17 00:00:00-04:00,415.75,428.30999755859375,409.6700134277344,425.8599853515625,106133500,0.0,0.0,TSLA,USD
2025-09-18 00:00:00-04:00,428.8699951171875,432.2200012207031,416.55999755859375,416.8500061035156,90454500,0.0,0.0,TSLA,USD
2025-09-19 00:00:00-04:00,421.82000732421875,429.4700012207031,421.7200012207031,426.07000732421875,93131000,0.0,0.0,TSLA,USD
2025-09-22 00:00:00-04:00,431.1099853515625,444.9800109863281,429.1300048828125,434.2099914550781,97108800,0.0,0.0,TSLA,USD
2025-09-23 00:00:00-04:00,439.8800048828125,440.9700012207031,423.7200012207031,425.8500061035156,83422700,0.0,0.0,TSLA,USD
2025-09-24 00:00:00-04:00,429.8299865722656,444.2099914550781,429.0299987792969,442.7900085449219,93133600,0.0,0.0,TSLA,USD
2025-09-25 00:00:00-04:00,435.239990234375,435.3500061035156,419.0799865722656,423.3900146484375,96746400,0.0,0.0,TSLA,USD
2025-09-26 00:00:00-04:00,428.29998779296875,440.4700012207031,421.0199890136719,440.3999938964844,101628200,0.0,0.0,TSLA,USD
2025-09-29 00:00:00-04:00,444.3500061035156,450.9800109863281,439.5,443.2099914550781,79491500,0.0,0.0,TSLA,USD
2025-09-30 00:00:00-04:00,441.5199890136719,445.0,433.1199951171875,444.7200012207031,74358000,0.0,0.0,TSLA,USD
2025-10-01 00:00:00-04:00,443.79998779296875,462.2900085449219,440.75,459.4599914550781,98122300,0.0,0.0,TSLA,USD
2025-10-02 00:00:00-04:00,470.5400085449219,470.75,435.57000732421875,436.0,137009000,0.0,0.0,TSLA,USD
2025-10-03 00:00:00-04:00,443.2900085449219,446.7699890136719,416.5799865722656,429.8299865722656,133188200,0.0,0.0,TSLA,USD
2025-10-06 00:00:00-04:00,440.75,453.54998779296875,436.69000244140625,453.25,85324900,0.0,0.0,TSLA,USD
2025-10-07 00:00:00-04:00,447.82000732421875,452.67999267578125,432.45001220703125,433.0899963378906,102296100,0.0,0.0,TSLA,USD
2025-10-08 00:00:00-04:00,437.57000732421875,441.3299865722656,425.2300109863281,438.69000244140625,71192100,0.0,0.0,TSLA,USD
2025-10-09 00:00:00-04:00,431.80999755859375,436.3500061035156,426.17999267578125,435.5400085449219,69339900,0.0,0.0,TSLA,USD
2025-10-10 00:00:00-04:00,436.5400085449219,443.1300048828125,411.45001220703125,413.489990234375,112107900,0.0,0.0,TSLA,USD
2025-10-13 00:00:00-04:00,423.5299987792969,436.8900146484375,419.70001220703125,435.8999938964844,79552800,0.0,0.0,TSLA,USD
2025-10-14 00:00:00-04:00,426.7900085449219,434.20001220703125,417.8599853515625,429.239990234375,72669400,0.0,0.0,TSLA,USD
2025-10-15 00:00:00-04:00,434.8999938964844,440.510009765625,426.3299865722656,435.1499938964844,71558200,0.0,0.0,TSLA,USD
2025-10-16 00:00:00-04:00,434.7300109863281,439.3500061035156,421.30999755859375,428.75,77189900,0.0,0.0,TSLA,USD
2025-10-17 00:00:00-04:00,425.5,441.4599914550781,423.6000061035156,439.30999755859375,89331600,0.0,0.0,TSLA,USD
2025-10-20 00:00:00-04:00,443.8699951171875,449.79998779296875,440.6099853515625,447.42999267578125,63719000,0.0,0.0,TSLA,USD
2025-10-21 00:00:00-04:00,445.760009765625,449.29998779296875,442.04998779296875,442.6000061035156,54412200,0.0,0.0,TSLA,USD
2025-10-22 00:00:00-04:00,443.45001220703125,445.5400085449219,429.0,438.9700012207031,84023500,0.0,0.0,TSLA,USD
2025-10-23 00:00:00-04:00,420.0,449.3999938964844,413.8999938964844,448.9800109863281,126709800,0.0,0.0,TSLA,USD
2025-10-24 00:00:00-04:00,446.8299865722656,451.67999267578125,430.1700134277344,433.7200012207031,94727800,0.0,0.0,TSLA,USD
2025-10-27 00:00:00-04:00,439.9800109863281,460.1600036621094,438.69000244140625,452.4200134277344,105867500,0.0,0.0,TSLA,USD
2025-10-28 00:00:00-04:00,454.7799987792969,467.0,451.6000061035156,460.54998779296875,80185700,0.0,0.0,TSLA,USD
2025-10-29 00:00:00-04:00,462.5,465.70001220703125,452.6499938964844,461.510009765625,67983500,0.0,0.0,TSLA,USD
2025-10-30 00:00:00-04:00,451.04998779296875,455.05999755859375,439.6099853515625,440.1000061035156,72447900,0.0,0.0,TSLA,USD
2025-10-31 00:00:00-04:00,446.75,458.0,443.69000244140625,456.55999755859375,83135800,0.0,0.0,TSLA,USD
2025-11-03 00:00:00-05:00,455.989990234375,474.07000732421875,453.79998779296875,468.3699951171875,84595200,0.0,0.0,TSLA,USD
2025-11-04 00:00:00-05:00,454.4599914550781,460.2200012207031,443.6000061035156,444.260009765625,87756600,0.0,0.0,TSLA,USD
2025-11-05 00:00:00-05:00,452.04998779296875,466.3299865722656,440.7099914550781,462.07000732421875,85573000,0.0,0.0,TSLA,USD
2025-11-06 00:00:00-05:00,461.9599914550781,467.45001220703125,435.0899963378906,445.9100036621094,109622900,0.0,0.0,TSLA,USD
2025-11-07 00:00:00-05:00,437.9200134277344,439.3599853515625,421.8800048828125,429.5199890136719,103471500,0.0,0.0,TSLA,USD
2025-11-10 00:00:00-05:00,439.6000061035156,449.6700134277344,433.3599853515625,445.2300109863281,76515900,0.0,0.0,TSLA,USD
2025-11-11 00:00:00-05:00,439.3999938964844,442.489990234375,432.3599853515625,439.6199951171875,60533200,0.0,0.0,TSLA,USD
2025-11-12 00:00:00-05:00,442.1499938964844,442.3299865722656,426.55999755859375,430.6000061035156,58513500,0.0,0.0,TSLA,USD
2025-11-13 00:00:00-05:00,423.1300048828125,424.5,396.3399963378906,401.989990234375,118948000,0.0,0.0,TSLA,USD
2025-11-14 00:00:00-05:00,386.29998779296875,412.19000244140625,382.7799987792969,404.3500061035156,105506700,0.0,0.0,TSLA,USD
2025-11-17 00:00:00-05:00,398.739990234375,423.9599914550781,398.739990234375,408.9200134277344,102214300,0.0,0.0,TSLA,USD
2025-11-18 00:00:00-05:00,405.3800048828125,408.8999938964844,393.7099914550781,401.25,80688600,0.0,0.0,TSLA,USD
2025-11-19 00:00:00-05:00,406.17999267578125,411.7799987792969,398.5,403.989990234375,72047700,0.0,0.0,TSLA,USD
2025-11-20 00:00:00-05:00,414.6300048828125,428.94000244140625,394.739990234375,395.2300109863281,113548800,0.0,0.0,TSLA,USD
2025-11-21 00:00:00-05:00,402.32000732421875,402.79998779296875,383.760009765625,391.0899963378906,100460600,0.0,0.0,TSLA,USD
2025-11-24 00:00:00-05:00,402.1700134277344,421.7200012207031,401.0899963378906,417.7799987792969,96806400,0.0,0.0,TSLA,USD
2025-11-25 00:00:00-05:00,414.4200134277344,420.4800109863281,405.95001220703125,419.3999938964844,71915600,0.0,0.0,TSLA,USD
2025-11-26 00:00:00-05:00,423.95001220703125,426.94000244140625,416.8900146484375,426.5799865722656,63463000,0.0,0.0,TSLA,USD
2025-11-28 00:00:00-05:00,426.5899963378906,432.92999267578125,426.20001220703125,430.1700134277344,36252900,0.0,0.0,TSLA,USD
2025-12-01 00:00:00-05:00,425.32000732421875,433.6600036621094,425.2900085449219,430.1400146484375,57463600,0.0,0.0,TSLA,USD
2025-12-02 00:00:00-05:00,430.80999755859375,436.79998779296875,422.1199951171875,429.239990234375,69336600,0.0,0.0,TSLA,USD
2025-12-03 00:00:00-05:00,432.1000061035156,447.9200134277344,431.1099853515625,446.739990234375,87483000,0.0,0.0,TSLA,USD
2025-12-04 00:00:00-05:00,449.94000244140625,454.6300048828125,445.3900146484375,454.5299987792969,71906500,0.0,0.0,TSLA,USD
2025-12-05 00:00:00-05:00,453.0299987792969,458.8699951171875,451.6600036621094,455.0,56427500,0.0,0.0,TSLA,USD
2025-12-08 00:00:00-05:00,447.45001220703125,449.75,435.25,439.5799865722656,69165800,0.0,0.0,TSLA,USD
2025-12-09 00:00:00-05:00,437.5400085449219,452.3900146484375,435.70001220703125,445.1700134277344,62367400,0.0,0.0,TSLA,USD
2025-12-10 00:00:00-05:00,446.07000732421875,456.8800048828125,443.6099853515625,451.45001220703125,63257500,0.0,0.0,TSLA,USD
2025-12-11 00:00:00-05:00,448.95001220703125,449.2699890136719,440.3299865722656,446.8900146484375,55979500,0.0,0.0,TSLA,USD
2025-12-12 00:00:00-05:00,448.0899963378906,463.010009765625,441.6700134277344,458.9599914550781,95656700,0.0,0.0,TSLA,USD
2025-12-15 00:00:00-05:00,469.44000244140625,481.7699890136719,467.6600036621094,475.30999755859375,114542200,0.0,0.0,TSLA,USD
2025-12-16 00:00:00-05:00,472.2099914550781,491.5,465.8299865722656,489.8800048828125,107608100,0.0,0.0,TSLA,USD
2025-12-17 00:00:00-05:00,488.2200012207031,495.2799987792969,466.20001220703125,467.260009765625,106490400,0.0,0.0,TSLA,USD
2025-12-18 00:00:00-05:00,478.1600036621094,490.8599853515625,473.1199951171875,483.3699951171875,95168400,0.0,0.0,TSLA,USD
2025-12-19 00:00:00-05:00,488.1199951171875,490.489990234375,474.7200012207031,481.20001220703125,103305400,0.0,0.0,TSLA,USD
2025-12-22 00:00:00-05:00,489.8800048828125,498.8299865722656,485.3299865722656,488.7300109863281,86916100,0.0,0.0,TSLA,USD
2025-12-23 00:00:00-05:00,489.3999938964844,491.9700012207031,482.8399963378906,485.55999755859375,58223600,0.0,0.0,TSLA,USD
2025-12-24 00:00:00-05:00,488.4800109863281,490.8999938964844,476.79998779296875,485.3999938964844,41285400,0.0,0.0,TSLA,USD
2025-12-26 00:00:00-05:00,485.2300109863281,489.0899963378906,473.82000732421875,475.19000244140625,58780700,0.0,0.0,TSLA,USD
2025-12-29 00:00:00-05:00,469.0,469.3999938964844,459.0,459.6400146484375,66263000,0.0,0.0,TSLA,USD
2025-12-30 00:00:00-05:00,461.0899963378906,463.1199951171875,453.8299865722656,454.42999267578125,59238500,0.0,0.0,TSLA,USD
2025-12-31 00:00:00-05:00,456.1000061035156,456.54998779296875,449.29998779296875,449.7200012207031,49078000,0.0,0.0,TSLA,USD
2026-01-02 00:00:00-05:00,457.79998779296875,458.3399963378906,435.29998779296875,438.07000732421875,85535400,0.0,0.0,TSLA,USD
2026-01-05 00:00:00-05:00,447.989990234375,457.54998779296875,444.57000732421875,451.6700134277344,67940800,0.0,0.0,TSLA,USD
2026-01-06 00:00:00-05:00,446.3800048828125,448.25,428.7799987792969,432.9599914550781,89093800,0.0,0.0,TSLA,USD
2026-01-07 00:00:00-05:00,435.8999938964844,438.3699951171875,431.2900085449219,431.4100036621094,59828800,0.0,0.0,TSLA,USD
2026-01-08 00:00:00-05:00,427.8900146484375,436.8900146484375,424.3699951171875,435.79998779296875,57041100,0.0,0.0,TSLA,USD
2026-01-09 00:00:00-05:00,435.95001220703125,449.04998779296875,430.3900146484375,445.010009765625,67331500,0.0,0.0,TSLA,USD
2026-01-12 00:00:00-05:00,441.2300109863281,454.29998779296875,438.0,448.9599914550781,61649600,0.0,0.0,TSLA,USD
2026-01-13 00:00:00-05:00,450.20001220703125,451.80999755859375,443.95001220703125,447.20001220703125,53719200,0.0,0.0,TSLA,USD
2026-01-14 00:00:00-05:00,442.80999755859375,443.9100036621094,434.2200012207031,439.20001220703125,57259500,0.0,0.0,TSLA,USD
2026-01-15 00:00:00-05:00,441.1300048828125,445.3599853515625,437.6499938964844,438.57000732421875,49465800,0.0,0.0,TSLA,USD
2026-01-16 00:00:00-05:00,439.5,447.25,435.260009765625,437.5,60220600,0.0,0.0,TSLA,USD
2026-01-20 00:00:00-05:00,429.3599853515625,430.7300109863281,417.44000244140625,419.25,63187300,0.0,0.0,TSLA,USD
2026-01-21 00:00:00-05:00,421.6600036621094,438.20001220703125,419.6199951171875,431.44000244140625,68124000,0.0,0.0,TSLA,USD
2026-01-22 00:00:00-05:00,435.1600036621094,449.5,432.6300048828125,449.3599853515625,71546700,0.0,0.0,TSLA,USD
2026-01-23 00:00:00-05:00,447.42999267578125,452.42999267578125,444.0400085449219,449.05999755859375,56771400,0.0,0.0,TSLA,USD
2026-01-26 00:00:00-05:00,445.0,445.0400085449219,434.2799987792969,435.20001220703125,49397400,0.0,0.0,TSLA,USD
2026-01-27 00:00:00-05:00,437.4100036621094,437.5199890136719,430.69000244140625,430.8999938964844,37733100,0.0,0.0,TSLA,USD
2026-01-28 00:00:00-05:00,431.9100036621094,438.260009765625,430.1000061035156,431.4599914550781,54857400,0.0,0.0,TSLA,USD
2026-01-29 00:00:00-05:00,437.79998779296875,440.2300109863281,414.6199951171875,416.55999755859375,81686100,0.0,0.0,TSLA,USD
2026-01-30 00:00:00-05:00,425.3500061035156,439.8800048828125,422.70001220703125,430.4100036621094,82626100,0.0,0.0,TSLA,USD
2026-02-02 00:00:00-05:00,421.2900085449219,427.1499938964844,414.5,421.80999755859375,58739500,0.0,0.0,TSLA,USD
2026-02-03 00:00:00-05:00,424.2699890136719,428.55999755859375,413.69000244140625,421.9599914550781,56886500,0.0,0.0,TSLA,USD
2026-02-04 00:00:00-05:00,420.4599914550781,423.8999938964844,399.17999267578125,406.010009765625,74606900,0.0,0.0,TSLA,USD
2026-02-05 00:00:00-05:00,397.0199890136719,402.1000061035156,387.5299987792969,397.2099914550781,72819800,0.0,0.0,TSLA,USD
2026-02-06 00:00:00-05:00,400.8699951171875,414.54998779296875,397.75,411.1099853515625,62677100,0.0,0.0,TSLA,USD
2026-02-09 00:00:00-05:00,409.9100036621094,421.25,407.2900085449219,417.32000732421875,54484300,0.0,0.0,TSLA,USD
2026-02-10 00:00:00-05:00,418.0799865722656,427.25,417.0,425.2099914550781,64450200,0.0,0.0,TSLA,USD
2026-02-11 00:00:00-05:00,427.9599914550781,436.3500061035156,420.0299987792969,428.2699890136719,57362000,0.0,0.0,TSLA,USD
2026-02-12 00:00:00-05:00,430.29998779296875,436.2300109863281,414.0,417.07000732421875,61933400,0.0,0.0,TSLA,USD
2026-02-13 00:00:00-05:00,414.30999755859375,424.05999755859375,410.8800048828125,417.44000244140625,51434100,0.0,0.0,TSLA,USD
2026-02-17 00:00:00-05:00,412.3599853515625,413.7200012207031,400.510009765625,410.6300048828125,59678800,0.0,0.0,TSLA,USD
2026-02-18 00:00:00-05:00,411.1099853515625,416.8999938964844,409.5799865722656,411.32000732421875,45921400,0.0,0.0,TSLA,USD
2026-02-19 00:00:00-05:00,407.25,415.25,404.1099853515625,411.7099914550781,51019600,0.0,0.0,TSLA,USD
2026-02-20 00:00:00-05:00,408.29998779296875,414.70001220703125,405.5,411.82000732421875,57912200,0.0,0.0,TSLA,USD
2026-02-23 00:00:00-05:00,407.2900085449219,407.70001220703125,394.0400085449219,399.8299865722656,69680000,0.0,0.0,TSLA,USD
2026-02-24 00:00:00-05:00,399.5,410.82000732421875,397.6400146484375,409.3800048828125,58579500,0.0,0.0,TSLA,USD
2026-02-25 00:00:00-05:00,412.1499938964844,420.3399963378906,412.1499938964844,417.3999938964844,54809700,0.0,0.0,TSLA,USD
2026-02-26 00:00:00-05:00,414.4200134277344,416.80999755859375,403.6600036621094,408.5799865722656,53602500,0.0,0.0,TSLA,USD
2026-02-27 00:00:00-05:00,402.94000244140625,407.1199951171875,398.1099853515625,402.510009765625,56890100,0.0,0.0,TSLA,USD
2026-03-02 00:00:00-05:00,390.6000061035156,404.5400085449219,388.25,403.32000732421875,55088300,0.0,0.0,TSLA,USD
2026-03-03 00:00:00-05:00,395.0899963378906,396.3399963378906,385.3900146484375,392.42999267578125,62617300,0.0,0.0,TSLA,USD
2026-03-04 00:00:00-05:00,397.8500061035156,408.3299865722656,394.5799865722656,405.94000244140625,68305500,0.0,0.0,TSLA,USD
2026-03-05 00:00:00-05:00,401.57000732421875,408.6199951171875,399.4200134277344,405.54998779296875,51925900,0.0,0.0,TSLA,USD
2026-03-06 00:00:00-05:00,398.0899963378906,402.3500061035156,394.2099914550781,396.7300109863281,64054600,0.0,0.0,TSLA,USD
2026-03-09 00:00:00-04:00,390.04998779296875,401.5899963378906,381.3999938964844,398.67999267578125,67018900,0.0,0.0,TSLA,USD
2026-03-10 00:00:00-04:00,402.2200012207031,406.5899963378906,398.19000244140625,399.239990234375,59258700,0.0,0.0,TSLA,USD
2026-03-11 00:00:00-04:00,402.2799987792969,416.3800048828125,402.1499938964844,407.82000732421875,62559900,0.0,0.0,TSLA,USD
2026-03-12 00:00:00-04:00,405.17999267578125,406.5,394.6499938964844,395.010009765625,60973800,0.0,0.0,TSLA,USD
2026-03-13 00:00:00-04:00,399.1700134277344,400.20001220703125,389.95001220703125,391.20001220703125,58504100,0.0,0.0,TSLA,USD
2026-03-16 00:00:00-04:00,396.2200012207031,403.7300109863281,394.4200134277344,395.55999755859375,58068300,0.0,0.0,TSLA,USD
2026-03-17 00:00:00-04:00,395.69000244140625,400.1199951171875,393.0,399.2699890136719,46890500,0.0,0.0,TSLA,USD
2026-03-18 00:00:00-04:00,399.0,403.07000732421875,392.30999755859375,392.7799987792969,50853100,0.0,0.0,TSLA,USD
2026-03-19 00:00:00-04:00,387.2699890136719,387.2699890136719,378.7300109863281,380.29998779296875,67078300,0.0,0.0,TSLA,USD
2026-03-20 00:00:00-04:00,379.8500061035156,379.8900146484375,364.4599914550781,367.9599914550781,78628600,0.0,0.0,TSLA,USD
2026-03-23 00:00:00-04:00,373.0899963378906,385.3299865722656,372.7300109863281,380.8500061035156,74606000,0.0,0.0,TSLA,USD
2026-03-24 00:00:00-04:00,376.55999755859375,387.4800109863281,376.30999755859375,383.0299987792969,60004900,0.0,0.0,TSLA,USD
2026-03-25 00:00:00-04:00,389.989990234375,396.2300109863281,385.010009765625,385.95001220703125,55157300,0.0,0.0,TSLA,USD
2026-03-26 00:00:00-04:00,381.6000061035156,384.44000244140625,371.8699951171875,372.1099853515625,55522900,0.0,0.0,TSLA,USD
2026-03-27 00:00:00-04:00,369.69000244140625,369.8599853515625,359.4700012207031,361.8299865722656,62065700,0.0,0.0,TSLA,USD
2026-03-30 00:00:00-04:00,365.8599853515625,367.2900085449219,352.1400146484375,355.2799987792969,67954400,0.0,0.0,TSLA,USD
2026-03-31 00:00:00-04:00,361.510009765625,373.3299865722656,361.0,371.75,75534900,0.0,0.0,TSLA,USD
2026-04-01 00:00:00-04:00,378.6300048828125,383.1400146484375,374.0799865722656,381.260009765625,58683800,0.0,0.0,TSLA,USD
2026-04-02 00:00:00-04:00,364.20001220703125,370.2799987792969,359.0299987792969,360.5899963378906,83031200,0.0,0.0,TSLA,USD
2026-04-06 00:00:00-04:00,362.5899963378906,367.7200012207031,346.6400146484375,352.82000732421875,77697600,0.0,0.0,TSLA,USD
2026-04-07 00:00:00-04:00,346.44000244140625,348.0199890136719,337.239990234375,346.6499938964844,74515400,0.0,0.0,TSLA,USD
2026-04-08 00:00:00-04:00,363.7900085449219,364.5,339.6700134277344,343.25,78838600,0.0,0.0,TSLA,USD
2026-04-09 00:00:00-04:00,343.1499938964844,348.8800048828125,337.25,345.6199951171875,62164000,0.0,0.0,TSLA,USD
2026-04-10 00:00:00-04:00,346.2900085449219,350.3599853515625,342.739990234375,348.95001220703125,51336000,0.0,0.0,TSLA,USD
2026-04-13 00:00:00-04:00,350.07000732421875,356.3500061035156,348.57000732421875,352.4200134277344,53617500,0.0,0.0,TSLA,USD
2026-04-14 00:00:00-04:00,357.6700134277344,367.6300048828125,354.7699890136719,364.20001220703125,59979600,0.0,0.0,TSLA,USD
2026-04-15 00:00:00-04:00,366.8299865722656,394.6499938964844,362.5,391.95001220703125,113810400,0.0,0.0,TSLA,USD
2026-04-16 00:00:00-04:00,393.80999755859375,394.05999755859375,381.79998779296875,388.8999938964844,63515100,0.0,0.0,TSLA,USD
2026-04-17 00:00:00-04:00,395.9200134277344,409.2799987792969,391.6499938964844,400.6199951171875,90640000,0.0,0.0,TSLA,USD
2026-04-20 00:00:00-04:00,402.5799865722656,406.79998779296875,388.3299865722656,392.5,64603900,0.0,0.0,TSLA,USD
2026-04-21 00:00:00-04:00,393.0,393.95001220703125,385.2200012207031,386.4200134277344,50530600,0.0,0.0,TSLA,USD
2026-04-22 00:00:00-04:00,387.57000732421875,393.010009765625,385.29998779296875,387.510009765625,62362800,0.0,0.0,TSLA,USD
2026-04-23 00:00:00-04:00,375.2799987792969,386.0,368.3900146484375,373.7200012207031,93969500,0.0,0.0,TSLA,USD
2026-04-24 00:00:00-04:00,373.5,382.760009765625,370.7300109863281,376.29998779296875,62893300,0.0,0.0,TSLA,USD
2026-04-27 00:00:00-04:00,372.0899963378906,380.7799987792969,364.0199890136719,378.6700134277344,66735800,0.0,0.0,TSLA,USD
2026-04-28 00:00:00-04:00,374.67999267578125,382.2900085449219,372.5400085449219,376.0199890136719,50864400,0.0,0.0,TSLA,USD
2026-04-29 00:00:00-04:00,375.3999938964844,376.3999938964844,370.0400085449219,372.79998779296875,45384800,0.0,0.0,TSLA,USD
2026-04-30 00:00:00-04:00,372.75,384.75,368.1700134277344,381.6300048828125,51076000,0.0,0.0,TSLA,USD
2026-05-01 00:00:00-04:00,382.489990234375,397.82000732421875,378.79998779296875,390.82000732421875,65338300,0.0,0.0,TSLA,USD
2026-05-04 00:00:00-04:00,390.2300109863281,394.6400146484375,384.79998779296875,392.510009765625,48765100,0.0,0.0,TSLA,USD
2026-05-05 00:00:00-04:00,395.19000244140625,402.1199951171875,389.0,389.3699951171875,47780600,0.0,0.0,TSLA,USD
2026-05-06 00:00:00-04:00,386.25,401.67999267578125,384.0199890136719,398.7300109863281,53465400,0.0,0.0,TSLA,USD
2026-05-07 00:00:00-04:00,407.4800109863281,415.8299865722656,402.1199951171875,411.7900085449219,64294200,0.0,0.0,TSLA,USD
2026-05-08 00:00:00-04:00,416.4800109863281,431.20001220703125,416.3900146484375,428.3500061035156,65050000,0.0,0.0,TSLA,USD
2026-05-11 00:00:00-04:00,422.1600036621094,449.1600036621094,416.79998779296875,445.0,78376100,0.0,0.0,TSLA,USD
2026-05-12 00:00:00-04:00,441.4100036621094,447.79998779296875,422.260009765625,433.45001220703125,60569300,0.0,0.0,TSLA,USD
2026-05-13 00:00:00-04:00,436.6700134277344,453.3999938964844,430.2099914550781,445.2699890136719,68283200,0.0,0.0,TSLA,USD
2026-05-14 00:00:00-04:00,446.489990234375,451.9800109863281,441.1600036621094,443.29998779296875,46070400,0.0,0.0,TSLA,USD
2026-05-15 00:00:00-04:00,433.9800109863281,434.6600036621094,422.0,422.239990234375,52688700,0.0,0.0,TSLA,USD
2026-05-18 00:00:00-04:00,419.2699890136719,421.1300048828125,405.3299865722656,409.989990234375,52474200,0.0,0.0,TSLA,USD
2026-05-19 00:00:00-04:00,403.1600036621094,405.6300048828125,393.6300048828125,404.1099853515625,46500600,0.0,0.0,TSLA,USD
2026-05-20 00:00:00-04:00,407.6000061035156,417.4599914550781,406.3900146484375,417.260009765625,45294700,0.0,0.0,TSLA,USD
2026-05-21 00:00:00-04:00,422.17999267578125,426.95001220703125,412.8999938964844,417.8500061035156,42636900,0.0,0.0,TSLA,USD
2026-05-22 00:00:00-04:00,422.6700134277344,431.510009765625,420.510009765625,426.010009765625,46104700,0.0,0.0,TSLA,USD
2026-05-26 00:00:00-04:00,430.260009765625,435.20001220703125,426.1199951171875,433.5899963378906,45658900,0.0,0.0,TSLA,USD
2026-05-27 00:00:00-04:00,442.8900146484375,445.6000061035156,435.5199890136719,440.3599853515625,44656500,0.0,0.0,TSLA,USD
2026-05-28 00:00:00-04:00,437.6199951171875,443.9599914550781,436.29998779296875,442.1000061035156,32435000,0.0,0.0,TSLA,USD
2026-05-29 00:00:00-04:00,439.8500061035156,441.07000732421875,428.1400146484375,435.7900085449219,45176800,0.0,0.0,TSLA,USD
2026-06-01 00:00:00-04:00,427.489990234375,429.6000061035156,415.42999267578125,415.8800048828125,44937900,0.0,0.0,TSLA,USD
2026-06-02 00:00:00-04:00,418.2200012207031,424.4200134277344,413.6499938964844,423.739990234375,37596000,0.0,0.0,TSLA,USD
2026-06-03 00:00:00-04:00,418.70001220703125,433.6000061035156,416.0,423.70001220703125,44500700,0.0,0.0,TSLA,USD
2026-06-04 00:00:00-04:00,419.8399963378906,426.3500061035156,417.1600036621094,418.45001220703125,35323300,0.0,0.0,TSLA,USD
2026-06-05 00:00:00-04:00,420.5450134277344,424.6799011230469,388.5899963378906,391.0,60830180,0.0,0.0,TSLA,USD
2025-06-06 00:00:00-04:00,466.3648469522318,469.5890928719542,465.06523024972654,466.6525573730469,15285600,0.0,0.0,MSFT,USD
2025-06-09 00:00:00-04:00,465.9779957450024,469.67841894667356,464.90653697170796,469.0038146972656,16469900,0.0,0.0,MSFT,USD
2025-06-10 00:00:00-04:00,467.45614299188406,469.0533703074369,463.2596519580402,467.18829345703125,15375900,0.0,0.0,MSFT,USD
2025-06-11 00:00:00-04:00,466.29541399515057,471.7022387212418,465.93828127215454,468.87481689453125,16399200,0.0,0.0,MSFT,USD
2025-06-12 00:00:00-04:00,471.25575908280854,476.61299175337194,469.76764562448443,475.07525634765625,18950600,0.0,0.0,MSFT,USD
2025-06-13 00:00:00-04:00,472.6348110082228,475.3828499324856,469.0137405811006,471.1962890625,16814500,0.0,0.0,MSFT,USD
2025-06-16 00:00:00-04:00,471.44428961660435,476.8808754060361,471.23596219473825,475.3431701660156,15626100,0.0,0.0,MSFT,USD
2025-06-17 00:00:00-04:00,471.63279762120845,474.9463269378011,470.3232503868908,474.25189208984375,15414100,0.0,0.0,MSFT,USD
2025-06-18 00:00:00-04:00,474.21220825159133,477.1884355000323,470.70025162122124,476.4344482421875,17526500,0.0,0.0,MSFT,USD
2025-06-20 00:00:00-04:00,478.4086860483398,479.62891980922967,473.09114443804276,473.616943359375,37576200,0.0,0.0,MSFT,USD
2025-06-23 00:00:00-04:00,474.4204952857464,483.8849056071214,468.76568216065505,482.1487731933594,24864000,0.0,0.0,MSFT,USD
2025-06-24 00:00:00-04:00,485.07541514458467,487.9524285572733,482.9424282150726,486.2261962890625,22305600,0.0,0.0,MSFT,USD
2025-06-25 00:00:00-04:00,488.1409520653471,490.64097201284227,485.5119574284625,488.3691101074219,17495100,0.0,0.0,MSFT,USD
2025-06-26 00:00:00-04:00,489.07347716233096,494.09337765578726,488.9048109762518,493.508056640625,21578900,0.0,0.0,MSFT,USD
2025-06-27 00:00:00-04:00,493.60726767719865,495.3434002058453,489.12309627390664,492.0100402832031,34539200,0.0,0.0,MSFT,USD
2025-06-30 00:00:00-04:00,493.1013206195562,496.79184348109624,491.404849352638,493.4683837890625,28369000,0.0,0.0,MSFT,USD
2025-07-01 00:00:00-04:00,492.53583641461546,494.10330273882704,487.08935037246306,488.1508483886719,19945400,0.0,0.0,MSFT,USD
2025-07-02 00:00:00-04:00,486.107196925814,489.5893925672679,484.82744098086494,487.198486328125,16319600,0.0,0.0,MSFT,USD
2025-07-03 00:00:00-04:00,489.89694493303733,496.16687121115365,489.52988173373706,494.8870849609375,13984800,0.0,0.0,MSFT,USD
2025-07-07 00:00:00-04:00,493.4386378219278,494.7977767455099,491.3056810299541,493.77593994140625,13981600,0.0,0.0,MSFT,USD
2025-07-08 00:00:00-04:00,493.2997134401056,494.25212791462184,490.1945116420166,492.68463134765625,11846600,0.0,0.0,MSFT,USD
2025-07-09 00:00:00-04:00,496.3354652236218,502.76412671878114,495.77990524850594,499.5200500488281,18659500,0.0,0.0,MSFT,USD
2025-07-10 00:00:00-04:00,499.06366987607214,500.4426696344743,493.8056807647675,497.5061340332031,16492100,0.0,0.0,MSFT,USD
2025-07-11 00:00:00-04:00,494.5200000462786,501.0280145407016,493.85529597280816,499.3315734863281,16459500,0.0,0.0,MSFT,USD
2025-07-14 00:00:00-04:00,497.5458219138798,499.9764196247383,497.0597144820079,499.033935546875,12058800,0.0,0.0,MSFT,USD
2025-07-15 00:00:00-04:00,499.03393728805895,504.2720960834484,498.80577924001653,501.811767578125,14927200,0.0,0.0,MSFT,USD
2025-07-16 00:00:00-04:00,501.1768265275145,502.70463167926073,497.9129190668174,501.61334228515625,15154400,0.0,0.0,MSFT,USD
2025-07-17 00:00:00-04:00,501.67285674255714,509.3019216630888,501.61333461976557,507.6451721191406,17503100,0.0,0.0,MSFT,USD
2025-07-18 00:00:00-04:00,510.4030974050004,510.5618634291492,503.40897568442307,506.0082092285156,21209700,0.0,0.0,MSFT,USD
2025-07-21 00:00:00-04:00,502.69466780228106,508.0320701704435,501.54385636100875,506.01812744140625,14066800,0.0,0.0,MSFT,USD
2025-07-22 00:00:00-04:00,506.92095727911294,507.1491456054249,501.26611328125,501.26611328125,13868600,0.0,0.0,MSFT,USD
2025-07-23 00:00:00-04:00,502.7343595827018,502.77405108780124,496.7323137246232,501.861328125,16396600,0.0,0.0,MSFT,USD
2025-07-24 00:00:00-04:00,504.73833906736274,509.5995039044367,503.27998658866585,506.8316345214844,16107000,0.0,0.0,MSFT,USD
2025-07-25 00:00:00-04:00,508.4089964805577,514.1828842249572,506.3157313206406,509.63922119140625,19125700,0.0,0.0,MSFT,USD
2025-07-28 00:00:00-04:00,510.0063088656235,510.91900158393673,506.07766717141,508.4388122558594,14308000,0.0,0.0,MSFT,USD
2025-07-29 00:00:00-04:00,511.4448362580723,513.5182406496896,507.50626407616875,508.5082702636719,16469200,0.0,0.0,MSFT,USD
2025-07-30 00:00:00-04:00,511.08764202727673,511.86149016920456,505.4030674134904,509.1729431152344,26380400,0.0,0.0,MSFT,USD
2025-07-31 00:00:00-04:00,550.8301225339796,551.0484106553389,527.6850421089878,529.2723388671875,51617300,0.0,0.0,MSFT,USD
2025-08-01 00:00:00-04:00,530.7605684534492,531.5542170062565,516.7326017006552,519.9568481445312,28977600,0.0,0.0,MSFT,USD
2025-08-04 00:00:00-04:00,524.0838536533402,533.9847498429226,523.9449485218581,531.3954467773438,25349000,0.0,0.0,MSFT,USD
2025-08-05 00:00:00-04:00,532.9232605080902,533.0423047576313,523.0620248277625,523.5679931640625,19171600,0.0,0.0,MSFT,USD
2025-08-06 00:00:00-04:00,526.6930052823053,527.4866537198485,519.8774501718309,520.7802124023438,21355700,0.0,0.0,MSFT,USD
2025-08-07 00:00:00-04:00,522.6254396329194,523.9052559727172,513.4487398823029,516.7127075195312,16079100,0.0,0.0,MSFT,USD
2025-08-08 00:00:00-04:00,518.4587582353118,520.502431840537,515.2940341981842,517.9031982421875,15531000,0.0,0.0,MSFT,USD
2025-08-11 00:00:00-04:00,518.1611446296885,523.4092640243366,515.6015722772428,517.6353759765625,20194400,0.0,0.0,MSFT,USD
2025-08-12 00:00:00-04:00,519.5996565820958,526.7723446368122,518.5579891899393,525.046142578125,18667000,0.0,0.0,MSFT,USD
2025-08-13 00:00:00-04:00,527.8934364066101,528.4787877679453,515.2544004746543,516.454833984375,19619200,0.0,0.0,MSFT,USD
2025-08-14 00:00:00-04:00,518.4190436500928,521.7821945996749,516.0182375574066,518.3396606445312,20269100,0.0,0.0,MSFT,USD
2025-08-15 00:00:00-04:00,518.627406652342,521.9309749680182,514.9666450837208,516.0479736328125,25213300,0.0,0.0,MSFT,USD
2025-08-18 00:00:00-04:00,517.4567900842618,518.6770238166106,509.9467697824549,513.0023193359375,23760600,0.0,0.0,MSFT,USD
2025-08-19 00:00:00-04:00,510.91900524319027,511.0777107186651,504.5201046206217,505.7304382324219,21481000,0.0,0.0,MSFT,USD
2025-08-20 00:00:00-04:00,505.8296325155463,506.9506829011106,500.44266872858867,501.7125244140625,27723000,0.0,0.0,MSFT,USD
2025-08-21 00:00:00-04:00,500.5201238427197,504.4353306174317,499.5562271428435,501.066650390625,18443300,0.83,0.0,MSFT,USD
2025-08-22 00:00:00-04:00,501.07655468445085,507.51578439064156,499.248138173549,504.0378112792969,24324200,0.0,0.0,MSFT,USD
2025-08-25 00:00:00-04:00,503.44159720621536,504.9917771303553,500.9473838488724,501.0865173339844,21638600,0.0,0.0,MSFT,USD
2025-08-26 00:00:00-04:00,501.18583887731603,501.8019624337255,495.37267961289456,498.8804626464844,30835700,0.0,0.0,MSFT,USD
2025-08-27 00:00:00-04:00,498.8407434548062,504.09746017877256,496.75395340313815,503.5509033203125,17277900,0.0,0.0,MSFT,USD
2025-08-28 00:00:00-04:00,503.89867767213724,507.87350408410515,502.3186878124423,506.4326477050781,18015600,0.0,0.0,MSFT,USD
2025-08-29 00:00:00-04:00,505.458793364042,506.39287997665497,501.3150235761296,503.5011901855469,20961600,0.0,0.0,MSFT,USD
2025-09-02 00:00:00-04:00,497.32034095368414,502.81553721257154,493.68337117589067,501.9410705566406,18128000,0.0,0.0,MSFT,USD
2025-09-03 00:00:00-04:00,500.6194673133705,504.5942937991858,499.1587173668126,502.1696472167969,16345100,0.0,0.0,MSFT,USD
2025-09-04 00:00:00-04:00,501.1262158347851,504.95199223037696,499.983459333639,504.77313232421875,15509500,0.0,0.0,MSFT,USD
2025-09-05 00:00:00-04:00,505.86622472604114,508.74796779288187,489.27131242222254,491.884765625,31994800,0.0,0.0,MSFT,USD
2025-09-08 00:00:00-04:00,494.97517595073856,498.04575600626316,491.91457299081776,495.06463623046875,16771000,0.0,0.0,MSFT,USD
2025-09-09 00:00:00-04:00,498.27429847652155,499.0891451753406,494.5677922273047,495.2733154296875,14410500,0.0,0.0,MSFT,USD
2025-09-10 00:00:00-04:00,499.81456783685906,500.06299449245154,493.5939546766565,497.2209777832031,21611800,0.0,0.0,MSFT,USD
2025-09-11 00:00:00-04:00,499.08915061774627,500.00337405269875,494.7466575341409,497.8569641113281,18881600,0.0,0.0,MSFT,USD
2025-09-12 00:00:00-04:00,503.4614629424367,509.32432605160386,500.67909648146514,506.6910095214844,23624900,0.0,0.0,MSFT,USD
2025-09-15 00:00:00-04:00,505.58800862213144,512.2259313574772,503.80926524972944,512.1166381835938,17143800,0.0,0.0,MSFT,USD
2025-09-16 00:00:00-04:00,513.6271130220401,513.9748860992247,505.39922293408733,505.8364562988281,19711900,0.0,0.0,MSFT,USD
2025-09-17 00:00:00-04:00,507.4064717390096,508.07226852063866,502.74598524416496,506.81024169921875,15816600,0.0,0.0,MSFT,USD
2025-09-18 00:00:00-04:00,508.270998935228,509.84107240669834,504.4651158521554,505.2501525878906,18913700,0.0,0.0,MSFT,USD
2025-09-19 00:00:00-04:00,507.34691829589656,516.0319056285313,507.09849160720086,514.6705322265625,52474100,0.0,0.0,MSFT,USD
2025-09-22 00:00:00-04:00,512.3452424901319,514.48167541423,509.3143886623668,511.21240234375,20009300,0.0,0.0,MSFT,USD
2025-09-23 00:00:00-04:00,510.56645428814153,511.35152134239047,504.1173079645634,506.0252380371094,19799600,0.0,0.0,MSFT,USD
2025-09-24 00:00:00-04:00,507.16798604562155,509.2547456727144,503.72976965544393,506.9394226074219,13533700,0.0,0.0,MSFT,USD
2025-09-25 00:00:00-04:00,505.1010467430239,506.8003068435259,501.8615838862597,503.83905029296875,15786500,0.0,0.0,MSFT,USD
2025-09-26 00:00:00-04:00,506.849997214163,510.70558375978015,503.4316440082871,508.2411804199219,16213100,0.0,0.0,MSFT,USD
2025-09-29 00:00:00-04:00,508.28089264453985,513.5971983462931,505.6773863749633,511.3613586425781,17617800,0.0,0.0,MSFT,USD
2025-09-30 00:00:00-04:00,510.0099885223437,514.8990082310244,506.45253207823936,514.6903686523438,19728200,0.0,0.0,MSFT,USD
2025-10-01 00:00:00-04:00,511.5600762745242,517.2341620265153,508.4696637232757,516.439208984375,22632300,0.0,0.0,MSFT,USD
2025-10-02 00:00:00-04:00,514.3823296081488,518.3173691617891,507.4661094259624,512.4942626953125,21222900,0.0,0.0,MSFT,USD
2025-10-03 00:00:00-04:00,513.8456285403139,517.2143082734997,511.75886906280147,514.0940551757812,15112300,0.0,0.0,MSFT,USD
2025-10-06 00:00:00-04:00,515.3461902238155,527.6880704621805,514.9387971845453,525.2435302734375,21388600,0.0,0.0,MSFT,USD
2025-10-07 00:00:00-04:00,524.9652461341774,526.4657528279373,518.1583800775612,520.682373046875,14615200,0.0,0.0,MSFT,USD
2025-10-08 00:00:00-04:00,519.9867481874902,523.6336339322414,519.7979415330736,521.5468139648438,13363400,0.0,0.0,MSFT,USD
2025-10-09 00:00:00-04:00,519.0526847229869,521.0301509722098,514.143772141299,519.1123046875,18343600,0.0,0.0,MSFT,USD
2025-10-10 00:00:00-04:00,516.3697201998212,520.2849266906686,506.42270727517143,507.74432373046875,24133800,0.0,0.0,MSFT,USD
2025-10-13 00:00:00-04:00,513.1600134586593,513.1600134586593,508.45980051307464,510.81488037109375,14284200,0.0,0.0,MSFT,USD
2025-10-14 00:00:00-04:00,507.01894463812107,512.0371813139038,502.8155546768959,510.3379211425781,14684300,0.0,0.0,MSFT,USD
2025-10-15 00:00:00-04:00,511.71919177145384,513.93513816427,506.7903850161382,510.19879150390625,14694700,0.0,0.0,MSFT,USD
2025-10-16 00:00:00-04:00,509.35418580491137,513.5972720757079,504.93217895922305,508.3902587890625,15559600,0.0,0.0,MSFT,USD
2025-10-17 00:00:00-04:00,505.8364332653001,512.235876086287,504.1173098719632,510.3478698730469,19867800,0.0,0.0,MSFT,USD
2025-10-20 00:00:00-04:00,511.3713853844849,515.4356724346321,510.1988187679518,513.5376586914062,14665600,0.0,0.0,MSFT,USD
2025-10-21 00:00:00-04:00,514.2431942660954,515.4257076122852,509.81124074780416,514.4021606445312,15586200,0.0,0.0,MSFT,USD
2025-10-22 00:00:00-04:00,517.8702452376143,521.9245247034462,514.4518919333965,517.2640380859375,18962700,0.0,0.0,MSFT,USD
2025-10-23 00:00:00-04:00,519.1719411998674,520.6525542416625,515.3461346267313,517.2838745117188,14023500,0.0,0.0,MSFT,USD
2025-10-24 00:00:00-04:00,519.4997896375017,522.0436758041421,517.4329238246899,520.3146362304688,15532400,0.0,0.0,MSFT,USD
2025-10-27 00:00:00-04:00,528.4333612309177,531.2157277722118,525.6807743511338,528.1749877929688,18734700,0.0,0.0,MSFT,USD
2025-10-28 00:00:00-04:00,546.5385938392855,550.2351530342114,537.3667019364588,538.6585083007812,29986700,0.0,0.0,MSFT,USD
2025-10-29 00:00:00-04:00,541.5104645203966,542.8321112501552,533.3521116884923,538.1417846679688,36023000,0.0,0.0,MSFT,USD
2025-10-30 00:00:00-04:00,527.1414993194383,531.6032326010347,518.834126044735,522.4512329101562,41023100,0.0,0.0,MSFT,USD
2025-10-31 00:00:00-04:00,525.5515477587454,525.9887810857076,511.85824179468614,514.5512084960938,34006400,0.0,0.0,MSFT,USD
2025-11-03 00:00:00-05:00,516.5385956979154,521.6562086548496,511.3514766558802,513.776123046875,22374700,0.0,0.0,MSFT,USD
2025-11-04 00:00:00-05:00,508.53933673798264,512.3054631947169,504.64399323613884,511.0931701660156,20958700,0.0,0.0,MSFT,USD
2025-11-05 00:00:00-05:00,510.06960470137113,511.5900049686576,503.39189488693165,503.96826171875,23024300,0.0,0.0,MSFT,USD
2025-11-06 00:00:00-05:00,502.47768369906356,502.51744045426454,492.6896676102462,493.9715576171875,27406500,0.0,0.0,MSFT,USD
2025-11-07 00:00:00-05:00,493.8225155697467,496.2372153715257,490.1457889557352,493.6933288574219,24019800,0.0,0.0,MSFT,USD
2025-11-10 00:00:00-05:00,496.8930687697553,503.66020845333964,495.66085193460816,502.8155517578125,26101500,0.0,0.0,MSFT,USD
2025-11-11 00:00:00-05:00,501.62311202080633,506.39292220487647,499.1885488885237,505.47869873046875,17980000,0.0,0.0,MSFT,USD
2025-11-12 00:00:00-05:00,506.1543908722183,508.4498810705414,495.9788447581273,507.9232177734375,26574900,0.0,0.0,MSFT,USD
2025-11-13 00:00:00-05:00,507.09842927280135,510.2683558569415,498.13520636364063,500.12261962890625,25273100,0.0,0.0,MSFT,USD
2025-11-14 00:00:00-05:00,495.0944623167857,508.38031503091224,494.30942559248354,506.96923828125,28505700,0.0,0.0,MSFT,USD
2025-11-17 00:00:00-05:00,505.2501227292945,508.8970088955905,501.7323929449627,504.296142578125,19092800,0.0,0.0,MSFT,USD
2025-11-18 00:00:00-05:00,492.2524466910109,499.8145698875434,483.71651040889276,490.6824035644531,33815100,0.0,0.0,MSFT,USD
2025-11-19 00:00:00-05:00,487.0156083775533,492.0735713081103,479.79134202204426,484.0543518066406,23245300,0.0,0.0,MSFT,USD
2025-11-20 00:00:00-05:00,490.525525238351,491.38172816347884,473.39183555424523,476.308837890625,26802500,0.91,0.0,MSFT,USD
2025-11-21 00:00:00-05:00,476.3785437287191,476.796695003642,466.19388806310616,470.0268249511719,31769200,0.0,0.0,MSFT,USD
2025-11-24 00:00:00-05:00,472.8940649877621,474.7856351712577,465.94500021095376,471.89849853515625,34421000,0.0,0.0,MSFT,USD
2025-11-25 00:00:00-05:00,471.9681767111092,477.0256407210385,462.82888433135173,474.8752136230469,28019800,0.0,0.0,MSFT,USD
2025-11-26 00:00:00-05:00,484.1539406114854,486.14507360501653,479.06661039650686,483.3475341796875,25709100,0.0,0.0,MSFT,USD
2025-11-28 00:00:00-05:00,485.4382224868377,490.44592067381114,484.49242217644115,489.82867431640625,14386700,0.0,0.0,MSFT,USD
2025-12-01 00:00:00-05:00,486.27447583839387,487.68816317334665,482.5012705124726,484.5820007324219,23964000,0.0,0.0,MSFT,USD
2025-12-02 00:00:00-05:00,484.56211884124775,491.312058367048,484.16389832530854,487.82757568359375,19562700,0.0,0.0,MSFT,USD
2025-12-03 00:00:00-05:00,474.2082166599713,482.09308589504883,473.0931871020635,475.6119689941406,34615100,0.0,0.0,MSFT,USD
2025-12-04 00:00:00-05:00,477.6329924690825,479.1860737742951,474.377470578239,478.70819091796875,22318200,0.0,0.0,MSFT,USD
2025-12-05 00:00:00-05:00,480.3807061976695,481.2568095233099,476.7568601661199,481.01788330078125,22608700,0.0,0.0,MSFT,USD
2025-12-08 00:00:00-05:00,482.74025101921535,490.11737199051475,482.2325023858298,488.8430480957031,21965900,0.0,0.0,MSFT,USD
2025-12-09 00:00:00-05:00,486.93155551686203,489.93815525049575,486.33420957194573,489.8385925292969,14696100,0.0,0.0,MSFT,USD
2025-12-10 00:00:00-05:00,481.88404333185355,482.10306917330496,472.9737111601482,476.43829345703125,35756200,0.0,0.0,MSFT,USD
2025-12-11 00:00:00-05:00,474.51683677020293,483.8751552220924,473.750231167373,481.3265075683594,24669200,0.0,0.0,MSFT,USD
2025-12-12 00:00:00-05:00,477.69270598810584,480.31105063829824,474.22812377070755,476.4084167480469,21248100,0.0,0.0,MSFT,USD
2025-12-15 00:00:00-05:00,477.97146396596463,478.588710310573,470.42505317808707,472.7148742675781,23727700,0.0,0.0,MSFT,USD
2025-12-16 00:00:00-05:00,469.8177748762136,475.7712732838117,468.79234263095657,474.2779235839844,20705600,0.0,0.0,MSFT,USD
2025-12-17 00:00:00-05:00,474.79560024235434,477.8718969329872,472.8940646732686,474.00909423828125,24527200,0.0,0.0,MSFT,USD
2025-12-18 00:00:00-05:00,476.06992080908344,487.4293375934554,475.7712630284666,481.8342590332031,28573500,0.0,0.0,MSFT,USD
2025-12-19 00:00:00-05:00,485.1992432324443,485.68709144559693,480.35083955461556,483.7656555175781,70836100,0.0,0.0,MSFT,USD
2025-12-22 00:00:00-05:00,483.9647726311972,486.5632169440421,480.5499868948874,482.7701110839844,16963000,0.0,0.0,MSFT,USD
2025-12-23 00:00:00-05:00,482.8298239351052,485.66716398872717,482.59086732909867,484.6915283203125,14683600,0.0,0.0,MSFT,USD
2025-12-24 00:00:00-05:00,483.5267014178325,486.99128356758627,482.680463867149,485.8563232421875,5855900,0.0,0.0,MSFT,USD
2025-12-26 00:00:00-05:00,484.5521325365998,485.9558848600665,483.8054577080926,485.5476989746094,8842200,0.0,0.0,MSFT,USD
2025-12-29 00:00:00-05:00,482.71034015280554,486.1848877649252,482.0333622504328,484.9404296875,10893400,0.0,0.0,MSFT,USD
2025-12-30 00:00:00-05:00,483.77557941756965,487.5089534635432,483.3474931520442,485.3187255859375,13944500,0.0,0.0,MSFT,USD
2025-12-31 00:00:00-05:00,485.6771523949816,485.97584057107747,481.15727202744546,481.4758605957031,15601600,0.0,0.0,MSFT,USD
2026-01-02 00:00:00-05:00,482.24244872265706,482.5112407273309,468.07552715971417,470.84320068359375,25571600,0.0,0.0,MSFT,USD
2026-01-05 00:00:00-05:00,471.95825856508776,473.9593569778809,467.4184776979013,470.7536315917969,25250300,0.0,0.0,MSFT,USD
2026-01-06 00:00:00-05:00,471.69937935780575,476.617480129593,467.6673473241013,476.3885192871094,23037700,0.0,0.0,MSFT,USD
2026-01-07 00:00:00-05:00,477.63296458601815,487.5288974221053,475.83099176167434,481.3265075683594,25564200,0.0,0.0,MSFT,USD
2026-01-08 00:00:00-05:00,479.10639276886474,480.5201105081445,473.7502403609407,475.9902648925781,18162600,0.0,0.0,MSFT,USD
2026-01-09 00:00:00-05:00,471.9582322108041,477.6927047258898,470.106493184136,477.15509033203125,18491000,0.0,0.0,MSFT,USD
2026-01-12 00:00:00-05:00,474.5566738594685,478.85749783991434,473.57104241242143,475.06439208984375,23519900,0.0,0.0,MSFT,USD
2026-01-13 00:00:00-05:00,472.57548334410274,473.6706125344443,463.88420753037366,468.5832824707031,28545800,0.0,0.0,MSFT,USD
2026-01-14 00:00:00-05:00,464.3919198839424,466.1242261748137,455.1431293963808,457.34332275390625,28184300,0.0,0.0,MSFT,USD
2026-01-15 00:00:00-05:00,462.062293141988,462.19172164087615,453.8787357567712,454.6353759765625,23225800,0.0,0.0,MSFT,USD
2026-01-16 00:00:00-05:00,455.8001683410004,461.1364202404358,454.45617795729186,457.8211669921875,34246700,0.0,0.0,MSFT,USD
2026-01-20 00:00:00-05:00,449.2195254560932,454.77477325819245,447.2881239806389,452.5048828125,26130000,0.0,0.0,MSFT,USD
2026-01-21 00:00:00-05:00,450.5934019351739,450.6829992738946,436.7351029497524,442.1410217285156,37980500,0.0,0.0,MSFT,USD
2026-01-22 00:00:00-05:00,445.6354487179439,450.8323067932568,442.7284117030413,449.1398620605469,25349400,0.0,0.0,MSFT,USD
2026-01-23 00:00:00-05:00,449.8665935761158,469.01134678020316,448.5325382185013,463.8841857910156,38000200,0.0,0.0,MSFT,USD
2026-01-26 00:00:00-05:00,463.2470406576191,472.1474075016215,459.9517180089597,468.19500732421875,29291200,0.0,0.0,MSFT,USD
2026-01-27 00:00:00-05:00,471.5998386603028,480.72916597612596,471.0622242712429,478.4493103027344,29213900,0.0,0.0,MSFT,USD
2026-01-28 00:00:00-05:00,481.06767161592717,481.59532063648624,475.8807787479093,479.49468994140625,36875400,0.0,0.0,MSFT,USD
2026-01-29 00:00:00-05:00,438.0392806211351,440.5381621786467,419.1533835040837,431.57806396484375,128855300,0.0,0.0,MSFT,USD
2026-01-30 00:00:00-05:00,437.2229597325442,437.65104604221966,424.5593524472701,428.38232421875,58566800,0.0,0.0,MSFT,USD
2026-02-02 00:00:00-05:00,428.33251789753194,428.8303011436502,420.37795134689077,421.49298095703125,42219900,0.0,0.0,MSFT,USD
2026-02-03 00:00:00-05:00,420.1390072256922,420.178808008447,406.7486263222299,409.3868713378906,61424100,0.0,0.0,MSFT,USD
2026-02-04 00:00:00-05:00,409.1778088233149,417.9387813848693,407.4256021580933,412.3536682128906,45012400,0.0,0.0,MSFT,USD
2026-02-05 00:00:00-05:00,405.6335909812077,406.4897635323938,390.5806313349955,391.9246520996094,66289200,0.0,0.0,MSFT,USD
2026-02-06 00:00:00-05:00,397.4002746193236,400.0086538663787,391.17798428483076,399.3615417480469,53515300,0.0,0.0,MSFT,USD
2026-02-09 00:00:00-05:00,403.0550898097971,413.05058563481117,399.0927243377603,411.76629638671875,45480500,0.0,0.0,MSFT,USD
2026-02-10 00:00:00-05:00,417.75959730190846,421.80159473973595,410.8702943432265,411.437744140625,44857900,0.0,0.0,MSFT,USD
2026-02-11 00:00:00-05:00,414.3348470778888,414.61360447479314,399.23212070980424,402.57720947265625,42491000,0.0,0.0,MSFT,USD
2026-02-12 00:00:00-05:00,403.20440420967,404.3990960787573,396.24540458526855,400.05841064453125,40802400,0.0,0.0,MSFT,USD
2026-02-13 00:00:00-05:00,402.65686886295305,403.7420326637702,396.2852191820681,399.5407409667969,34091600,0.0,0.0,MSFT,USD
2026-02-17 00:00:00-05:00,397.45004705087115,398.7442713079252,392.78083787972264,395.1004943847656,32078800,0.0,0.0,MSFT,USD
2026-02-18 00:00:00-05:00,396.3648852083561,400.77523739702553,394.5629123207548,397.828369140625,23223400,0.0,0.0,MSFT,USD
2026-02-19 00:00:00-05:00,399.82403795970674,403.55594539020564,395.8127368785549,397.5988464355469,28234000,0.91,0.0,MSFT,USD
2026-02-20 00:00:00-05:00,395.2539159508346,399.2552593187824,394.3059873534157,396.37152099609375,34015200,0.0,0.0,MSFT,USD
2026-02-23 00:00:00-05:00,394.14630950985264,394.50551684604494,382.27203437696886,383.6390686035156,43238300,0.0,0.0,MSFT,USD
2026-02-24 00:00:00-05:00,383.30981969967445,388.5185091169527,380.88504821898124,388.1593017578125,33884700,0.0,0.0,MSFT,USD
2026-02-25 00:00:00-05:00,389.68597856263057,400.60233728073825,389.31678308531696,399.7342224121094,43625500,0.0,0.0,MSFT,USD
2026-02-26 00:00:00-05:00,403.8353349281015,406.6093255926281,397.8782360341113,400.851806640625,34405900,0.0,0.0,MSFT,USD
2026-02-27 00:00:00-05:00,390.03523926255787,395.9624042352165,389.0374004516944,391.8912048339844,51367200,0.0,0.0,MSFT,USD
2026-03-02 00:00:00-05:00,392.01092411942045,400.32293811697235,389.78576315389057,397.6886291503906,35474900,0.0,0.0,MSFT,USD
2026-03-03 00:00:00-05:00,392.2903484387299,405.82103971635513,391.82136299902305,403.0570068359375,38199200,0.0,0.0,MSFT,USD
2026-03-04 00:00:00-05:00,400.4027502952161,410.14166638677375,399.44483360720756,404.32427978515625,35808000,0.0,0.0,MSFT,USD
2026-03-05 00:00:00-05:00,403.54596943015656,410.72040218284053,403.525993165685,409.79241943359375,39001300,0.0,0.0,MSFT,USD
2026-03-06 00:00:00-05:00,408.31564337314285,412.1572983375802,407.6271321747383,408.0761413574219,31123900,0.0,0.0,MSFT,USD
2026-03-09 00:00:00-04:00,404.044890641513,409.3234358422322,402.62794618065146,408.5251770019531,30131900,0.0,0.0,MSFT,USD
2026-03-10 00:00:00-04:00,409.1438479339772,409.31349393117443,402.05918625996463,404.8830871582031,31706400,0.0,0.0,MSFT,USD
2026-03-11 00:00:00-04:00,404.6934855668013,408.1260534422115,400.7220762180728,404.0049743652344,25512100,0.0,0.0,MSFT,USD
2026-03-12 00:00:00-04:00,403.7555185610488,405.2422886286942,400.84181586601125,400.9914855957031,27263900,0.0,0.0,MSFT,USD
2026-03-13 00:00:00-04:00,400.13336309353434,403.9251383935716,393.3979511212616,394.69512939453125,26848000,0.0,0.0,MSFT,USD
2026-03-16 00:00:00-04:00,397.209690545171,399.7641553863696,393.9367805641587,399.08563232421875,27733700,0.0,0.0,MSFT,USD
2026-03-17 00:00:00-04:00,399.4049101655112,403.5259891234105,396.8903674487218,398.5467834472656,26228300,0.0,0.0,MSFT,USD
2026-03-18 00:00:00-04:00,396.271723303423,397.13983817793417,390.1549666521916,390.9432678222656,25908500,0.0,0.0,MSFT,USD
2026-03-19 00:00:00-04:00,389.2569126674818,391.6417315076428,386.2234742615233,388.1792297363281,25138800,0.0,0.0,MSFT,USD
2026-03-20 00:00:00-04:00,385.95408868282834,386.16362631018524,379.29849030352204,381.0447082519531,50853200,0.0,0.0,MSFT,USD
2026-03-23 00:00:00-04:00,383.07032058481127,386.3731646745857,380.85511716508233,382.1722717285156,29680100,0.0,0.0,MSFT,USD
2026-03-24 00:00:00-04:00,381.53362193174286,381.6434000325674,371.04635704379217,371.9344177246094,42733600,0.0,0.0,MSFT,USD
2026-03-25 00:00:00-04:00,376.10542586510894,376.2451074667104,368.831172255135,370.2381286621094,31181200,0.0,0.0,MSFT,USD
2026-03-26 00:00:00-04:00,370.01860155518807,373.9101668945663,364.4007640805619,365.1790771484375,36836600,0.0,0.0,MSFT,USD
2026-03-27 00:00:00-04:00,361.11784971721505,361.6666793192034,355.73951450811694,355.9989318847656,37883400,0.0,0.0,MSFT,USD
2026-03-30 00:00:00-04:00,361.1178525849577,364.5703662773937,355.51000344849933,358.1842041015625,44797000,0.0,0.0,MSFT,USD
2026-03-31 00:00:00-04:00,363.7621155862403,372.09407550142714,362.28533367877645,369.3699951171875,45244400,0.0,0.0,MSFT,USD
2026-04-01 00:00:00-04:00,372.682807332766,373.1817267376728,367.4042619540212,368.57171630859375,29417200,0.0,0.0,MSFT,USD
2026-04-02 00:00:00-04:00,366.41637016886637,372.83249667260446,363.3629859357669,372.6528625488281,24099100,0.0,0.0,MSFT,USD
2026-04-06 00:00:00-04:00,372.682794233078,372.92229624611906,368.70142726638517,372.0741271972656,16146600,0.0,0.0,MSFT,USD
2026-04-07 00:00:00-04:00,369.5396147715723,371.64507045865594,365.7677853538718,371.48541259765625,21443300,0.0,0.0,MSFT,USD
2026-04-08 00:00:00-04:00,384.148004001906,384.167949815935,370.6073237610428,373.52099609375,33064800,0.0,0.0,MSFT,USD
2026-04-09 00:00:00-04:00,371.6949574789129,372.6927962909368,366.2567237727329,372.26373291015625,30435300,0.0,0.0,MSFT,USD
2026-04-10 00:00:00-04:00,372.17393720824543,374.8281921461914,369.23030048358606,370.0684814453125,28111100,0.0,0.0,MSFT,USD
2026-04-13 00:00:00-04:00,372.8025510733858,383.70895264062807,370.2181521550117,383.539306640625,35745800,0.0,0.0,MSFT,USD
2026-04-14 00:00:00-04:00,387.0816509997633,393.83700889302276,385.684652281273,392.2604064941406,37504500,0.0,0.0,MSFT,USD
2026-04-15 00:00:00-04:00,397.1398382929036,413.47445440771634,395.8725939925935,410.3312683105469,45063400,0.0,0.0,MSFT,USD
2026-04-16 00:00:00-04:00,418.95258572248235,419.9105328997013,411.2492993874727,419.35174560546875,41642400,0.0,0.0,MSFT,USD
2026-04-17 00:00:00-04:00,423.9018933176335,430.64726300981,419.78081413338697,421.87628173828125,48568200,0.0,0.0,MSFT,USD
2026-04-20 00:00:00-04:00,420.2398034863272,422.4150847565369,415.40027922801784,417.1664733886719,27582200,0.0,0.0,MSFT,USD
2026-04-21 00:00:00-04:00,419.33177508554746,426.25677891783357,416.2983670043314,423.2433166503906,32048500,0.0,0.0,MSFT,USD
2026-04-22 00:00:00-04:00,425.2689090952171,432.7626880248645,422.7543663498755,431.984375,29378200,0.0,0.0,MSFT,USD
2026-04-23 00:00:00-04:00,418.9825380949446,422.7443793162959,410.5208543154444,414.8514709472656,38308000,0.0,0.0,MSFT,USD
2026-04-24 00:00:00-04:00,416.0688403922519,424.0316048781353,414.9013556123021,423.7023010253906,27457400,0.0,0.0,MSFT,USD
2026-04-27 00:00:00-04:00,421.46715688013995,426.1869149113369,416.1686352924954,423.9018859863281,30867300,0.0,0.0,MSFT,USD
2026-04-28 00:00:00-04:00,423.6524179624475,428.99086152362304,420.9881750222059,428.3222961425781,30438100,0.0,0.0,MSFT,USD
2026-04-29 00:00:00-04:00,423.6623688360089,425.8975483734993,419.38166246548025,423.5426330566406,38288300,0.0,0.0,MSFT,USD
2026-04-30 00:00:00-04:00,409.92216255995794,413.5243765293071,397.1498378648014,406.8987121582031,70909400,0.0,0.0,MSFT,USD
2026-05-01 00:00:00-04:00,411.9078412872606,416.2085240460113,409.5529563541748,413.5443115234375,31372400,0.0,0.0,MSFT,USD
2026-05-04 00:00:00-04:00,410.6505829404435,419.87060358807366,409.91216153093814,412.72607421875,28066500,0.0,0.0,MSFT,USD
2026-05-05 00:00:00-04:00,414.42242364358015,415.8792597859335,407.916495085617,410.4909362792969,25700900,0.0,0.0,MSFT,USD
2026-05-06 00:00:00-04:00,407.11822745622237,417.51572107575487,404.23445872829495,413.0653381347656,30285900,0.0,0.0,MSFT,USD
2026-05-07 00:00:00-04:00,419.2020489501835,427.05506598481406,417.8549909144547,419.8606262207031,34942400,0.0,0.0,MSFT,USD
2026-05-08 00:00:00-04:00,416.48795292910256,417.7252633012779,413.105264767488,414.22283935546875,33383800,0.0,0.0,MSFT,USD
2026-05-11 00:00:00-04:00,406.9885016374445,411.79809190456297,404.6236285818644,411.7681579589844,35657900,0.0,0.0,MSFT,USD
2026-05-12 00:00:00-04:00,413.58422243338293,414.6020070114768,405.76117016707224,406.8887023925781,38594200,0.0,0.0,MSFT,USD
2026-05-13 00:00:00-04:00,402.3286237155428,405.4318878236479,400.1633000811369,404.3342590332031,29667100,0.0,0.0,MSFT,USD
2026-05-14 00:00:00-04:00,403.6058516736889,410.94993067744383,400.013625877668,408.5451354980469,27077500,0.0,0.0,MSFT,USD
2026-05-15 00:00:00-04:00,413.3746572242232,427.24464052002446,412.01761111071977,421.0081481933594,50771200,0.0,0.0,MSFT,USD
2026-05-18 00:00:00-04:00,415.71960624154525,424.2012362508279,414.7117792841577,422.6246643066406,32564100,0.0,0.0,MSFT,USD
2026-05-19 00:00:00-04:00,428.9708919761278,431.7648588737268,415.58987007798993,416.51788330078125,33018700,0.0,0.0,MSFT,USD
2026-05-20 00:00:00-04:00,413.2749005432513,421.18775475321456,410.4110776678385,420.1499938964844,27864000,0.0,0.0,MSFT,USD
2026-05-21 00:00:00-04:00,424.75,426.3399963378906,415.7099914550781,419.0899963378906,31393500,0.91,0.0,MSFT,USD
2026-05-22 00:00:00-04:00,419.5400085449219,424.3999938964844,416.3299865722656,418.57000732421875,22390300,0.0,0.0,MSFT,USD
2026-05-26 00:00:00-04:00,416.42999267578125,419.7699890136719,413.0199890136719,416.0299987792969,30398000,0.0,0.0,MSFT,USD
2026-05-27 00:00:00-04:00,411.010009765625,415.94000244140625,409.5799865722656,412.6700134277344,28901500,0.0,0.0,MSFT,USD
2026-05-28 00:00:00-04:00,412.9800109863281,429.489990234375,412.6700134277344,426.989990234375,47250500,0.0,0.0,MSFT,USD
2026-05-29 00:00:00-04:00,432.54998779296875,450.3299865722656,432.3599853515625,450.239990234375,79654400,0.0,0.0,MSFT,USD
2026-06-01 00:00:00-04:00,464.8399963378906,466.32000732421875,458.2699890136719,460.5199890136719,53628900,0.0,0.0,MSFT,USD
2026-06-02 00:00:00-04:00,446.8800048828125,453.5,440.42999267578125,441.30999755859375,37036800,0.0,0.0,MSFT,USD
2026-06-03 00:00:00-04:00,438.45001220703125,440.3900146484375,424.25,427.3399963378906,39037000,0.0,0.0,MSFT,USD
2026-06-04 00:00:00-04:00,435.80999755859375,436.1499938964844,426.4100036621094,428.04998779296875,26899500,0.0,0.0,MSFT,USD
2026-06-05 00:00:00-04:00,428.3399963378906,429.4700012207031,414.3999938964844,416.6700134277344,34383798,0.0,0.0,MSFT,USD
2025-06-06 00:00:00-04:00,170.239706414102,173.897023068816,170.239706414102,173.07984924316406,35731800,0.0,0.0,GOOGL,USD
2025-06-09 00:00:00-04:00,174.14745263351276,176.0731199779413,173.9778367906517,175.6939697265625,28935900,0.21,0.0,GOOGL,USD
2025-06-10 00:00:00-04:00,175.8037071645682,180.70266778284787,174.51661519040564,178.1983184814453,61766100,0.0,0.0,GOOGL,USD
2025-06-11 00:00:00-04:00,179.36569688795734,179.96433833777158,176.352484683136,176.95114135742188,31646800,0.0,0.0,GOOGL,USD
2025-06-12 00:00:00-04:00,175.78375628436552,176.32255032681226,174.3569797237004,175.30484008789062,20941900,0.0,0.0,GOOGL,USD
2025-06-13 00:00:00-04:00,172.05216517338764,176.7316192634362,172.00227458420645,174.2771453857422,27663100,0.0,0.0,GOOGL,USD
2025-06-16 00:00:00-04:00,174.33703117902292,176.5420676284148,174.25720927061568,176.37245178222656,27389200,0.0,0.0,GOOGL,USD
2025-06-17 00:00:00-04:00,175.30483777675101,176.96110799729416,174.1873615915514,175.5542755126953,24973000,0.0,0.0,GOOGL,USD
2025-06-18 00:00:00-04:00,175.6141436330853,176.16290971424257,172.81046582918458,172.93020629882812,28707500,0.0,0.0,GOOGL,USD
2025-06-20 00:00:00-04:00,173.55876981570484,173.94789206625825,165.08787423262584,166.2652130126953,75659900,0.0,0.0,GOOGL,USD
2025-06-23 00:00:00-04:00,165.89603893694584,166.96362443515676,161.63563852290417,164.81846618652344,57671000,0.0,0.0,GOOGL,USD
2025-06-24 00:00:00-04:00,166.5445998017471,167.84167918331357,165.75638318822968,166.3949432373047,40524300,0.0,0.0,GOOGL,USD
2025-06-25 00:00:00-04:00,167.25298407095676,171.9723414475006,167.17316217400943,170.29611206054688,35479000,0.0,0.0,GOOGL,USD
2025-06-26 00:00:00-04:00,172.0421997468365,173.29937576602373,169.5578094698184,173.1497039794922,31796700,0.0,0.0,GOOGL,USD
2025-06-27 00:00:00-04:00,173.14968136313868,178.27812028762878,171.34375470263782,178.1284637451172,108140200,0.0,0.0,GOOGL,USD
2025-06-30 00:00:00-04:00,180.3734342799105,180.82241920920578,174.1873807915227,175.8336639404297,63378900,0.0,0.0,GOOGL,USD
2025-07-01 00:00:00-04:00,175.3447530851258,175.6939567742825,173.139716841545,175.44451904296875,35904500,0.0,0.0,GOOGL,USD
2025-07-02 00:00:00-04:00,175.14518633422566,178.4577266308603,174.67625741761273,178.23822021484375,29128900,0.0,0.0,GOOGL,USD
2025-07-03 00:00:00-04:00,178.09853847776557,179.265905222364,176.65180269468908,179.126220703125,21689700,0.0,0.0,GOOGL,USD
2025-07-07 00:00:00-04:00,178.65729408356307,178.8967598076696,175.28489078530595,176.39239501953125,34175600,0.0,0.0,GOOGL,USD
2025-07-08 00:00:00-04:00,177.45002146146976,177.54978742679873,172.421347895151,173.96786499023438,40442500,0.0,0.0,GOOGL,USD
2025-07-09 00:00:00-04:00,174.85586430994886,179.03644347316074,172.3814460707259,176.2227783203125,43025600,0.0,0.0,GOOGL,USD
2025-07-10 00:00:00-04:00,175.2349902719471,178.02868052999747,173.98780168372105,177.2205047607422,29252400,0.0,0.0,GOOGL,USD
2025-07-11 00:00:00-04:00,176.39238193299045,181.0219456842772,176.08308157759498,179.7847442626953,34282900,0.0,0.0,GOOGL,USD
2025-07-14 00:00:00-04:00,180.60289104600895,183.2569121837853,179.27588047712075,181.1516571044922,32536600,0.0,0.0,GOOGL,USD
2025-07-15 00:00:00-04:00,182.39885886185957,183.8056914333515,181.19158867102598,181.59068298339844,33448300,0.0,0.0,GOOGL,USD
2025-07-16 00:00:00-04:00,182.82788394956327,183.91542879782378,181.62059863833602,182.55848693847656,33104200,0.0,0.0,GOOGL,USD
2025-07-17 00:00:00-04:00,181.73036564766983,183.64604573142148,180.07409534184728,183.16712951660156,31992600,0.0,0.0,GOOGL,USD
2025-07-18 00:00:00-04:00,184.98301522964096,186.00072543502688,183.2968289565469,184.64378356933594,34014500,0.0,0.0,GOOGL,USD
2025-07-21 00:00:00-04:00,185.83110772544197,189.86201471908177,185.73132654425748,189.67245483398438,45803100,0.0,0.0,GOOGL,USD
2025-07-22 00:00:00-04:00,191.0693117786785,191.21896833519165,187.03840453704987,190.90966796875,44660200,0.0,0.0,GOOGL,USD
2025-07-23 00:00:00-04:00,191.06930248089483,192.09698471753413,188.7545130229886,189.80215454101562,58681900,0.0,0.0,GOOGL,USD
2025-07-24 00:00:00-04:00,196.58686306155585,197.50479208340965,190.5704262162467,191.73779296875,74881700,0.0,0.0,GOOGL,USD
2025-07-25 00:00:00-04:00,191.54821586623893,193.8929365997576,190.82983399147875,192.74551391601562,39785900,0.0,0.0,GOOGL,USD
2025-07-28 00:00:00-04:00,193.2144667106556,193.61357622809174,190.41078895772904,192.14688110351562,38139500,0.0,0.0,GOOGL,USD
2025-07-29 00:00:00-04:00,191.99721287217557,195.47936925683575,191.64800916549822,195.30975341796875,41389200,0.0,0.0,GOOGL,USD
2025-07-30 00:00:00-04:00,195.1600963397073,197.155598285003,194.2521393007246,196.08799743652344,32445400,0.0,0.0,GOOGL,USD
2025-07-31 00:00:00-04:00,195.26984291287636,195.54921195775628,190.66022322341527,191.46839904785156,51329200,0.0,0.0,GOOGL,USD
2025-08-01 00:00:00-04:00,188.6048544387261,190.40080913246982,187.39758435603645,188.7046356201172,34832200,0.0,0.0,GOOGL,USD
2025-08-04 00:00:00-04:00,189.86200183955253,194.8308120156372,189.69238602262155,194.601318359375,31547400,0.0,0.0,GOOGL,USD
2025-08-05 00:00:00-04:00,194.27208103659058,197.41499022677854,193.45391800516853,194.23216247558594,31602300,0.0,0.0,GOOGL,USD
2025-08-06 00:00:00-04:00,194.06255127051267,196.18776557270928,193.23441619136784,195.6489715576172,21562900,0.0,0.0,GOOGL,USD
2025-08-07 00:00:00-04:00,196.6167969951023,197.09571318148866,193.8929412029117,196.07801818847656,26321800,0.0,0.0,GOOGL,USD
2025-08-08 00:00:00-04:00,196.77642933858343,202.15430596097147,196.72653874979915,200.96697998046875,39161800,0.0,0.0,GOOGL,USD
2025-08-11 00:00:00-04:00,200.48808049350347,201.02685931355308,198.62229106869012,200.54794311523438,25832400,0.0,0.0,GOOGL,USD
2025-08-12 00:00:00-04:00,200.91710457512625,204.04006993048975,200.1388600495838,202.88267517089844,30397900,0.0,0.0,GOOGL,USD
2025-08-13 00:00:00-04:00,203.6709007567403,204.06999503609887,197.06577929471834,201.5057830810547,28342900,0.0,0.0,GOOGL,USD
2025-08-14 00:00:00-04:00,201.04680257921203,203.9801926061093,200.777405578413,202.4835662841797,25230400,0.0,0.0,GOOGL,USD
2025-08-15 00:00:00-04:00,203.39153088363753,205.97570210941166,200.82730371462006,203.44140625,34931400,0.0,0.0,GOOGL,USD
2025-08-18 00:00:00-04:00,203.74073522255918,204.80833601681928,202.0345896716843,203.0423126220703,18526600,0.0,0.0,GOOGL,USD
2025-08-19 00:00:00-04:00,202.57337657986534,202.98245812812408,199.51028904350812,201.11666870117188,24240200,0.0,0.0,GOOGL,USD
2025-08-20 00:00:00-04:00,200.27853657760338,200.82730262485018,196.15783565803162,198.87171936035156,28955500,0.0,0.0,GOOGL,USD
2025-08-21 00:00:00-04:00,199.30075073242188,202.02460654215824,198.9814631231269,199.30075073242188,19774600,0.0,0.0,GOOGL,USD
2025-08-22 00:00:00-04:00,202.27403645691825,208.07096677186306,200.84725997228378,205.62648010253906,42827000,0.0,0.0,GOOGL,USD
2025-08-25 00:00:00-04:00,205.96572314134983,210.04653613391585,204.81831562838462,208.02110290527344,29928900,0.0,0.0,GOOGL,USD
2025-08-26 00:00:00-04:00,207.0432962842493,207.38254318133843,205.23736948208096,206.67413330078125,28464100,0.0,0.0,GOOGL,USD
2025-08-27 00:00:00-04:00,205.2373711930947,208.4401585010209,205.18748059977113,207.01336669921875,23022900,0.0,0.0,GOOGL,USD
2025-08-28 00:00:00-04:00,206.78389053195886,211.742714118765,206.43467159929352,211.1640167236328,32339300,0.0,0.0,GOOGL,USD
2025-08-29 00:00:00-04:00,210.0365409975429,214.167229203444,209.72724064780297,212.43115234375,39728400,0.0,0.0,GOOGL,USD
2025-09-02 00:00:00-04:00,207.97120545801465,211.20390871469678,205.73623790289355,210.87466430664062,47523000,0.0,0.0,GOOGL,USD
2025-09-03 00:00:00-04:00,225.7012467158241,230.78976737242826,224.28442698424496,230.1412353515625,103336100,0.0,0.0,GOOGL,USD
2025-09-04 00:00:00-04:00,229.13349303754427,231.84737676203946,225.60146147412655,231.7775421142578,51684200,0.0,0.0,GOOGL,USD
2025-09-05 00:00:00-04:00,231.677760445174,235.22975128240526,231.37843212445287,234.47146606445312,46588900,0.0,0.0,GOOGL,USD
2025-09-08 00:00:00-04:00,235.15054099905157,237.8069358559837,233.3529799966882,233.72247314453125,32474700,0.21,0.0,GOOGL,USD
2025-09-09 00:00:00-04:00,233.85231685973005,240.14377315813266,232.91358965088386,239.30491638183594,38061000,0.0,0.0,GOOGL,USD
2025-09-10 00:00:00-04:00,238.5758820575914,241.33214736167037,237.5273187664355,238.84552001953125,35141100,0.0,0.0,GOOGL,USD
2025-09-11 00:00:00-04:00,239.55457404217233,241.9213539288796,235.92949376965038,240.0438995361328,30599300,0.0,0.0,GOOGL,USD
2025-09-12 00:00:00-04:00,240.04388783032,241.75157459718335,237.67710805902945,240.4733123779297,26771600,0.0,0.0,GOOGL,USD
2025-09-15 00:00:00-04:00,244.32807821701437,252.06756394348793,244.32807821701437,251.26864624023438,58383800,0.0,0.0,GOOGL,USD
2025-09-16 00:00:00-04:00,251.73800966841424,252.696698721273,249.13154999644232,250.8192596435547,34109700,0.0,0.0,GOOGL,USD
2025-09-17 00:00:00-04:00,250.87917693990602,251.25866627901078,245.94587648389523,249.19146728515625,34108000,0.0,0.0,GOOGL,USD
2025-09-18 00:00:00-04:00,251.338548569648,253.64542748570952,249.46110945180462,251.68807983398438,31239500,0.0,0.0,GOOGL,USD
2025-09-19 00:00:00-04:00,252.90642848071656,255.65269769422878,251.4683796180924,254.3744354248047,55571400,0.0,0.0,GOOGL,USD
2025-09-22 00:00:00-04:00,254.0848093772248,255.4329839373953,249.96042287972912,252.18739318847656,32290500,0.0,0.0,GOOGL,USD
2025-09-23 00:00:00-04:00,252.69670571321294,254.01492224497756,250.1401811840686,251.31858825683594,26628000,0.0,0.0,GOOGL,USD
2025-09-24 00:00:00-04:00,251.31857470864836,252.00764101873446,246.10565550148698,246.80470275878906,28201000,0.0,0.0,GOOGL,USD
2025-09-25 00:00:00-04:00,244.06842931794486,246.1556055061487,240.41340622781078,245.45654296875,31020400,0.0,0.0,GOOGL,USD
2025-09-26 00:00:00-04:00,246.73481561544992,249.08161830530747,245.63630185383965,246.2055206298828,18503200,0.0,0.0,GOOGL,USD
2025-09-29 00:00:00-04:00,247.51375020937843,250.80926093832198,242.4406403715287,243.71890258789062,32505800,0.0,0.0,GOOGL,USD
2025-09-30 00:00:00-04:00,242.48058753408858,242.9599320717839,238.92541967317948,242.77020263671875,34724300,0.0,0.0,GOOGL,USD
2025-10-01 00:00:00-04:00,240.42338523813993,245.96585884887978,238.2862890899911,244.5677490234375,31658200,0.0,0.0,GOOGL,USD
2025-10-02 00:00:00-04:00,244.81739828037135,246.47514981131818,241.97127402542458,245.35667419433594,25483300,0.0,0.0,GOOGL,USD
2025-10-03 00:00:00-04:00,244.15831699237452,245.96585900937905,241.3321544964398,245.01715087890625,30249600,0.0,0.0,GOOGL,USD
2025-10-06 00:00:00-04:00,244.44791178946252,250.97904766602093,244.24818617214953,250.09024047851562,28894700,0.0,0.0,GOOGL,USD
2025-10-07 00:00:00-04:00,247.93317917084852,250.1002333278666,245.18691006468788,245.42657470703125,23181300,0.0,0.0,GOOGL,USD
2025-10-08 00:00:00-04:00,244.62768203424937,245.67624536262252,243.48922922331397,244.2881317138672,21307100,0.0,0.0,GOOGL,USD
2025-10-09 00:00:00-04:00,244.13833003954065,244.42792989328805,238.82554034163272,241.2023162841797,27892100,0.0,0.0,GOOGL,USD
2025-10-10 00:00:00-04:00,241.10246136059908,243.75885638035138,235.5200485827795,236.2490692138672,33180300,0.0,0.0,GOOGL,USD
2025-10-13 00:00:00-04:00,239.88411429337978,244.16828735447277,239.38479264234815,243.81875610351562,24995000,0.0,0.0,GOOGL,USD
2025-10-14 00:00:00-04:00,240.9027132904423,246.78472157869837,240.1836889124138,245.1169891357422,22111600,0.0,0.0,GOOGL,USD
2025-10-15 00:00:00-04:00,246.91455220927548,251.7679591837619,245.65626715592245,250.68942260742188,27007700,0.0,0.0,GOOGL,USD
2025-10-16 00:00:00-04:00,251.42842769264908,256.6113736152233,249.76069521164578,251.1188507080078,27997200,0.0,0.0,GOOGL,USD
2025-10-17 00:00:00-04:00,250.4197821526697,253.87509458891947,247.4737875390444,252.9563446044922,29671600,0.0,0.0,GOOGL,USD
2025-10-20 00:00:00-04:00,254.3444728441902,256.98087539491434,253.88509020638818,256.2019348144531,22350200,0.0,0.0,GOOGL,USD
2025-10-21 00:00:00-04:00,254.39440086428343,254.53421031738455,243.81875668908756,250.12020874023438,47312100,0.0,0.0,GOOGL,USD
2025-10-22 00:00:00-04:00,254.02489806023604,256.01218852739623,248.95178813355238,251.34854125976562,35029400,0.0,0.0,GOOGL,USD
2025-10-23 00:00:00-04:00,252.63679338694976,254.69399627404513,251.50833675008087,252.73666381835938,19901400,0.0,0.0,GOOGL,USD
2025-10-24 00:00:00-04:00,256.23188733462473,261.32497431611404,254.9736174865258,259.5673828125,28655100,0.0,0.0,GOOGL,USD
2025-10-27 00:00:00-04:00,264.4607188078389,269.7735083332291,263.92144290721717,268.9046630859375,35235200,0.0,0.0,GOOGL,USD
2025-10-28 00:00:00-04:00,269.3241367489819,270.3627344019799,266.1384619149823,267.1071472167969,29738600,0.0,0.0,GOOGL,USD
2025-10-29 00:00:00-04:00,267.38675485794886,274.96645416764926,267.3068768000952,274.197509765625,43580300,0.0,0.0,GOOGL,USD
2025-10-30 00:00:00-04:00,291.1944142933695,291.1944142933695,279.6800575475708,281.09814453125,74876000,0.0,0.0,GOOGL,USD
2025-10-31 00:00:00-04:00,282.82575062167336,285.6119738650845,276.6541425566326,280.8085021972656,39267900,0.0,0.0,GOOGL,USD
2025-11-03 00:00:00-05:00,281.797163766903,285.14262497278366,279.42038779718166,283.3350830078125,29786000,0.0,0.0,GOOGL,USD
2025-11-04 00:00:00-05:00,276.374515458966,280.88837191256465,275.8851900258856,277.1634521484375,30078400,0.0,0.0,GOOGL,USD
2025-11-05 00:00:00-05:00,278.49163374098424,286.0314084420774,276.96371081227676,283.92425537109375,31010300,0.0,0.0,GOOGL,USD
2025-11-06 00:00:00-05:00,284.9428776795432,287.9587999323025,280.7585903155872,284.3636779785156,37173600,0.0,0.0,GOOGL,USD
2025-11-07 00:00:00-05:00,282.8257840870045,283.3950181298404,274.8166751233446,278.45172119140625,34479600,0.0,0.0,GOOGL,USD
2025-11-10 00:00:00-05:00,284.03413439651047,290.40545290698407,282.47622284552773,289.7064208984375,29557300,0.0,0.0,GOOGL,USD
2025-11-11 00:00:00-05:00,287.35962699643375,291.52398321941854,286.9302176656824,290.914794921875,19842100,0.0,0.0,GOOGL,USD
2025-11-12 00:00:00-05:00,291.2842728658537,291.613842224268,283.30512258449664,286.3210144042969,24829900,0.0,0.0,GOOGL,USD
2025-11-13 00:00:00-05:00,281.9569519907634,282.45627365196606,276.8638649512614,278.19207763671875,29494000,0.0,0.0,GOOGL,USD
2025-11-14 00:00:00-05:00,271.04178706348836,278.1820807042813,270.3327588398133,276.0350036621094,31647200,0.0,0.0,GOOGL,USD
2025-11-17 00:00:00-05:00,285.392279437324,293.55120856159544,283.1852862901624,284.63330078125,52670200,0.0,0.0,GOOGL,USD
2025-11-18 00:00:00-05:00,287.52939388700526,288.4081743957296,277.8225797399186,283.8943176269531,49158700,0.0,0.0,GOOGL,USD
2025-11-19 00:00:00-05:00,286.77042153983126,303.39782684502376,286.2411417953812,292.4127502441406,68198900,0.0,0.0,GOOGL,USD
2025-11-20 00:00:00-05:00,304.1268355762142,306.0042898345543,288.2783714658303,289.05731201171875,62025200,0.0,0.0,GOOGL,USD
2025-11-21 00:00:00-05:00,296.0178842040454,303.50770955644725,293.4513634023398,299.25347900390625,74137700,0.0,0.0,GOOGL,USD
2025-11-24 00:00:00-05:00,310.70789188393536,319.0465694557707,309.17996886834777,318.14776611328125,85165100,0.0,0.0,GOOGL,USD
2025-11-25 00:00:00-05:00,325.767421144808,328.3838617048627,317.2190369667809,323.0011901855469,88632100,0.0,0.0,GOOGL,USD
2025-11-26 00:00:00-05:00,320.2449508538883,324.0597758686898,316.36024396458464,319.5159606933594,51373400,0.0,0.0,GOOGL,USD
2025-11-28 00:00:00-05:00,322.9313108653273,326.40660086319315,316.36025071335513,319.7456359863281,26018600,0.0,0.0,GOOGL,USD
2025-12-01 00:00:00-05:00,317.2690150587685,319.41609223758667,313.464186206563,314.46282958984375,41183000,0.0,0.0,GOOGL,USD
2025-12-02 00:00:00-05:00,316.3102616947243,317.948051296999,313.4841146313127,315.38153076171875,35854700,0.0,0.0,GOOGL,USD
2025-12-03 00:00:00-05:00,315.4614340573081,321.1436861691208,313.6738540884245,319.19635009765625,41838300,0.0,0.0,GOOGL,USD
2025-12-04 00:00:00-05:00,321.7928484740126,321.92264650582644,314.27306548179905,317.1890869140625,31240900,0.0,0.0,GOOGL,USD
2025-12-05 00:00:00-05:00,319.05652267664885,322.72155681925386,318.73697999805336,320.8341064453125,28851700,0.0,0.0,GOOGL,USD
2025-12-08 00:00:00-05:00,319.82486263347363,320.21460294317257,311.0010871288888,313.49932861328125,33909400,0.21,0.0,GOOGL,USD
2025-12-09 00:00:00-05:00,312.15025542764414,317.7662971049956,311.6805848338384,316.85693359375,30194000,0.0,0.0,GOOGL,USD
2025-12-10 00:00:00-05:00,315.6078174223929,321.0839735202244,314.45863248382005,319.9847412109375,33428900,0.0,0.0,GOOGL,USD
2025-12-11 00:00:00-05:00,319.85481737290655,320.8940942947929,308.3829128168011,312.210205078125,42353700,0.0,0.0,GOOGL,USD
2025-12-12 00:00:00-05:00,313.47935032153816,314.6485102459599,305.34506149685063,309.07244873046875,35940200,0.0,0.0,GOOGL,USD
2025-12-15 00:00:00-05:00,311.1009991314403,311.2009348824072,304.66552711937686,308.003173828125,29151900,0.0,0.0,GOOGL,USD
2025-12-16 00:00:00-05:00,304.7354841263937,310.5513666605185,302.37712849550337,306.3543395996094,30585000,0.0,0.0,GOOGL,USD
2025-12-17 00:00:00-05:00,307.7933270972379,307.87325739956634,295.9116769824828,296.5112609863281,43930400,0.0,0.0,GOOGL,USD
2025-12-18 00:00:00-05:00,301.50775321966603,303.7461677101471,299.0195145942255,302.2472229003906,33518000,0.0,0.0,GOOGL,USD
2025-12-19 00:00:00-05:00,301.5177661333593,307.03387224107576,300.7582909786616,306.9439392089844,59943200,0.0,0.0,GOOGL,USD
2025-12-22 00:00:00-05:00,309.66200850448513,309.9118326328777,305.0852133945127,309.56207275390625,26429900,0.0,0.0,GOOGL,USD
2025-12-23 00:00:00-05:00,309.41219480947996,314.7184570357758,309.1024153195162,314.1288757324219,25478700,0.0,0.0,GOOGL,USD
2025-12-24 00:00:00-05:00,314.5485634057752,314.8583428959372,311.70059264113144,313.8690490722656,10097400,0.0,0.0,GOOGL,USD
2025-12-26 00:00:00-05:00,314.25877806497726,314.86833429915043,312.0603135401851,313.2894592285156,10899000,0.0,0.0,GOOGL,USD
2025-12-29 00:00:00-05:00,311.15095467052413,313.79908436732376,310.4014822754237,313.33941650390625,19621800,0.0,0.0,GOOGL,USD
2025-12-30 00:00:00-05:00,312.28018544302313,316.72706748217655,312.24020504037514,313.6292419433594,17380900,0.0,0.0,GOOGL,USD
2025-12-31 00:00:00-05:00,312.62992729269524,314.3586907819443,311.22091551782626,312.7798156738281,16377700,0.0,0.0,GOOGL,USD
2026-01-02 00:00:00-05:00,316.67708324131615,322.2731502440002,310.11169732658084,314.9283142089844,32009400,0.0,0.0,GOOGL,USD
2026-01-05 00:00:00-05:00,317.4365596004392,318.79558832967825,314.4086921415047,316.3173522949219,30195600,0.0,0.0,GOOGL,USD
2026-01-06 00:00:00-05:00,316.17741436833177,320.71422913013345,311.5606693028291,314.1188659667969,31212100,0.0,0.0,GOOGL,USD
2026-01-07 00:00:00-05:00,314.13884430323384,325.9205589972494,313.96898096999803,321.7535095214844,35104400,0.0,0.0,GOOGL,USD
2026-01-08 00:00:00-05:00,328.7385750407063,330.0876314322289,321.2738288701313,325.2110595703125,31896100,0.0,0.0,GOOGL,USD
2026-01-09 00:00:00-05:00,326.8598973489763,330.5972566011106,325.5707962902668,328.3388671875,26214200,0.0,0.0,GOOGL,USD
2026-01-12 00:00:00-05:00,325.57079145505844,333.80501545240315,324.77136644379436,331.62652587890625,33923900,0.0,0.0,GOOGL,USD
2026-01-13 00:00:00-05:00,334.7144015630273,340.25048265726696,333.38532003422745,335.7336730957031,33517600,0.0,0.0,GOOGL,USD
2026-01-14 00:00:00-05:00,334.8243096530742,336.2832741209541,330.2475447349911,335.603759765625,28525600,0.0,0.0,GOOGL,USD
2026-01-15 00:00:00-05:00,337.4124676651339,337.4524480652932,330.507324974913,332.5458984375,28442400,0.0,0.0,GOOGL,USD
2026-01-16 00:00:00-05:00,334.1747541117482,334.4145755186536,327.46948297740045,329.7678527832031,40341600,0.0,0.0,GOOGL,USD
2026-01-20 00:00:00-05:00,320.6442885211675,327.49947891315526,320.20459558658575,321.77349853515625,35361000,0.0,0.0,GOOGL,USD
2026-01-21 00:00:00-05:00,320.6942733516965,332.24613943011235,319.12537039479025,328.1490173339844,35386600,0.0,0.0,GOOGL,USD
2026-01-22 00:00:00-05:00,334.2147483456718,334.9142376434696,328.5187457270175,330.3074951171875,26253600,0.0,0.0,GOOGL,USD
2026-01-23 00:00:00-05:00,332.25610013077164,333.45526818914374,327.21966747627397,327.6993103027344,27280000,0.0,0.0,GOOGL,USD
2026-01-26 00:00:00-05:00,327.5793954045391,335.60374537803585,326.7699676491338,333.02557373046875,26042100,0.0,0.0,GOOGL,USD
2026-01-27 00:00:00-05:00,335.1340666902067,337.6722883721735,333.2454121385867,334.31463623046875,21636200,0.0,0.0,GOOGL,USD
2026-01-28 00:00:00-05:00,335.82360375323316,337.30257365930305,331.7065067534381,335.7736511230469,27434400,0.0,0.0,GOOGL,USD
2026-01-29 00:00:00-05:00,340.06060015063264,342.0492210013424,326.3103005061971,338.0120544433594,39785600,0.0,0.0,GOOGL,USD
2026-01-30 00:00:00-05:00,339.76083067041884,339.76083067041884,332.0562627255977,337.7622375488281,31024000,0.0,0.0,GOOGL,USD
2026-02-02 00:00:00-05:00,335.983495554882,344.5874244246442,335.3939142353609,343.4482421875,32006100,0.0,0.0,GOOGL,USD
2026-02-03 00:00:00-05:00,347.09564553860224,348.7544814019383,337.2325938809106,339.47100830078125,36506700,0.0,0.0,GOOGL,USD
2026-02-04 00:00:00-05:00,342.7187296036167,343.0684894885568,328.2888852617291,332.80572509765625,70618400,0.0,0.0,GOOGL,USD
2026-02-05 00:00:00-05:00,312.0003564748562,332.45595718246585,306.24439883874277,331.0169677734375,88205800,0.0,0.0,GOOGL,USD
2026-02-06 00:00:00-05:00,326.94984200428365,330.147603202773,319.694969697787,322.63287353515625,56380500,0.0,0.0,GOOGL,USD
2026-02-09 00:00:00-05:00,320.70422803551696,327.4694850607409,317.03682684844796,324.09185791015625,39640100,0.0,0.0,GOOGL,USD
2026-02-10 00:00:00-05:00,320.7441987510988,321.4437184993816,314.38865715458337,318.3558654785156,39170000,0.0,0.0,GOOGL,USD
2026-02-11 00:00:00-05:00,318.7456164455411,320.8341425405983,309.44216816023624,310.7412414550781,45406400,0.0,0.0,GOOGL,USD
2026-02-12 00:00:00-05:00,311.87044586439265,316.0175203045161,306.9839017615506,308.7826232910156,47761300,0.0,0.0,GOOGL,USD
2026-02-13 00:00:00-05:00,307.5135396808651,308.41290048065196,303.4963480144474,305.50494384765625,38499700,0.0,0.0,GOOGL,USD
2026-02-17 00:00:00-05:00,299.82893803190484,304.22583664461854,296.04159566157676,301.8075256347656,39247600,0.0,0.0,GOOGL,USD
2026-02-18 00:00:00-05:00,301.87748970860525,305.1651838815364,301.0380842700908,303.1166076660156,28482100,0.0,0.0,GOOGL,USD
2026-02-19 00:00:00-05:00,301.6076886754516,305.25511494304027,299.828942056139,302.636962890625,25834400,0.0,0.0,GOOGL,USD
2026-02-20 00:00:00-05:00,304.1059184917761,316.2773425544253,303.68620054308417,314.7584228515625,53210800,0.0,0.0,GOOGL,USD
2026-02-23 00:00:00-05:00,318.82555353627805,319.29522413676915,309.65201848441603,311.2708740234375,31423000,0.0,0.0,GOOGL,USD
2026-02-24 00:00:00-05:00,310.3015673465962,312.05033638585,305.71479964031533,310.6813049316406,25615600,0.0,0.0,GOOGL,USD
2026-02-25 00:00:00-05:00,311.84046520002283,313.4193707572093,309.22231323387047,312.67987060546875,29963600,0.0,0.0,GOOGL,USD
2026-02-26 00:00:00-05:00,312.42009761480955,312.9197459051382,302.1373272609355,307.1637878417969,36431200,0.0,0.0,GOOGL,USD
2026-02-27 00:00:00-05:00,303.92607541564644,312.1502667227519,303.5862877430576,311.54071044921875,44640600,0.0,0.0,GOOGL,USD
2026-03-02 00:00:00-05:00,303.0166882830762,308.27296712894787,301.088022863519,306.3043518066406,34790200,0.0,0.0,GOOGL,USD
2026-03-03 00:00:00-05:00,298.37994467731505,303.72618716624237,296.5012623376298,303.3664245605469,35497000,0.0,0.0,GOOGL,USD
2026-03-04 00:00:00-05:00,302.6769571429086,305.2551289128473,300.5384478137644,302.9167785644531,29536200,0.0,0.0,GOOGL,USD
2026-03-05 00:00:00-05:00,302.82681905445145,303.08661540637286,297.78035344585857,300.6683349609375,35752300,0.0,0.0,GOOGL,USD
2026-03-06 00:00:00-05:00,295.88171424137005,300.31859339921897,294.97235071392555,298.30999755859375,25576900,0.0,0.0,GOOGL,USD
2026-03-09 00:00:00-04:00,294.3599853515625,306.79998779296875,294.0799865722656,306.3599853515625,29312100,0.21,0.0,GOOGL,USD
2026-03-10 00:00:00-04:00,306.1700134277344,309.510009765625,305.57000732421875,307.0400085449219,23239700,0.0,0.0,GOOGL,USD
2026-03-11 00:00:00-04:00,306.75,311.4200134277344,305.9200134277344,308.70001220703125,24125700,0.0,0.0,GOOGL,USD
2026-03-12 00:00:00-04:00,306.82000732421875,308.94000244140625,301.0299987792969,303.54998779296875,24928300,0.0,0.0,GOOGL,USD
2026-03-13 00:00:00-04:00,307.010009765625,307.69000244140625,300.44000244140625,302.2799987792969,23693100,0.0,0.0,GOOGL,USD
2026-03-16 00:00:00-04:00,304.3500061035156,306.489990234375,303.0199890136719,305.55999755859375,23519700,0.0,0.0,GOOGL,USD
2026-03-17 00:00:00-04:00,305.8599853515625,311.4200134277344,305.5,310.9200134277344,21955200,0.0,0.0,GOOGL,USD
2026-03-18 00:00:00-04:00,309.2699890136719,312.4700012207031,306.92999267578125,307.69000244140625,20009800,0.0,0.0,GOOGL,USD
2026-03-19 00:00:00-04:00,304.010009765625,308.05999755859375,302.3500061035156,307.1300048828125,25075800,0.0,0.0,GOOGL,USD
2026-03-20 00:00:00-04:00,305.4599914550781,306.0,298.2699890136719,301.0,44364100,0.0,0.0,GOOGL,USD
2026-03-23 00:00:00-04:00,302.1099853515625,305.9800109863281,300.92999267578125,302.05999755859375,29326900,0.0,0.0,GOOGL,USD
2026-03-24 00:00:00-04:00,299.20001220703125,299.9200134277344,290.3299865722656,290.44000244140625,36864300,0.0,0.0,GOOGL,USD
2026-03-25 00:00:00-04:00,293.44000244140625,296.0,289.239990234375,290.92999267578125,29460700,0.0,0.0,GOOGL,USD
2026-03-26 00:00:00-04:00,287.9100036621094,287.95001220703125,278.5,280.9200134277344,39080600,0.0,0.0,GOOGL,USD
2026-03-27 00:00:00-04:00,277.2799987792969,279.3699951171875,273.95001220703125,274.3399963378906,35890600,0.0,0.0,GOOGL,USD
2026-03-30 00:00:00-04:00,276.4200134277344,277.0899963378906,272.1099853515625,273.5,35141200,0.0,0.0,GOOGL,USD
2026-03-31 00:00:00-04:00,278.0400085449219,288.0799865722656,277.0899963378906,287.55999755859375,43875400,0.0,0.0,GOOGL,USD
2026-04-01 00:00:00-04:00,290.8399963378906,300.5199890136719,290.4100036621094,297.3900146484375,37684500,0.0,0.0,GOOGL,USD
2026-04-02 00:00:00-04:00,290.69000244140625,298.0799865722656,289.45001220703125,295.7699890136719,21666500,0.0,0.0,GOOGL,USD
2026-04-06 00:00:00-04:00,295.8699951171875,300.6199951171875,295.17999267578125,299.989990234375,16945500,0.0,0.0,GOOGL,USD
2026-04-07 00:00:00-04:00,302.7300109863281,305.6300048828125,297.7200012207031,305.4599914550781,23205400,0.0,0.0,GOOGL,USD
2026-04-08 00:00:00-04:00,320.45001220703125,322.0799865722656,315.0199890136719,317.32000732421875,33547100,0.0,0.0,GOOGL,USD
2026-04-09 00:00:00-04:00,315.9100036621094,319.5400085449219,311.05999755859375,318.489990234375,23739200,0.0,0.0,GOOGL,USD
2026-04-10 00:00:00-04:00,320.0199890136719,321.8299865722656,316.32000732421875,317.239990234375,19152600,0.0,0.0,GOOGL,USD
2026-04-13 00:00:00-04:00,317.1400146484375,321.6300048828125,315.4700012207031,321.30999755859375,18866400,0.0,0.0,GOOGL,USD
2026-04-14 00:00:00-04:00,324.7900085449219,333.2900085449219,323.75,332.9100036621094,27721400,0.0,0.0,GOOGL,USD
2026-04-15 00:00:00-04:00,332.8900146484375,337.4800109863281,330.8999938964844,337.1199951171875,24918800,0.0,0.0,GOOGL,USD
2026-04-16 00:00:00-04:00,338.75,339.8800048828125,334.5199890136719,336.0199890136719,20541500,0.0,0.0,GOOGL,USD
2026-04-17 00:00:00-04:00,337.6499938964844,342.32000732421875,336.239990234375,341.67999267578125,25581900,0.0,0.0,GOOGL,USD
2026-04-20 00:00:00-04:00,340.760009765625,341.3999938964844,336.6099853515625,337.4200134277344,18784200,0.0,0.0,GOOGL,USD
2026-04-21 00:00:00-04:00,337.69000244140625,339.3399963378906,331.3500061035156,332.2900085449219,23123800,0.0,0.0,GOOGL,USD
2026-04-22 00:00:00-04:00,337.0199890136719,339.82000732421875,335.1700134277344,339.32000732421875,20293000,0.0,0.0,GOOGL,USD
2026-04-23 00:00:00-04:00,341.17999267578125,341.9599914550781,336.17999267578125,338.8900146484375,18650300,0.0,0.0,GOOGL,USD
2026-04-24 00:00:00-04:00,338.7300109863281,345.2699890136719,335.3900146484375,344.3999938964844,26426100,0.0,0.0,GOOGL,USD
2026-04-27 00:00:00-04:00,345.9800109863281,353.17999267578125,342.7300109863281,350.3399963378906,28576900,0.0,0.0,GOOGL,USD
2026-04-28 00:00:00-04:00,348.54998779296875,352.4200134277344,346.1199951171875,349.7799987792969,27824100,0.0,0.0,GOOGL,USD
2026-04-29 00:00:00-04:00,347.57000732421875,355.7900085449219,344.2099914550781,349.94000244140625,35376300,0.0,0.0,GOOGL,USD
2026-04-30 00:00:00-04:00,374.07000732421875,385.8399963378906,365.82000732421875,384.79998779296875,72040000,0.0,0.0,GOOGL,USD
2026-05-01 00:00:00-04:00,381.6300048828125,386.760009765625,379.04998779296875,385.69000244140625,30105200,0.0,0.0,GOOGL,USD
2026-05-04 00:00:00-04:00,385.6300048828125,387.3800048828125,379.7900085449219,383.25,26298600,0.0,0.0,GOOGL,USD
2026-05-05 00:00:00-04:00,386.2300109863281,392.82000732421875,384.0199890136719,388.42999267578125,23878600,0.0,0.0,GOOGL,USD
2026-05-06 00:00:00-04:00,394.25,399.8500061035156,392.760009765625,398.0400085449219,31308500,0.0,0.0,GOOGL,USD
2026-05-07 00:00:00-04:00,399.9200134277344,400.1000061035156,392.67999267578125,397.989990234375,24433500,0.0,0.0,GOOGL,USD
2026-05-08 00:00:00-04:00,397.0,402.0,396.3599853515625,400.79998779296875,21461800,0.0,0.0,GOOGL,USD
2026-05-11 00:00:00-04:00,393.6499938964844,397.44000244140625,388.4700012207031,388.6400146484375,30753700,0.0,0.0,GOOGL,USD
2026-05-12 00:00:00-04:00,387.3399963378906,388.5199890136719,382.7699890136719,387.3500061035156,26017500,0.0,0.0,GOOGL,USD
2026-05-13 00:00:00-04:00,385.6000061035156,403.70001220703125,385.0,402.6199951171875,28144600,0.0,0.0,GOOGL,USD
2026-05-14 00:00:00-04:00,397.2799987792969,402.92999267578125,395.8399963378906,401.07000732421875,21136700,0.0,0.0,GOOGL,USD
2026-05-15 00:00:00-04:00,396.32000732421875,399.5400085449219,393.17999267578125,396.7799987792969,20309700,0.0,0.0,GOOGL,USD
2026-05-18 00:00:00-04:00,395.69000244140625,408.6099853515625,394.5299987792969,396.94000244140625,26837200,0.0,0.0,GOOGL,USD
2026-05-19 00:00:00-04:00,396.9599914550781,397.1499938964844,386.1099853515625,387.6600036621094,39545700,0.0,0.0,GOOGL,USD
2026-05-20 00:00:00-04:00,387.70001220703125,393.8599853515625,382.8999938964844,388.9100036621094,31744400,0.0,0.0,GOOGL,USD
2026-05-21 00:00:00-04:00,385.70001220703125,392.5,383.0199890136719,387.6600036621094,24852800,0.0,0.0,GOOGL,USD
2026-05-22 00:00:00-04:00,387.3500061035156,388.739990234375,381.7699890136719,382.9700012207031,20442100,0.0,0.0,GOOGL,USD
2026-05-26 00:00:00-04:00,384.510009765625,389.260009765625,382.6000061035156,388.8800048828125,27747400,0.0,0.0,GOOGL,USD
2026-05-27 00:00:00-04:00,386.6700134277344,393.8800048828125,385.8999938964844,388.8299865722656,23087300,0.0,0.0,GOOGL,USD
2026-05-28 00:00:00-04:00,388.0,391.8699951171875,385.1600036621094,390.1300048828125,24357500,0.0,0.0,GOOGL,USD
2026-05-29 00:00:00-04:00,385.239990234375,385.239990234375,378.4599914550781,380.3399963378906,44415800,0.0,0.0,GOOGL,USD
2026-06-01 00:00:00-04:00,376.5199890136719,378.55999755859375,373.5199890136719,376.3699951171875,28672100,0.0,0.0,GOOGL,USD
2026-06-02 00:00:00-04:00,366.5899963378906,373.5400085449219,358.44000244140625,361.8500061035156,50412300,0.0,0.0,GOOGL,USD
2026-06-03 00:00:00-04:00,362.0299987792969,366.45001220703125,358.0799865722656,358.989990234375,55441600,0.0,0.0,GOOGL,USD
2026-06-04 00:00:00-04:00,358.8999938964844,373.25,358.2099914550781,372.19000244140625,44055500,0.0,0.0,GOOGL,USD
2026-06-05 00:00:00-04:00,366.3399963378906,372.0799865722656,364.1206970214844,368.5299987792969,36603927,0.0,0.0,GOOGL,USD
2025-06-06 00:00:00-04:00,212.39999389648438,213.8699951171875,210.5,213.57000732421875,39832500,0.0,0.0,AMZN,USD
2025-06-09 00:00:00-04:00,214.75,217.85000610351562,212.8800048828125,216.97999572753906,38102500,0.0,0.0,AMZN,USD
2025-06-10 00:00:00-04:00,216.77999877929688,217.69000244140625,214.14999389648438,217.61000061035156,31303300,0.0,0.0,AMZN,USD
2025-06-11 00:00:00-04:00,217.41000366210938,218.39999389648438,212.88999938964844,213.1999969482422,39326000,0.0,0.0,AMZN,USD
2025-06-12 00:00:00-04:00,211.77999877929688,213.5800018310547,211.3300018310547,213.24000549316406,27640000,0.0,0.0,AMZN,USD
2025-06-13 00:00:00-04:00,209.9600067138672,214.0500030517578,209.6199951171875,212.10000610351562,29337800,0.0,0.0,AMZN,USD
2025-06-16 00:00:00-04:00,212.30999755859375,217.05999755859375,211.60000610351562,216.10000610351562,33284200,0.0,0.0,AMZN,USD
2025-06-17 00:00:00-04:00,215.1999969482422,217.41000366210938,214.55999755859375,214.82000732421875,32086300,0.0,0.0,AMZN,USD
2025-06-18 00:00:00-04:00,215.08999633789062,217.9600067138672,212.33999633789062,212.52000427246094,44360500,0.0,0.0,AMZN,USD
2025-06-20 00:00:00-04:00,214.67999267578125,214.88999938964844,208.27000427246094,209.69000244140625,75350700,0.0,0.0,AMZN,USD
2025-06-23 00:00:00-04:00,209.7899932861328,210.38999938964844,207.30999755859375,208.47000122070312,37311700,0.0,0.0,AMZN,USD
2025-06-24 00:00:00-04:00,212.13999938964844,214.33999633789062,211.0500030517578,212.77000427246094,38378800,0.0,0.0,AMZN,USD
2025-06-25 00:00:00-04:00,214.6199951171875,216.02999877929688,211.11000061035156,211.99000549316406,31755700,0.0,0.0,AMZN,USD
2025-06-26 00:00:00-04:00,213.1199951171875,218.0399932861328,212.00999450683594,217.1199951171875,50480800,0.0,0.0,AMZN,USD
2025-06-27 00:00:00-04:00,219.9199981689453,223.3000030517578,216.74000549316406,223.3000030517578,119217100,0.0,0.0,AMZN,USD
2025-06-30 00:00:00-04:00,223.52000427246094,223.82000732421875,219.1199951171875,219.38999938964844,58887800,0.0,0.0,AMZN,USD
2025-07-01 00:00:00-04:00,219.5,221.8800048828125,217.92999267578125,220.4600067138672,39256800,0.0,0.0,AMZN,USD
2025-07-02 00:00:00-04:00,219.72999572753906,221.60000610351562,219.05999755859375,219.9199981689453,30894200,0.0,0.0,AMZN,USD
2025-07-03 00:00:00-04:00,221.82000732421875,224.00999450683594,221.36000061035156,223.41000366210938,29632400,0.0,0.0,AMZN,USD
2025-07-07 00:00:00-04:00,223.0,224.2899932861328,222.3699951171875,223.47000122070312,36604100,0.0,0.0,AMZN,USD
2025-07-08 00:00:00-04:00,223.9199981689453,224.0,218.42999267578125,219.36000061035156,45692000,0.0,0.0,AMZN,USD
2025-07-09 00:00:00-04:00,221.07000732421875,224.2899932861328,220.47000122070312,222.5399932861328,38155100,0.0,0.0,AMZN,USD
2025-07-10 00:00:00-04:00,221.5500030517578,222.7899932861328,219.6999969482422,222.25999450683594,30370600,0.0,0.0,AMZN,USD
2025-07-11 00:00:00-04:00,223.5800018310547,226.67999267578125,222.3699951171875,225.02000427246094,50518300,0.0,0.0,AMZN,USD
2025-07-14 00:00:00-04:00,225.07000732421875,226.66000366210938,224.24000549316406,225.69000244140625,35702600,0.0,0.0,AMZN,USD
2025-07-15 00:00:00-04:00,226.1999969482422,227.27000427246094,225.4600067138672,226.35000610351562,34907300,0.0,0.0,AMZN,USD
2025-07-16 00:00:00-04:00,225.8800048828125,226.10000610351562,222.17999267578125,223.19000244140625,39535900,0.0,0.0,AMZN,USD
2025-07-17 00:00:00-04:00,223.32000732421875,224.5,222.50999450683594,223.8800048828125,31855800,0.0,0.0,AMZN,USD
2025-07-18 00:00:00-04:00,225.13999938964844,226.39999389648438,222.97999572753906,226.1300048828125,37833800,0.0,0.0,AMZN,USD
2025-07-21 00:00:00-04:00,225.83999633789062,229.69000244140625,225.64999389648438,229.3000030517578,40297600,0.0,0.0,AMZN,USD
2025-07-22 00:00:00-04:00,229.67999267578125,230.0,226.35000610351562,227.47000122070312,37483700,0.0,0.0,AMZN,USD
2025-07-23 00:00:00-04:00,228.47000122070312,228.7899932861328,227.08999633789062,228.2899932861328,28294900,0.0,0.0,AMZN,USD
2025-07-24 00:00:00-04:00,229.1699981689453,236.0,228.63999938964844,232.22999572753906,42902300,0.0,0.0,AMZN,USD
2025-07-25 00:00:00-04:00,232.22000122070312,232.47999572753906,231.17999267578125,231.44000244140625,28712100,0.0,0.0,AMZN,USD
2025-07-28 00:00:00-04:00,233.35000610351562,234.2899932861328,232.25,232.7899932861328,26300100,0.0,0.0,AMZN,USD
2025-07-29 00:00:00-04:00,234.14999389648438,234.72000122070312,230.30999755859375,231.00999450683594,33716200,0.0,0.0,AMZN,USD
2025-07-30 00:00:00-04:00,231.63999938964844,231.8000030517578,229.2899932861328,230.19000244140625,32993300,0.0,0.0,AMZN,USD
2025-07-31 00:00:00-04:00,235.77000427246094,236.52999877929688,231.39999389648438,234.11000061035156,104357300,0.0,0.0,AMZN,USD
2025-08-01 00:00:00-04:00,217.2100067138672,220.44000244140625,212.8000030517578,214.75,122258800,0.0,0.0,AMZN,USD
2025-08-04 00:00:00-04:00,217.39999389648438,217.44000244140625,211.4199981689453,211.64999389648438,77890100,0.0,0.0,AMZN,USD
2025-08-05 00:00:00-04:00,213.0500030517578,216.3000030517578,212.8699951171875,213.75,51505100,0.0,0.0,AMZN,USD
2025-08-06 00:00:00-04:00,214.6999969482422,222.64999389648438,213.74000549316406,222.30999755859375,54823000,0.0,0.0,AMZN,USD
2025-08-07 00:00:00-04:00,221.0,226.22000122070312,220.82000732421875,223.1300048828125,40603500,0.0,0.0,AMZN,USD
2025-08-08 00:00:00-04:00,223.13999938964844,223.8000030517578,221.8800048828125,222.69000244140625,32970500,0.0,0.0,AMZN,USD
2025-08-11 00:00:00-04:00,221.77999877929688,223.0500030517578,220.39999389648438,221.3000030517578,31646200,0.0,0.0,AMZN,USD
2025-08-12 00:00:00-04:00,222.22999572753906,223.5,219.0500030517578,221.47000122070312,37185800,0.0,0.0,AMZN,USD
2025-08-13 00:00:00-04:00,222.0,224.9199981689453,222.0,224.55999755859375,36508300,0.0,0.0,AMZN,USD
2025-08-14 00:00:00-04:00,227.39999389648438,233.11000061035156,227.02000427246094,230.97999572753906,61545800,0.0,0.0,AMZN,USD
2025-08-15 00:00:00-04:00,232.5800018310547,234.0800018310547,229.80999755859375,231.02999877929688,39649200,0.0,0.0,AMZN,USD
2025-08-18 00:00:00-04:00,230.22999572753906,231.91000366210938,228.3300018310547,231.49000549316406,25248900,0.0,0.0,AMZN,USD
2025-08-19 00:00:00-04:00,230.08999633789062,230.52999877929688,227.1199951171875,228.00999450683594,29891000,0.0,0.0,AMZN,USD
2025-08-20 00:00:00-04:00,227.1199951171875,227.27000427246094,220.9199981689453,223.80999755859375,36604300,0.0,0.0,AMZN,USD
2025-08-21 00:00:00-04:00,222.64999389648438,222.77999877929688,220.5,221.9499969482422,32140500,0.0,0.0,AMZN,USD
2025-08-22 00:00:00-04:00,222.7899932861328,229.13999938964844,220.82000732421875,228.83999633789062,37315300,0.0,0.0,AMZN,USD
2025-08-25 00:00:00-04:00,227.35000610351562,229.60000610351562,227.30999755859375,227.94000244140625,22633700,0.0,0.0,AMZN,USD
2025-08-26 00:00:00-04:00,227.11000061035156,229.0,226.02000427246094,228.7100067138672,26105400,0.0,0.0,AMZN,USD
2025-08-27 00:00:00-04:00,228.57000732421875,229.8699951171875,227.80999755859375,229.1199951171875,21254500,0.0,0.0,AMZN,USD
2025-08-28 00:00:00-04:00,229.00999450683594,232.7100067138672,228.02000427246094,231.60000610351562,33679600,0.0,0.0,AMZN,USD
2025-08-29 00:00:00-04:00,231.32000732421875,231.80999755859375,228.16000366210938,229.0,26199200,0.0,0.0,AMZN,USD
2025-09-02 00:00:00-04:00,223.52000427246094,226.1699981689453,221.8300018310547,225.33999633789062,38843900,0.0,0.0,AMZN,USD
2025-09-03 00:00:00-04:00,225.2100067138672,227.1699981689453,224.36000061035156,225.99000549316406,29223100,0.0,0.0,AMZN,USD
2025-09-04 00:00:00-04:00,231.19000244140625,235.77000427246094,230.77999877929688,235.67999267578125,59391800,0.0,0.0,AMZN,USD
2025-09-05 00:00:00-04:00,235.19000244140625,236.0,231.92999267578125,232.3300018310547,36721800,0.0,0.0,AMZN,USD
2025-09-08 00:00:00-04:00,234.94000244140625,237.60000610351562,233.75,235.83999633789062,33947100,0.0,0.0,AMZN,USD
2025-09-09 00:00:00-04:00,236.36000061035156,238.85000610351562,235.0800018310547,238.24000549316406,27033800,0.0,0.0,AMZN,USD
2025-09-10 00:00:00-04:00,237.52000427246094,237.67999267578125,229.10000610351562,230.3300018310547,60907700,0.0,0.0,AMZN,USD
2025-09-11 00:00:00-04:00,231.49000549316406,231.52999877929688,229.33999633789062,229.9499969482422,37485600,0.0,0.0,AMZN,USD
2025-09-12 00:00:00-04:00,230.35000610351562,230.7899932861328,226.2899932861328,228.14999389648438,38496200,0.0,0.0,AMZN,USD
2025-09-15 00:00:00-04:00,230.6300048828125,233.72999572753906,230.32000732421875,231.42999267578125,33243300,0.0,0.0,AMZN,USD
2025-09-16 00:00:00-04:00,232.94000244140625,235.89999389648438,232.22999572753906,234.0500030517578,38203900,0.0,0.0,AMZN,USD
2025-09-17 00:00:00-04:00,233.77000427246094,234.3000030517578,228.7100067138672,231.6199951171875,42815200,0.0,0.0,AMZN,USD
2025-09-18 00:00:00-04:00,232.5,233.47999572753906,228.7899932861328,231.22999572753906,37931700,0.0,0.0,AMZN,USD
2025-09-19 00:00:00-04:00,232.3699951171875,234.16000366210938,229.6999969482422,231.47999572753906,97943200,0.0,0.0,AMZN,USD
2025-09-22 00:00:00-04:00,230.55999755859375,230.57000732421875,227.50999450683594,227.6300048828125,45914500,0.0,0.0,AMZN,USD
2025-09-23 00:00:00-04:00,227.8300018310547,227.86000061035156,220.07000732421875,220.7100067138672,70956200,0.0,0.0,AMZN,USD
2025-09-24 00:00:00-04:00,224.14999389648438,224.55999755859375,219.4499969482422,220.2100067138672,49509000,0.0,0.0,AMZN,USD
2025-09-25 00:00:00-04:00,220.05999755859375,220.6699981689453,216.47000122070312,218.14999389648438,52226300,0.0,0.0,AMZN,USD
2025-09-26 00:00:00-04:00,219.0800018310547,221.0500030517578,218.02000427246094,219.77999877929688,41650100,0.0,0.0,AMZN,USD
2025-09-29 00:00:00-04:00,220.0800018310547,222.60000610351562,219.3000030517578,222.1699981689453,44259200,0.0,0.0,AMZN,USD
2025-09-30 00:00:00-04:00,222.02999877929688,222.24000549316406,217.88999938964844,219.57000732421875,48396400,0.0,0.0,AMZN,USD
2025-10-01 00:00:00-04:00,217.36000061035156,222.14999389648438,216.61000061035156,220.6300048828125,43933800,0.0,0.0,AMZN,USD
2025-10-02 00:00:00-04:00,221.00999450683594,222.80999755859375,218.9499969482422,222.41000366210938,41258600,0.0,0.0,AMZN,USD
2025-10-03 00:00:00-04:00,223.44000244140625,224.1999969482422,219.33999633789062,219.50999450683594,43639000,0.0,0.0,AMZN,USD
2025-10-06 00:00:00-04:00,221.0,221.72999572753906,216.02999877929688,220.89999389648438,43690900,0.0,0.0,AMZN,USD
2025-10-07 00:00:00-04:00,220.8800048828125,222.88999938964844,220.1699981689453,221.77999877929688,31194700,0.0,0.0,AMZN,USD
2025-10-08 00:00:00-04:00,222.9199981689453,226.72999572753906,221.19000244140625,225.22000122070312,46686000,0.0,0.0,AMZN,USD
2025-10-09 00:00:00-04:00,225.0,228.2100067138672,221.75,227.74000549316406,46412100,0.0,0.0,AMZN,USD
2025-10-10 00:00:00-04:00,226.2100067138672,228.25,216.0,216.3699951171875,72367500,0.0,0.0,AMZN,USD
2025-10-13 00:00:00-04:00,217.6999969482422,220.67999267578125,217.0399932861328,220.07000732421875,37809700,0.0,0.0,AMZN,USD
2025-10-14 00:00:00-04:00,215.55999755859375,219.32000732421875,212.60000610351562,216.38999938964844,45665600,0.0,0.0,AMZN,USD
2025-10-15 00:00:00-04:00,216.6199951171875,217.7100067138672,212.66000366210938,215.57000732421875,45909500,0.0,0.0,AMZN,USD
2025-10-16 00:00:00-04:00,215.6699981689453,218.58999633789062,212.80999755859375,214.47000122070312,42414600,0.0,0.0,AMZN,USD
2025-10-17 00:00:00-04:00,214.55999755859375,214.8000030517578,211.02999877929688,213.0399932861328,45986900,0.0,0.0,AMZN,USD
2025-10-20 00:00:00-04:00,213.8800048828125,216.69000244140625,213.58999633789062,216.47999572753906,38882800,0.0,0.0,AMZN,USD
2025-10-21 00:00:00-04:00,218.42999267578125,223.32000732421875,217.99000549316406,222.02999877929688,50494600,0.0,0.0,AMZN,USD
2025-10-22 00:00:00-04:00,219.3000030517578,220.00999450683594,216.52000427246094,217.9499969482422,44308500,0.0,0.0,AMZN,USD
2025-10-23 00:00:00-04:00,219.0,221.3000030517578,218.17999267578125,221.08999633789062,31540000,0.0,0.0,AMZN,USD
2025-10-24 00:00:00-04:00,221.97000122070312,225.39999389648438,221.89999389648438,224.2100067138672,38685100,0.0,0.0,AMZN,USD
2025-10-27 00:00:00-04:00,227.66000366210938,228.39999389648438,225.5399932861328,226.97000122070312,38267000,0.0,0.0,AMZN,USD
2025-10-28 00:00:00-04:00,228.22000122070312,231.49000549316406,226.2100067138672,229.25,47100000,0.0,0.0,AMZN,USD
2025-10-29 00:00:00-04:00,231.6699981689453,232.82000732421875,227.75999450683594,230.3000030517578,52036200,0.0,0.0,AMZN,USD
2025-10-30 00:00:00-04:00,227.05999755859375,228.44000244140625,222.75,222.86000061035156,102252900,0.0,0.0,AMZN,USD
2025-10-31 00:00:00-04:00,250.10000610351562,250.5,243.97999572753906,244.22000122070312,166340800,0.0,0.0,AMZN,USD
2025-11-03 00:00:00-05:00,255.36000061035156,258.6000061035156,252.89999389648438,254.0,95997800,0.0,0.0,AMZN,USD
2025-11-04 00:00:00-05:00,250.3800048828125,257.010009765625,248.66000366210938,249.32000732421875,51546300,0.0,0.0,AMZN,USD
2025-11-05 00:00:00-05:00,249.02999877929688,251.0,246.16000366210938,250.1999969482422,40610700,0.0,0.0,AMZN,USD
2025-11-06 00:00:00-05:00,249.16000366210938,250.3800048828125,242.1699981689453,243.0399932861328,46004200,0.0,0.0,AMZN,USD
2025-11-07 00:00:00-05:00,242.89999389648438,244.89999389648438,238.49000549316406,244.41000366210938,46374300,0.0,0.0,AMZN,USD
2025-11-10 00:00:00-05:00,248.33999633789062,251.75,245.58999633789062,248.39999389648438,36476500,0.0,0.0,AMZN,USD
2025-11-11 00:00:00-05:00,248.41000366210938,249.75,247.22999572753906,249.10000610351562,23564100,0.0,0.0,AMZN,USD
2025-11-12 00:00:00-05:00,250.24000549316406,250.3699951171875,243.75,244.1999969482422,31190100,0.0,0.0,AMZN,USD
2025-11-13 00:00:00-05:00,243.0500030517578,243.75,236.5,237.5800018310547,41401700,0.0,0.0,AMZN,USD
2025-11-14 00:00:00-05:00,235.05999755859375,238.72999572753906,232.88999938964844,234.69000244140625,38956700,0.0,0.0,AMZN,USD
2025-11-17 00:00:00-05:00,233.25,234.60000610351562,229.19000244140625,232.8699951171875,59919000,0.0,0.0,AMZN,USD
2025-11-18 00:00:00-05:00,228.10000610351562,230.1999969482422,222.4199981689453,222.5500030517578,60608400,0.0,0.0,AMZN,USD
2025-11-19 00:00:00-05:00,223.74000549316406,223.74000549316406,218.52000427246094,222.69000244140625,58335600,0.0,0.0,AMZN,USD
2025-11-20 00:00:00-05:00,227.0500030517578,227.41000366210938,216.74000549316406,217.13999938964844,50309000,0.0,0.0,AMZN,USD
2025-11-21 00:00:00-05:00,216.35000610351562,222.2100067138672,215.17999267578125,220.69000244140625,68490500,0.0,0.0,AMZN,USD
2025-11-24 00:00:00-05:00,222.55999755859375,227.3300018310547,222.27000427246094,226.27999877929688,54318400,0.0,0.0,AMZN,USD
2025-11-25 00:00:00-05:00,226.3800048828125,230.52000427246094,223.8000030517578,229.6699981689453,39379300,0.0,0.0,AMZN,USD
2025-11-26 00:00:00-05:00,230.74000549316406,231.75,228.77000427246094,229.16000366210938,38497900,0.0,0.0,AMZN,USD
2025-11-28 00:00:00-05:00,231.24000549316406,233.2899932861328,230.22000122070312,233.22000122070312,20292300,0.0,0.0,AMZN,USD
2025-12-01 00:00:00-05:00,233.22000122070312,235.8000030517578,232.25,233.8800048828125,42904000,0.0,0.0,AMZN,USD
2025-12-02 00:00:00-05:00,235.00999450683594,238.97000122070312,233.5500030517578,234.4199981689453,45785400,0.0,0.0,AMZN,USD
2025-12-03 00:00:00-05:00,233.35000610351562,233.3800048828125,230.61000061035156,232.3800048828125,35495100,0.0,0.0,AMZN,USD
2025-12-04 00:00:00-05:00,232.77000427246094,233.5,226.8000030517578,229.11000061035156,45683200,0.0,0.0,AMZN,USD
2025-12-05 00:00:00-05:00,230.32000732421875,231.24000549316406,228.5500030517578,229.52999877929688,33117400,0.0,0.0,AMZN,USD
2025-12-08 00:00:00-05:00,229.58999633789062,230.8300018310547,226.27000427246094,226.88999938964844,35019200,0.0,0.0,AMZN,USD
2025-12-09 00:00:00-05:00,226.83999633789062,228.57000732421875,225.11000061035156,227.9199981689453,25841700,0.0,0.0,AMZN,USD
2025-12-10 00:00:00-05:00,228.80999755859375,232.4199981689453,228.4600067138672,231.77999877929688,38790700,0.0,0.0,AMZN,USD
2025-12-11 00:00:00-05:00,230.7100067138672,232.11000061035156,228.69000244140625,230.27999877929688,28249600,0.0,0.0,AMZN,USD
2025-12-12 00:00:00-05:00,229.8699951171875,230.0800018310547,225.1199951171875,226.19000244140625,35639100,0.0,0.0,AMZN,USD
2025-12-15 00:00:00-05:00,227.92999267578125,227.92999267578125,221.5,222.5399932861328,47286100,0.0,0.0,AMZN,USD
2025-12-16 00:00:00-05:00,223.0399932861328,223.66000366210938,221.1300048828125,222.55999755859375,39298900,0.0,0.0,AMZN,USD
2025-12-17 00:00:00-05:00,224.66000366210938,225.19000244140625,220.99000549316406,221.27000427246094,44034400,0.0,0.0,AMZN,USD
2025-12-18 00:00:00-05:00,225.7100067138672,229.22999572753906,224.41000366210938,226.75999450683594,50272400,0.0,0.0,AMZN,USD
2025-12-19 00:00:00-05:00,226.75999450683594,229.1300048828125,225.5800018310547,227.35000610351562,85544400,0.0,0.0,AMZN,USD
2025-12-22 00:00:00-05:00,228.61000061035156,229.47999572753906,226.7100067138672,228.42999267578125,32261300,0.0,0.0,AMZN,USD
2025-12-23 00:00:00-05:00,229.05999755859375,232.4499969482422,228.72999572753906,232.13999938964844,29230200,0.0,0.0,AMZN,USD
2025-12-24 00:00:00-05:00,232.1300048828125,232.9499969482422,231.3300018310547,232.3800048828125,11420500,0.0,0.0,AMZN,USD
2025-12-26 00:00:00-05:00,232.0399932861328,232.99000549316406,231.17999267578125,232.52000427246094,15994700,0.0,0.0,AMZN,USD
2025-12-29 00:00:00-05:00,231.94000244140625,232.60000610351562,230.77000427246094,232.07000732421875,19797900,0.0,0.0,AMZN,USD
2025-12-30 00:00:00-05:00,231.2100067138672,232.77000427246094,230.1999969482422,232.52999877929688,21910500,0.0,0.0,AMZN,USD
2025-12-31 00:00:00-05:00,232.91000366210938,232.99000549316406,230.1199951171875,230.82000732421875,24383700,0.0,0.0,AMZN,USD
2026-01-02 00:00:00-05:00,231.33999633789062,235.4600067138672,224.6999969482422,226.5,51456200,0.0,0.0,AMZN,USD
2026-01-05 00:00:00-05:00,228.83999633789062,234.0,227.17999267578125,233.05999755859375,49733300,0.0,0.0,AMZN,USD
2026-01-06 00:00:00-05:00,232.10000610351562,243.17999267578125,232.07000732421875,240.92999267578125,53764700,0.0,0.0,AMZN,USD
2026-01-07 00:00:00-05:00,239.61000061035156,245.2899932861328,239.52000427246094,241.55999755859375,42236500,0.0,0.0,AMZN,USD
2026-01-08 00:00:00-05:00,243.05999755859375,246.41000366210938,241.8800048828125,246.2899932861328,39509800,0.0,0.0,AMZN,USD
2026-01-09 00:00:00-05:00,244.57000732421875,247.86000061035156,242.24000549316406,247.3800048828125,34560000,0.0,0.0,AMZN,USD
2026-01-12 00:00:00-05:00,246.72999572753906,248.94000244140625,245.9600067138672,246.47000122070312,35867800,0.0,0.0,AMZN,USD
2026-01-13 00:00:00-05:00,246.52999877929688,247.66000366210938,240.25,242.60000610351562,38371800,0.0,0.0,AMZN,USD
2026-01-14 00:00:00-05:00,241.14999389648438,241.27999877929688,236.22000122070312,236.64999389648438,41410600,0.0,0.0,AMZN,USD
2026-01-15 00:00:00-05:00,239.30999755859375,240.64999389648438,236.6300048828125,238.17999267578125,43003600,0.0,0.0,AMZN,USD
2026-01-16 00:00:00-05:00,239.08999633789062,239.57000732421875,236.41000366210938,239.1199951171875,45888300,0.0,0.0,AMZN,USD
2026-01-20 00:00:00-05:00,233.75999450683594,235.08999633789062,229.33999633789062,231.0,47737900,0.0,0.0,AMZN,USD
2026-01-21 00:00:00-05:00,231.08999633789062,232.3000030517578,226.8800048828125,231.30999755859375,47276100,0.0,0.0,AMZN,USD
2026-01-22 00:00:00-05:00,234.0500030517578,235.72000122070312,230.89999389648438,234.33999633789062,31913300,0.0,0.0,AMZN,USD
2026-01-23 00:00:00-05:00,234.9600067138672,240.4499969482422,234.57000732421875,239.16000366210938,33778500,0.0,0.0,AMZN,USD
2026-01-26 00:00:00-05:00,239.97999572753906,240.9499969482422,237.5399932861328,238.4199981689453,32825500,0.0,0.0,AMZN,USD
2026-01-27 00:00:00-05:00,239.69000244140625,244.8800048828125,238.0800018310547,244.67999267578125,38029200,0.0,0.0,AMZN,USD
2026-01-28 00:00:00-05:00,246.3699951171875,247.77999877929688,241.52999877929688,243.00999450683594,40882700,0.0,0.0,AMZN,USD
2026-01-29 00:00:00-05:00,242.82000732421875,243.0,236.74000549316406,241.72999572753906,47229600,0.0,0.0,AMZN,USD
2026-01-30 00:00:00-05:00,239.88999938964844,243.32000732421875,237.63999938964844,239.3000030517578,46585000,0.0,0.0,AMZN,USD
2026-02-02 00:00:00-05:00,238.30999755859375,245.6300048828125,238.1699981689453,242.9600067138672,37546100,0.0,0.0,AMZN,USD
2026-02-03 00:00:00-05:00,244.97999572753906,246.35000610351562,235.4499969482422,238.6199951171875,53831300,0.0,0.0,AMZN,USD
2026-02-04 00:00:00-05:00,238.86000061035156,238.86000061035156,231.82000732421875,232.99000549316406,51299900,0.0,0.0,AMZN,USD
2026-02-05 00:00:00-05:00,224.91000366210938,226.30999755859375,220.3800048828125,222.69000244140625,103509200,0.0,0.0,AMZN,USD
2026-02-06 00:00:00-05:00,202.6999969482422,211.44000244140625,200.30999755859375,210.32000732421875,179210900,0.0,0.0,AMZN,USD
2026-02-09 00:00:00-05:00,208.97000122070312,212.80999755859375,203.35000610351562,208.72000122070312,91178400,0.0,0.0,AMZN,USD
2026-02-10 00:00:00-05:00,208.8000030517578,212.64999389648438,206.41000366210938,206.9600067138672,67175000,0.0,0.0,AMZN,USD
2026-02-11 00:00:00-05:00,208.05999755859375,208.57000732421875,202.49000549316406,204.0800018310547,65545500,0.0,0.0,AMZN,USD
2026-02-12 00:00:00-05:00,203.9600067138672,203.9600067138672,197.55999755859375,199.60000610351562,83975400,0.0,0.0,AMZN,USD
2026-02-13 00:00:00-05:00,198.8800048828125,201.16000366210938,197.27999877929688,198.7899932861328,66321600,0.0,0.0,AMZN,USD
2026-02-17 00:00:00-05:00,198.1300048828125,201.74000549316406,196.0,201.14999389648438,69879200,0.0,0.0,AMZN,USD
2026-02-18 00:00:00-05:00,202.07000732421875,206.86000061035156,201.50999450683594,204.7899932861328,51003300,0.0,0.0,AMZN,USD
2026-02-19 00:00:00-05:00,203.8000030517578,205.63999938964844,202.80999755859375,204.86000061035156,35669600,0.0,0.0,AMZN,USD
2026-02-20 00:00:00-05:00,204.75999450683594,211.1699981689453,203.75,210.11000061035156,65881600,0.0,0.0,AMZN,USD
2026-02-23 00:00:00-05:00,208.10000610351562,208.42999267578125,203.11000061035156,205.27000427246094,53581500,0.0,0.0,AMZN,USD
2026-02-24 00:00:00-05:00,205.47000122070312,210.36000061035156,203.25,208.55999755859375,41137200,0.0,0.0,AMZN,USD
2026-02-25 00:00:00-05:00,210.4600067138672,211.58999633789062,208.92999267578125,210.63999938964844,41346400,0.0,0.0,AMZN,USD
2026-02-26 00:00:00-05:00,210.72999572753906,211.0500030517578,205.35000610351562,207.9199981689453,47756800,0.0,0.0,AMZN,USD
2026-02-27 00:00:00-05:00,206.8300018310547,210.3300018310547,205.1999969482422,210.0,57422800,0.0,0.0,AMZN,USD
2026-03-02 00:00:00-05:00,204.5500030517578,209.72999572753906,203.4600067138672,208.38999938964844,46001000,0.0,0.0,AMZN,USD
2026-03-03 00:00:00-05:00,203.10000610351562,209.17999267578125,202.47999572753906,208.72999572753906,43184900,0.0,0.0,AMZN,USD
2026-03-04 00:00:00-05:00,210.47000122070312,217.5399932861328,210.14999389648438,216.82000732421875,54731100,0.0,0.0,AMZN,USD
2026-03-05 00:00:00-05:00,215.97999572753906,220.47000122070312,215.58999633789062,218.94000244140625,60943400,0.0,0.0,AMZN,USD
2026-03-06 00:00:00-05:00,214.99000549316406,217.32000732421875,212.52999877929688,213.2100067138672,51152700,0.0,0.0,AMZN,USD
2026-03-09 00:00:00-04:00,210.4499969482422,213.82000732421875,207.11000061035156,213.49000549316406,54642900,0.0,0.0,AMZN,USD
2026-03-10 00:00:00-04:00,214.19000244140625,215.64999389648438,212.42999267578125,214.3300018310547,35678800,0.0,0.0,AMZN,USD
2026-03-11 00:00:00-04:00,215.7100067138672,217.0,211.35000610351562,212.64999389648438,34199300,0.0,0.0,AMZN,USD
2026-03-12 00:00:00-04:00,210.38999938964844,211.7100067138672,208.14999389648438,209.52999877929688,44349500,0.0,0.0,AMZN,USD
2026-03-13 00:00:00-04:00,209.61000061035156,210.55999755859375,206.22000122070312,207.6699981689453,35662100,0.0,0.0,AMZN,USD
2026-03-16 00:00:00-04:00,208.35000610351562,212.72000122070312,207.4499969482422,211.74000549316406,42209300,0.0,0.0,AMZN,USD
2026-03-17 00:00:00-04:00,212.82000732421875,215.6999969482422,212.42999267578125,215.1999969482422,44969900,0.0,0.0,AMZN,USD
2026-03-18 00:00:00-04:00,213.92999267578125,215.13999938964844,208.8300018310547,209.8699951171875,37846600,0.0,0.0,AMZN,USD
2026-03-19 00:00:00-04:00,207.05999755859375,209.1199951171875,206.0500030517578,208.75999450683594,36440600,0.0,0.0,AMZN,USD
2026-03-20 00:00:00-04:00,207.39999389648438,207.5399932861328,204.32000732421875,205.3699951171875,63694600,0.0,0.0,AMZN,USD
2026-03-23 00:00:00-04:00,209.7899932861328,212.8000030517578,209.50999450683594,210.13999938964844,44277400,0.0,0.0,AMZN,USD
2026-03-24 00:00:00-04:00,207.9499969482422,209.35000610351562,206.63999938964844,207.24000549316406,35351400,0.0,0.0,AMZN,USD
2026-03-25 00:00:00-04:00,211.55999755859375,213.07000732421875,209.89999389648438,211.7100067138672,36388800,0.0,0.0,AMZN,USD
2026-03-26 00:00:00-04:00,210.61000061035156,212.88999938964844,207.1199951171875,207.5399932861328,46746000,0.0,0.0,AMZN,USD
2026-03-27 00:00:00-04:00,206.4600067138672,206.60000610351562,199.13999938964844,199.33999633789062,56009800,0.0,0.0,AMZN,USD
2026-03-30 00:00:00-04:00,201.47999572753906,203.8000030517578,199.97999572753906,200.9499969482422,46373800,0.0,0.0,AMZN,USD
2026-03-31 00:00:00-04:00,204.85000610351562,210.27999877929688,204.13999938964844,208.27000427246094,58470100,0.0,0.0,AMZN,USD
2026-04-01 00:00:00-04:00,210.44000244140625,213.5800018310547,208.19000244140625,210.57000732421875,45955400,0.0,0.0,AMZN,USD
2026-04-02 00:00:00-04:00,206.5399932861328,212.2100067138672,204.89999389648438,209.77000427246094,31453000,0.0,0.0,AMZN,USD
2026-04-06 00:00:00-04:00,209.8000030517578,212.9499969482422,209.58999633789062,212.7899932861328,25385500,0.0,0.0,AMZN,USD
2026-04-07 00:00:00-04:00,211.24000549316406,213.97000122070312,209.0800018310547,213.77000427246094,28154600,0.0,0.0,AMZN,USD
2026-04-08 00:00:00-04:00,223.7899932861328,226.10000610351562,219.6199951171875,221.25,51092700,0.0,0.0,AMZN,USD
2026-04-09 00:00:00-04:00,225.22999572753906,233.8000030517578,223.27000427246094,233.64999389648438,65964200,0.0,0.0,AMZN,USD
2026-04-10 00:00:00-04:00,235.3000030517578,240.42999267578125,235.2100067138672,238.3800048828125,56912800,0.0,0.0,AMZN,USD
2026-04-13 00:00:00-04:00,237.4499969482422,240.0,235.75,239.88999938964844,42166200,0.0,0.0,AMZN,USD
2026-04-14 00:00:00-04:00,241.77999877929688,252.17999267578125,241.77999877929688,249.02000427246094,72685000,0.0,0.0,AMZN,USD
2026-04-15 00:00:00-04:00,249.25,250.44000244140625,247.1999969482422,248.5,43045200,0.0,0.0,AMZN,USD
2026-04-16 00:00:00-04:00,248.50999450683594,250.0,244.1999969482422,249.6999969482422,41895700,0.0,0.0,AMZN,USD
2026-04-17 00:00:00-04:00,254.99000549316406,256.17999267578125,250.11000061035156,250.55999755859375,52029300,0.0,0.0,AMZN,USD
2026-04-20 00:00:00-04:00,249.19000244140625,250.17999267578125,245.3699951171875,248.27999877929688,39463100,0.0,0.0,AMZN,USD
2026-04-21 00:00:00-04:00,255.08999633789062,255.08999633789062,249.10000610351562,249.91000366210938,42922400,0.0,0.0,AMZN,USD
2026-04-22 00:00:00-04:00,252.44000244140625,255.94000244140625,250.3300018310547,255.36000061035156,36065100,0.0,0.0,AMZN,USD
2026-04-23 00:00:00-04:00,255.38999938964844,258.7900085449219,253.07000732421875,255.0800018310547,39091400,0.0,0.0,AMZN,USD
2026-04-24 00:00:00-04:00,259.9800109863281,264.5,257.69000244140625,263.989990234375,53777400,0.0,0.0,AMZN,USD
2026-04-27 00:00:00-04:00,263.4599914550781,264.1499938964844,260.3399963378906,261.1199951171875,44906800,0.0,0.0,AMZN,USD
2026-04-28 00:00:00-04:00,258.3900146484375,261.0299987792969,256.6300048828125,259.70001220703125,42204400,0.0,0.0,AMZN,USD
2026-04-29 00:00:00-04:00,257.989990234375,265.9100036621094,257.70001220703125,263.0400085449219,72367900,0.0,0.0,AMZN,USD
2026-04-30 00:00:00-04:00,273.1700134277344,273.8800048828125,256.1600036621094,265.05999755859375,100974900,0.0,0.0,AMZN,USD
2026-05-01 00:00:00-04:00,265.5799865722656,273.32000732421875,262.739990234375,268.260009765625,50825200,0.0,0.0,AMZN,USD
2026-05-04 00:00:00-04:00,268.79998779296875,276.1000061035156,268.79998779296875,272.04998779296875,49083700,0.0,0.0,AMZN,USD
2026-05-05 00:00:00-04:00,276.0799865722656,278.55999755859375,272.3800048828125,273.54998779296875,41908500,0.0,0.0,AMZN,USD
2026-05-06 00:00:00-04:00,272.8900146484375,277.79998779296875,272.2099914550781,274.989990234375,44552000,0.0,0.0,AMZN,USD
2026-05-07 00:00:00-04:00,275.0199890136719,276.6300048828125,270.489990234375,271.1700134277344,35892900,0.0,0.0,AMZN,USD
2026-05-08 00:00:00-04:00,271.6300048828125,274.0,269.95001220703125,272.67999267578125,34732700,0.0,0.0,AMZN,USD
2026-05-11 00:00:00-04:00,269.8399963378906,273.6300048828125,268.4800109863281,268.989990234375,38176700,0.0,0.0,AMZN,USD
2026-05-12 00:00:00-04:00,266.7099914550781,267.6499938964844,262.6300048828125,265.82000732421875,36776200,0.0,0.0,AMZN,USD
2026-05-13 00:00:00-04:00,264.42999267578125,270.7200012207031,263.20001220703125,270.1300048828125,39670900,0.0,0.0,AMZN,USD
2026-05-14 00:00:00-04:00,269.1499938964844,270.7799987792969,266.6300048828125,267.2200012207031,31338400,0.0,0.0,AMZN,USD
2026-05-15 00:00:00-04:00,262.5,264.3599853515625,260.8900146484375,264.1400146484375,40770300,0.0,0.0,AMZN,USD
2026-05-18 00:00:00-04:00,263.8699951171875,268.8500061035156,262.5299987792969,264.8599853515625,33690800,0.0,0.0,AMZN,USD
2026-05-19 00:00:00-04:00,262.0400085449219,262.25,255.19000244140625,259.3399963378906,40340700,0.0,0.0,AMZN,USD
2026-05-20 00:00:00-04:00,260.04998779296875,265.5799865722656,259.5299987792969,265.010009765625,34933200,0.0,0.0,AMZN,USD
2026-05-21 00:00:00-04:00,263.5,269.489990234375,261.3699951171875,268.4599914550781,36591700,0.0,0.0,AMZN,USD
2026-05-22 00:00:00-04:00,268.6600036621094,269.7900085449219,266.239990234375,266.32000732421875,27535500,0.0,0.0,AMZN,USD
2026-05-26 00:00:00-04:00,267.94000244140625,269.29998779296875,262.07000732421875,265.2900085449219,38028100,0.0,0.0,AMZN,USD
2026-05-27 00:00:00-04:00,266.1499938964844,272.4100036621094,265.70001220703125,271.8500061035156,40061900,0.0,0.0,AMZN,USD
2026-05-28 00:00:00-04:00,272.2699890136719,274.5,267.44000244140625,274.0,40630400,0.0,0.0,AMZN,USD
2026-05-29 00:00:00-04:00,271.2900085449219,274.75,269.6400146484375,270.6400146484375,54749600,0.0,0.0,AMZN,USD
2026-06-01 00:00:00-04:00,266.2900085449219,266.6300048828125,260.70001220703125,261.260009765625,53604400,0.0,0.0,AMZN,USD
2026-06-02 00:00:00-04:00,257.1600036621094,261.20001220703125,254.3699951171875,256.5199890136719,41811000,0.0,0.0,AMZN,USD
2026-06-03 00:00:00-04:00,254.6999969482422,257.0899963378906,247.7100067138672,250.02000427246094,51394200,0.0,0.0,AMZN,USD
2026-06-04 00:00:00-04:00,253.1199951171875,255.8300018310547,251.75,253.7899932861328,35609800,0.0,0.0,AMZN,USD
2026-06-05 00:00:00-04:00,254.0,256.3800048828125,245.77999877929688,246.02999877929688,54149200,0.0,0.0,AMZN,USD
2025-06-06 00:00:00-04:00,694.0049115535481,700.6242759213419,689.71829661582,695.5401611328125,11728000,0.0,0.0,META,USD
2025-06-09 00:00:00-04:00,696.2877682898165,702.9968181048444,691.7818062976731,691.9014282226562,12773200,0.0,0.0,META,USD
2025-06-10 00:00:00-04:00,699.1687320280228,701.0428899746662,689.4092014623567,700.2155151367188,10850100,0.0,0.0,META,USD
2025-06-11 00:00:00-04:00,701.5214452489874,706.6653705943312,689.8378634515371,691.981201171875,9582500,0.0,0.0,META,USD
2025-06-12 00:00:00-04:00,691.1438023170118,693.2173504861605,684.8634076906623,691.20361328125,7322700,0.0,0.0,META,USD
2025-06-13 00:00:00-04:00,685.8104336581752,692.409840070813,678.8920151692206,680.7462158203125,9274400,0.0,0.0,META,USD
2025-06-16 00:00:00-04:00,697.6914734952734,705.4931583928874,691.8851025594383,700.4749145507812,13720300,0.525,0.0,META,USD
2025-06-17 00:00:00-04:00,700.3551564610796,704.3158251974513,694.4290719322615,695.5963134765625,10066100,0.0,0.0,META,USD
2025-06-18 00:00:00-04:00,696.5441581244662,699.9462025997926,693.2718748228809,694.1398315429688,10068300,0.0,0.0,META,USD
2025-06-20 00:00:00-04:00,699.1081336202601,700.1756339033776,677.079850298128,680.751220703125,22538600,0.0,0.0,META,USD
2025-06-23 00:00:00-04:00,682.0881149489193,697.4121118139869,677.1596869463602,696.8933715820312,11080100,0.0,0.0,META,USD
2025-06-24 00:00:00-04:00,703.2384409706419,711.5189816994163,700.4649253469852,710.5313110351562,13823200,0.0,0.0,META,USD
2025-06-25 00:00:00-04:00,711.6486741856498,714.9010456370576,703.7272754411318,707.01953125,9320400,0.0,0.0,META,USD
2025-06-26 00:00:00-04:00,712.6862359929024,726.5137473228667,709.3839937767193,724.3887939453125,13964800,0.0,0.0,META,USD
2025-06-27 00:00:00-04:00,724.8177454897765,733.7068421056694,724.1592578043636,731.9110717773438,18775700,0.0,0.0,META,USD
2025-06-30 00:00:00-04:00,742.8055433362375,746.1477309842478,732.5296879143714,736.3607177734375,15402100,0.0,0.0,META,USD
2025-07-01 00:00:00-04:00,735.1535081071979,736.0214648412638,713.6938959127618,717.5348510742188,13431200,0.0,0.0,META,USD
2025-07-02 00:00:00-04:00,713.6539572494278,718.6122830220947,711.1298559583659,711.8980712890625,9336700,0.0,0.0,META,USD
2025-07-03 00:00:00-04:00,724.9075473573512,727.3219211703462,712.7461059372963,717.3253784179688,8601700,0.0,0.0,META,USD
2025-07-07 00:00:00-04:00,715.9186273791692,725.29662738586,711.8382444141125,716.6668701171875,9457100,0.0,0.0,META,USD
2025-07-08 00:00:00-04:00,719.8792998482032,721.2161260005597,713.1351294314046,718.9813842773438,7770700,0.0,0.0,META,USD
2025-07-09 00:00:00-04:00,721.0266226856489,735.8019810021477,721.0266226856489,731.0631103515625,11418000,0.0,0.0,META,USD
2025-07-10 00:00:00-04:00,729.8359096434607,734.0759515650559,717.9138972384281,725.5360107421875,9913600,0.0,0.0,META,USD
2025-07-11 00:00:00-04:00,720.807217385224,723.4609583411119,708.037219345619,715.8289184570312,10873900,0.0,0.0,META,USD
2025-07-14 00:00:00-04:00,715.9186065632238,726.2942632522581,714.8710789388857,719.2308349609375,8939400,0.0,0.0,META,USD
2025-07-15 00:00:00-04:00,722.2039420372861,722.7725529543028,708.1569141283312,708.7255859375,11529500,0.0,0.0,META,USD
2025-07-16 00:00:00-04:00,711.6985138171127,712.2970836136572,697.6315755690009,701.2630004882812,13067600,0.0,0.0,META,USD
2025-07-17 00:00:00-04:00,702.7395996705828,704.2460714207873,695.4766277838654,699.7665405273438,11803300,0.0,0.0,META,USD
2025-07-18 00:00:00-04:00,700.5447529444856,703.0588680042227,690.0294703606638,702.6298828125,12779800,0.0,0.0,META,USD
2025-07-21 00:00:00-04:00,705.1439122135475,715.3200251684316,704.1063709182977,711.2994384765625,9404400,0.0,0.0,META,USD
2025-07-22 00:00:00-04:00,714.5119099243975,714.9209224678821,699.7665114607927,703.1585693359375,8921100,0.0,0.0,META,USD
2025-07-23 00:00:00-04:00,704.7149523459423,712.9556086996904,703.2783238666914,711.9080810546875,8771600,0.0,0.0,META,USD
2025-07-24 00:00:00-04:00,715.3699724936158,721.9245865914077,712.3271306824367,713.125244140625,10920800,0.0,0.0,META,USD
2025-07-25 00:00:00-04:00,715.2401874661052,718.9614892126135,710.2319910963464,711.0101318359375,8271700,0.0,0.0,META,USD
2025-07-28 00:00:00-04:00,713.5243091595448,723.0419351595109,711.0101939967738,715.9486083984375,8715700,0.0,0.0,META,USD
2025-07-29 00:00:00-04:00,718.3130022321428,722.7724995594365,698.270047363426,698.35986328125,13267000,0.0,0.0,META,USD
2025-07-30 00:00:00-04:00,706.4309422136296,706.8399547738821,689.5805015781577,693.5811157226562,27077300,0.0,0.0,META,USD
2025-07-31 00:00:00-04:00,773.3836936232736,782.9113054874113,763.7163951695271,771.6278076171875,38831100,0.0,0.0,META,USD
2025-08-01 00:00:00-04:00,758.9476005405788,764.2052724882252,743.5637464392476,748.2527465820312,19028700,0.0,0.0,META,USD
2025-08-04 00:00:00-04:00,758.2193240496142,775.029820232538,756.6330226185955,774.5509643554688,15801700,0.0,0.0,META,USD
2025-08-05 00:00:00-04:00,774.6307577641016,781.2950989411861,761.212259491104,761.6712036132812,11640300,0.0,0.0,META,USD
2025-08-06 00:00:00-04:00,768.1958857027562,771.827371776558,758.6782598971715,770.1812133789062,9733900,0.0,0.0,META,USD
2025-08-07 00:00:00-04:00,771.6776357205837,773.1841074016191,757.7702959207965,760.0449829101562,9019700,0.0,0.0,META,USD
2025-08-08 00:00:00-04:00,760.9629170758883,768.0961893607639,756.8027042152274,767.49755859375,7320800,0.0,0.0,META,USD
2025-08-11 00:00:00-04:00,768.2757194135389,771.6478049440495,762.8783609453131,764.0755615234375,7612000,0.0,0.0,META,USD
2025-08-12 00:00:00-04:00,771.1888187456735,791.8103707559926,770.6201469797736,788.1489868164062,14563100,0.0,0.0,META,USD
2025-08-13 00:00:00-04:00,789.2963900548351,793.5962894533881,776.4066172801486,778.2523193359375,8811800,0.0,0.0,META,USD
2025-08-14 00:00:00-04:00,776.0573823379099,785.9641084064921,770.6999694623344,780.2974243164062,8116200,0.0,0.0,META,USD
2025-08-15 00:00:00-04:00,782.3127720209482,794.3843975355859,778.9905571139482,783.3901977539062,13375400,0.0,0.0,META,USD
2025-08-18 00:00:00-04:00,773.2739649293972,773.9922487170201,754.7873521125813,765.572021484375,16513700,0.0,0.0,META,USD
2025-08-19 00:00:00-04:00,765.3226078635242,765.3724785334582,747.604210382002,749.71923828125,12286700,0.0,0.0,META,USD
2025-08-20 00:00:00-04:00,745.8184665954027,748.4423094323544,729.2872824481717,745.9680786132812,11898200,0.0,0.0,META,USD
2025-08-21 00:00:00-04:00,742.965126847803,743.7532539146816,731.392269728463,737.3682250976562,8876300,0.0,0.0,META,USD
2025-08-22 00:00:00-04:00,737.4979443181139,755.1265868650723,732.6693186706706,753.021484375,10612700,0.0,0.0,META,USD
2025-08-25 00:00:00-04:00,753.0514312038815,757.1019160115399,748.3724176422635,751.5349731445312,6861200,0.0,0.0,META,USD
2025-08-26 00:00:00-04:00,749.0408739151204,753.1013452690629,746.187589469264,752.3331298828125,7601800,0.0,0.0,META,USD
2025-08-27 00:00:00-04:00,750.5373617239242,752.3830637406979,741.0995653139147,745.62890625,8315400,0.0,0.0,META,USD
2025-08-28 00:00:00-04:00,742.2567713506037,751.2855545763716,739.0642569298059,749.35009765625,7468000,0.0,0.0,META,USD
2025-08-29 00:00:00-04:00,743.5338383928589,745.3894657992533,733.6270507950396,736.96923828125,9070500,0.0,0.0,META,USD
2025-09-02 00:00:00-04:00,724.3388175548104,734.2755025264773,720.0389186102121,733.3875732421875,9350900,0.0,0.0,META,USD
2025-09-03 00:00:00-04:00,734.2755314397929,738.5155735710689,732.2702311831985,735.3230590820312,7699300,0.0,0.0,META,USD
2025-09-04 00:00:00-04:00,746.8161054490425,759.3765729399474,744.0725487076684,746.8959350585938,11439100,0.0,0.0,META,USD
2025-09-05 00:00:00-04:00,750.8565963566639,756.1741251448537,743.2844139282448,750.68701171875,9663400,0.0,0.0,META,USD
2025-09-08 00:00:00-04:00,754.2286352813065,764.71401930554,750.2579802053917,750.5372924804688,13087800,0.0,0.0,META,USD
2025-09-09 00:00:00-04:00,755.715159278882,764.5045146420852,751.6646744655906,763.9059448242188,10999000,0.0,0.0,META,USD
2025-09-10 00:00:00-04:00,763.3372922969834,763.9059640843684,749.2403942554,750.2180786132812,12478300,0.0,0.0,META,USD
2025-09-11 00:00:00-04:00,752.8818385469593,755.326049350588,746.6165236987539,749.140625,7923300,0.0,0.0,META,USD
2025-09-12 00:00:00-04:00,746.9756681630587,755.7949823874058,742.0173423532742,753.8196411132812,8248600,0.0,0.0,META,USD
2025-09-15 00:00:00-04:00,755.6951631721865,772.2563046936084,750.2280226983954,762.9082641601562,10533800,0.0,0.0,META,USD
2025-09-16 00:00:00-04:00,765.2028605665566,779.5291993784334,763.3072880544486,777.1747436523438,11782500,0.0,0.0,META,USD
2025-09-17 00:00:00-04:00,778.16248073438,781.4547366857648,764.5145401578408,773.9024658203125,9400900,0.0,0.0,META,USD
2025-09-18 00:00:00-04:00,778.9207035004806,786.9319184464317,771.5480036492609,778.421875,10955000,0.0,0.0,META,USD
2025-09-19 00:00:00-04:00,784.5773532506886,788.9470955167301,767.3877436699294,776.5562133789062,23696800,0.0,0.0,META,USD
2025-09-22 00:00:00-04:00,780.5445827585347,784.4181095052566,763.1935958899483,763.8824462890625,11706900,0.525,0.0,META,USD
2025-09-23 00:00:00-04:00,767.9655831903335,769.3133047218867,749.815945650324,754.1387329101562,10872600,0.0,0.0,META,USD
2025-09-24 00:00:00-04:00,756.2352564498105,759.8392144671293,751.2735837511626,759.3899536132812,8828200,0.0,0.0,META,USD
2025-09-25 00:00:00-04:00,752.1920046258563,755.5064686568031,743.3068402529434,747.6595458984375,10591100,0.0,0.0,META,USD
2025-09-26 00:00:00-04:00,748.7477432379202,750.6745134518627,736.1188402620083,742.5081787109375,9696300,0.0,0.0,META,USD
2025-09-29 00:00:00-04:00,747.4698158948381,749.5264347617783,737.9158487633198,742.1587524414062,9246800,0.0,0.0,META,USD
2025-09-30 00:00:00-04:00,741.0107248479524,741.7294934738761,725.087343094007,733.1538696289062,16226800,0.0,0.0,META,USD
2025-10-01 00:00:00-04:00,720.28530706911,720.6446913474787,709.0141800953496,716.1422729492188,20419600,0.0,0.0,META,USD
2025-10-02 00:00:00-04:00,721.3735522103992,726.5548890984803,716.9409630753169,725.8360595703125,11415300,0.0,0.0,META,USD
2025-10-03 00:00:00-04:00,728.4117628788885,729.7794705550638,708.9942257916973,709.3735961914062,16154300,0.0,0.0,META,USD
2025-10-06 00:00:00-04:00,704.0125981338592,715.6830826309072,689.3571155710283,714.465087890625,21654700,0.0,0.0,META,USD
2025-10-07 00:00:00-04:00,716.5216106896504,717.3003375901077,704.5716259627259,711.889404296875,12062900,0.0,0.0,META,USD
2025-10-08 00:00:00-04:00,712.2587946669486,718.4484549738279,706.6281969142439,716.6414794921875,10790600,0.0,0.0,META,USD
2025-10-09 00:00:00-04:00,717.0807271377935,732.2852783203125,711.2504512938121,732.2852783203125,12717200,0.0,0.0,META,USD
2025-10-10 00:00:00-04:00,729.6995938834806,734.0423674154782,703.333716456913,704.1223754882812,16980100,0.0,0.0,META,USD
2025-10-13 00:00:00-04:00,711.8194939498104,718.7379155876384,706.4584651360833,714.5050048828125,9251800,0.0,0.0,META,USD
2025-10-14 00:00:00-04:00,706.598254382022,714.3552394376962,698.1623510959027,707.466796875,8829800,0.0,0.0,META,USD
2025-10-15 00:00:00-04:00,715.8627565899488,722.6913629779451,708.3253746524584,716.3519287109375,10246800,0.0,0.0,META,USD
2025-10-16 00:00:00-04:00,716.3519343648386,724.2786798244232,702.7047754671785,710.881103515625,9017000,0.0,0.0,META,USD
2025-10-17 00:00:00-04:00,705.8994251244851,717.3402516818879,704.9410060739878,715.7229614257812,12232400,0.0,0.0,META,USD
2025-10-20 00:00:00-04:00,719.9858621042338,732.5448748734839,718.9775387090459,730.947509765625,8900200,0.0,0.0,META,USD
2025-10-21 00:00:00-04:00,734.7911237948646,737.2669635645257,727.5332426508437,732.0457153320312,7647300,0.0,0.0,META,USD
2025-10-22 00:00:00-04:00,732.6047674176828,739.3634223567747,722.8211423130082,732.1854248046875,8734500,0.0,0.0,META,USD
2025-10-23 00:00:00-04:00,733.4733185275871,741.170406509876,731.8759534115667,732.7744750976562,9856000,0.0,0.0,META,USD
2025-10-24 00:00:00-04:00,735.5598112729552,739.9724753796752,729.9292742962166,737.127197265625,9151300,0.0,0.0,META,USD
2025-10-27 00:00:00-04:00,748.4781384032651,754.4881061640369,746.7610395763271,749.5663452148438,11321100,0.0,0.0,META,USD
2025-10-28 00:00:00-04:00,751.3733793283152,757.1337649704751,744.2752651341964,750.1853637695312,12193800,0.0,0.0,META,USD
2025-10-29 00:00:00-04:00,753.4897913670577,757.8924011644837,741.2702382858599,750.4149169921875,26818600,0.0,0.0,META,USD
2025-10-30 00:00:00-04:00,668.0328178882455,679.8230975870755,649.08446528138,665.3572387695312,88440100,0.0,0.0,META,USD
2025-10-31 00:00:00-04:00,673.383812052831,673.7631824593219,644.4921293755289,647.2674560546875,56953200,0.0,0.0,META,USD
2025-11-03 00:00:00-05:00,654.90470367213,658.2291607688485,635.1177890022415,636.645263671875,33003600,0.0,0.0,META,USD
2025-11-04 00:00:00-05:00,626.9913515895119,640.6684891460408,624.9647727272926,626.2725830078125,27356600,0.0,0.0,META,USD
2025-11-05 00:00:00-05:00,631.2542465797685,641.1576663615418,625.4938610947797,634.88818359375,20219900,0.0,0.0,META,USD
2025-11-06 00:00:00-05:00,634.7882936522686,634.938067569805,616.9681222612256,617.9065551757812,23628800,0.0,0.0,META,USD
2025-11-07 00:00:00-05:00,615.4606203242017,621.0912176885568,600.1961723842201,620.6719360351562,29946800,0.0,0.0,META,USD
2025-11-10 00:00:00-05:00,630.0363359130761,633.9397808237388,617.077966360211,630.7052001953125,19245000,0.0,0.0,META,USD
2025-11-11 00:00:00-05:00,626.9514668906089,628.5088598168925,618.3558571038752,626.0330200195312,13302200,0.0,0.0,META,USD
2025-11-12 00:00:00-05:00,627.0812350986922,627.939784558569,606.7552442025384,607.9931640625,24493300,0.0,0.0,META,USD
2025-11-13 00:00:00-05:00,612.0463872625083,616.6187572691151,601.993193452889,608.8717041015625,20973800,0.0,0.0,META,USD
2025-11-14 00:00:00-05:00,600.7852061056304,612.6553687237855,594.2062431482154,608.4424438476562,20724100,0.0,0.0,META,USD
2025-11-17 00:00:00-05:00,608.0230519623859,610.6686515784111,594.4058732487083,601.0048217773438,16501300,0.0,0.0,META,USD
2025-11-18 00:00:00-05:00,590.612218909938,602.6520806612418,582.8053290854997,596.6920776367188,25500600,0.0,0.0,META,USD
2025-11-19 00:00:00-05:00,592.7286370493186,594.3359951431619,580.2794874440681,589.3343505859375,24744700,0.0,0.0,META,USD
2025-11-20 00:00:00-05:00,602.4923362369276,605.706930555967,582.375956312388,588.1663208007812,20603000,0.0,0.0,META,USD
2025-11-21 00:00:00-05:00,587.517412968027,597.1213460929463,580.88848479756,593.2578125,21052600,0.0,0.0,META,USD
2025-11-24 00:00:00-05:00,597.7203367937327,615.6703584886146,596.6321908004635,612.0264282226562,23554900,0.0,0.0,META,USD
2025-11-25 00:00:00-05:00,622.9580871825591,635.9862849922763,617.2675924687619,635.1576538085938,25213000,0.0,0.0,META,USD
2025-11-26 00:00:00-05:00,636.6252677780955,637.2941320349476,630.5753884422047,632.5520629882812,15209500,0.0,0.0,META,USD
2025-11-28 00:00:00-05:00,635.0179876534709,646.9679727244463,634.4389389877349,646.8681640625,11033200,0.0,0.0,META,USD
2025-12-01 00:00:00-05:00,638.4821234657416,644.242508725797,636.6951341862962,639.7999267578125,13029900,0.0,0.0,META,USD
2025-12-02 00:00:00-05:00,641.2675300698932,646.7882651016448,637.0046400682228,646.01953125,11640900,0.0,0.0,META,USD
2025-12-03 00:00:00-05:00,643.3340098224904,647.7665988470103,636.4854785031988,638.5320434570312,11134300,0.0,0.0,META,USD
2025-12-04 00:00:00-05:00,674.87134871331,674.9711573797597,658.9479666864565,660.425537109375,29874600,0.0,0.0,META,USD
2025-12-05 00:00:00-05:00,662.8913386215002,673.5634922785046,661.2840414153883,672.2955932617188,21207900,0.0,0.0,META,USD
2025-12-08 00:00:00-05:00,668.2224435191038,675.5801331063639,663.9595535520253,665.6866455078125,13161000,0.0,0.0,META,USD
2025-12-09 00:00:00-05:00,662.6617867420982,663.3705623262879,652.2492080192432,655.8631591796875,12997100,0.0,0.0,META,USD
2025-12-10 00:00:00-05:00,648.8648024836247,653.4171862971667,642.3257510862366,649.0444946289062,16910900,0.0,0.0,META,USD
2025-12-11 00:00:00-05:00,642.2158631242634,654.1858943512054,639.730030479328,651.6201782226562,13056700,0.0,0.0,META,USD
2025-12-12 00:00:00-05:00,648.7150654102267,709.8128965395189,637.543746077992,643.1543579101562,14016900,0.0,0.0,META,USD
2025-12-15 00:00:00-05:00,645.1476664750544,652.4414097008485,638.1536544261938,646.9561157226562,15549100,0.525,0.0,META,USD
2025-12-16 00:00:00-05:00,642.9495426008936,661.973233609148,642.6498114209788,656.587890625,14309100,0.0,0.0,META,USD
2025-12-17 00:00:00-05:00,655.0491556477624,660.664343241777,648.644665798819,648.9443969726562,15598500,0.0,0.0,META,USD
2025-12-18 00:00:00-05:00,656.4679564970005,669.9863502083882,655.8984367998282,663.881591796875,20260300,0.0,0.0,META,USD
2025-12-19 00:00:00-05:00,665.8499012351181,670.4260003995075,657.6169598101359,658.2064819335938,49977100,0.0,0.0,META,USD
2025-12-22 00:00:00-05:00,661.0840391473547,673.0038267300547,656.0883162216827,660.9341430664062,15659400,0.0,0.0,META,USD
2025-12-23 00:00:00-05:00,659.4853234816244,665.4302455294139,657.6868755551602,664.3711547851562,8486800,0.0,0.0,META,USD
2025-12-24 00:00:00-05:00,661.9632786179176,667.6084088263418,661.633543835896,666.9789428710938,5627500,0.0,0.0,META,USD
2025-12-26 00:00:00-05:00,667.4885344385556,668.3777877623371,660.7543096382171,662.7225952148438,7133800,0.0,0.0,META,USD
2025-12-29 00:00:00-05:00,657.4471149030659,659.6851889371151,653.8302165118,658.1265258789062,8506500,0.0,0.0,META,USD
2025-12-30 00:00:00-05:00,658.1265110341435,671.6449047754843,657.2772625792347,665.3803100585938,9187500,0.0,0.0,META,USD
2025-12-31 00:00:00-05:00,664.1813161961976,664.4311023248911,658.8758612620638,659.5253295898438,7940400,0.0,0.0,META,USD
2026-01-02 00:00:00-05:00,662.1630447721155,663.8216588672108,642.9495146869224,649.8535766601562,13726500,0.0,0.0,META,USD
2026-01-05 00:00:00-05:00,650.4531272549772,663.9715218041853,647.1959061445123,658.2264404296875,12213700,0.0,0.0,META,USD
2026-01-06 00:00:00-05:00,659.0057810200069,664.9507033148827,651.3423593634897,660.0548706054688,11074400,0.0,0.0,META,USD
2026-01-07 00:00:00-05:00,655.0791375151089,658.5861445899717,644.2583851266311,648.1350708007812,12846300,0.0,0.0,META,USD
2026-01-08 00:00:00-05:00,645.3274855180696,646.5464125947736,635.1761427603,645.50732421875,11921700,0.0,0.0,META,USD
2026-01-09 00:00:00-05:00,644.8878661181845,654.3897406244424,642.3000548798136,652.5013427734375,11634900,0.0,0.0,META,USD
2026-01-12 00:00:00-05:00,651.9718010113269,653.4105105723186,640.6814191818085,641.4207763671875,14797200,0.0,0.0,META,USD
2026-01-13 00:00:00-05:00,641.720599826752,641.720599826752,623.5660991574318,630.5501708984375,18030400,0.0,0.0,META,USD
2026-01-14 00:00:00-05:00,625.9640568168747,627.9124008742662,614.2940558608916,614.9934692382812,15527900,0.0,0.0,META,USD
2026-01-15 00:00:00-05:00,617.9508982377323,623.6360331340583,613.7045339245012,620.2689208984375,13076100,0.0,0.0,META,USD
2026-01-16 00:00:00-05:00,623.6460522405506,628.5418850412981,619.5495838845379,619.7194213867188,17012500,0.0,0.0,META,USD
2026-01-20 00:00:00-05:00,607.3600037753715,610.8770121629093,599.4867397151437,603.6032104492188,15169600,0.0,0.0,META,USD
2026-01-21 00:00:00-05:00,606.2209580964126,617.7411240978843,599.5666821865381,612.4356689453125,14494700,0.0,0.0,META,USD
2026-01-22 00:00:00-05:00,628.811597152667,660.0049216653568,626.0140046136898,647.0759887695312,21394700,0.0,0.0,META,USD
2026-01-23 00:00:00-05:00,644.2184496993522,665.9198400091174,643.8987161260534,658.1964721679688,22797700,0.0,0.0,META,USD
2026-01-26 00:00:00-05:00,664.5609947255355,674.7023359243682,660.7242529636108,671.7847900390625,16327400,0.0,0.0,META,USD
2026-01-27 00:00:00-05:00,674.0129574053085,676.2410302656567,664.0913982323968,672.394287109375,13297400,0.0,0.0,META,USD
2026-01-28 00:00:00-05:00,673.9229813666298,677.1002536346601,665.5301429727417,668.1578979492188,25709600,0.0,0.0,META,USD
2026-01-29 00:00:00-05:00,736.7991536844581,743.363540655783,711.9404325537852,737.6784057617188,59852900,0.0,0.0,META,USD
2026-01-30 00:00:00-05:00,726.8776752394725,731.5436633097714,712.9796010924755,715.8870849609375,23744600,0.0,0.0,META,USD
2026-02-02 00:00:00-05:00,713.9886602426056,720.6829408229889,702.9181827036907,705.8056640625,14365200,0.0,0.0,META,USD
2026-02-03 00:00:00-05:00,706.7648539132639,716.3866205151361,685.8227628297016,691.1082763671875,13760700,0.0,0.0,META,USD
2026-02-04 00:00:00-05:00,687.1416843315144,688.2407799622291,666.8890651090074,668.417724609375,16882800,0.0,0.0,META,USD
2026-02-05 00:00:00-05:00,663.0123852284637,680.9170392363125,652.9409906690098,669.63671875,17131800,0.0,0.0,META,USD
2026-02-06 00:00:00-05:00,664.920685797671,671.4151252649915,645.9469408650316,660.8941650390625,18159300,0.0,0.0,META,USD
2026-02-09 00:00:00-05:00,662.6126578425271,682.7254419812133,658.2164585284562,676.640625,14837500,0.0,0.0,META,USD
2026-02-10 00:00:00-05:00,677.0202983345941,680.0677378888336,669.216982119095,670.1461791992188,10455800,0.0,0.0,META,USD
2026-02-11 00:00:00-05:00,673.4234361526849,678.6889475196376,656.5378686274887,668.1179809570312,14323800,0.0,0.0,META,USD
2026-02-12 00:00:00-05:00,669.3968787035581,675.421749916193,644.7280570616384,649.254150390625,14960100,0.0,0.0,META,USD
2026-02-13 00:00:00-05:00,644.5481137374378,650.872715705495,634.0271535178357,639.2227172851562,12336400,0.0,0.0,META,USD
2026-02-17 00:00:00-05:00,638.952945338547,642.0502690775812,628.2620863630333,638.7431030273438,12674700,0.0,0.0,META,USD
2026-02-18 00:00:00-05:00,633.2578140286595,644.4482453696517,627.6126838179015,642.6697387695312,14649200,0.0,0.0,META,USD
2026-02-19 00:00:00-05:00,638.0237449576674,646.6363661317032,636.1752909436037,644.2284545898438,10035700,0.0,0.0,META,USD
2026-02-20 00:00:00-05:00,639.1428111159805,662.7825455010891,638.2336163631846,655.09912109375,14183500,0.0,0.0,META,USD
2026-02-23 00:00:00-05:00,651.9817939677475,657.1374142434245,635.455964272141,636.7048950195312,8605900,0.0,0.0,META,USD
2026-02-24 00:00:00-05:00,632.5384628258726,640.5615620292823,628.4419334902003,638.7531127929688,10135600,0.0,0.0,META,USD
2026-02-25 00:00:00-05:00,641.9803720795121,653.3206382422114,641.5906910720822,653.1307983398438,11330700,0.0,0.0,META,USD
2026-02-26 00:00:00-05:00,649.9935020296807,660.4345752110744,646.9461232211356,656.447998046875,10637700,0.0,0.0,META,USD
2026-02-27 00:00:00-05:00,642.8995542116262,648.8844201349368,637.5740968396581,647.62548828125,15703000,0.0,0.0,META,USD
2026-03-02 00:00:00-05:00,636.6149203669017,659.3754626922687,633.9572226725116,653.0009155273438,9816100,0.0,0.0,META,USD
2026-03-03 00:00:00-05:00,647.7354225434952,658.4762268569145,638.293554979916,654.5196533203125,12263800,0.0,0.0,META,USD
2026-03-04 00:00:00-05:00,657.397151925757,672.1944798634893,657.1073609851721,667.1587524414062,10810100,0.0,0.0,META,USD
2026-03-05 00:00:00-05:00,661.363765843265,670.1262833419206,649.7537106790966,660.0049438476562,13341400,0.0,0.0,META,USD
2026-03-06 00:00:00-05:00,647.3457881163396,648.9143914185428,635.5658346648192,644.308349609375,13159400,0.0,0.0,META,USD
2026-03-09 00:00:00-04:00,634.2369839533108,647.195859029807,626.2438278402449,646.836181640625,13489700,0.0,0.0,META,USD
2026-03-10 00:00:00-04:00,653.0009245574777,659.7351492208539,648.444827744844,653.510498046875,9859300,0.0,0.0,META,USD
2026-03-11 00:00:00-04:00,654.1999146227295,658.5561703533895,647.8053649208291,654.2998046875,8977200,0.0,0.0,META,USD
2026-03-12 00:00:00-04:00,648.1950599902964,652.9409968457168,636.355220859953,637.6340942382812,11617500,0.0,0.0,META,USD
2026-03-13 00:00:00-04:00,623.3562813254467,628.6317326131165,609.0285222575777,613.1849975585938,18957600,0.0,0.0,META,USD
2026-03-16 00:00:00-04:00,632.0,634.75,623.0999755859375,627.4500122070312,15134900,0.525,0.0,META,USD
2026-03-17 00:00:00-04:00,627.989990234375,636.5499877929688,621.7000122070312,622.6599731445312,10348800,0.0,0.0,META,USD
2026-03-18 00:00:00-04:00,616.3400268554688,622.6500244140625,614.6099853515625,615.6799926757812,11726300,0.0,0.0,META,USD
2026-03-19 00:00:00-04:00,612.1500244140625,613.0,602.260009765625,606.7000122070312,13247700,0.0,0.0,META,USD
2026-03-20 00:00:00-04:00,603.530029296875,603.9600219726562,587.25,593.6599731445312,21214900,0.0,0.0,META,USD
2026-03-23 00:00:00-04:00,605.7899780273438,608.6400146484375,599.010009765625,604.0599975585938,13638000,0.0,0.0,META,USD
2026-03-24 00:00:00-04:00,599.0999755859375,601.0,591.0,592.9199829101562,10739700,0.0,0.0,META,USD
2026-03-25 00:00:00-04:00,598.739990234375,603.6699829101562,593.4000244140625,594.8900146484375,12585000,0.0,0.0,META,USD
2026-03-26 00:00:00-04:00,582.489990234375,583.0,543.3499755859375,547.5399780273438,35780100,0.0,0.0,META,USD
2026-03-27 00:00:00-04:00,540.0999755859375,543.5999755859375,520.260009765625,525.719970703125,30133000,0.0,0.0,META,USD
2026-03-30 00:00:00-04:00,536.3800048828125,539.5499877929688,528.5399780273438,536.3800048828125,22795200,0.0,0.0,META,USD
2026-03-31 00:00:00-04:00,549.97998046875,573.6900024414062,546.77001953125,572.1300048828125,32898300,0.0,0.0,META,USD
2026-04-01 00:00:00-04:00,580.1300048828125,592.5499877929688,573.8200073242188,579.22998046875,23608100,0.0,0.0,META,USD
2026-04-02 00:00:00-04:00,566.0399780273438,578.5,559.7000122070312,574.4600219726562,13518500,0.0,0.0,META,USD
2026-04-06 00:00:00-04:00,577.6900024414062,582.7899780273438,572.0,573.02001953125,9515700,0.0,0.0,META,USD
2026-04-07 00:00:00-04:00,572.47998046875,575.22998046875,564.760009765625,575.0499877929688,9580800,0.0,0.0,META,USD
2026-04-08 00:00:00-04:00,606.0,629.9500122070312,591.8300170898438,612.4199829101562,32036600,0.0,0.0,META,USD
2026-04-09 00:00:00-04:00,626.969970703125,637.5,623.0,628.3900146484375,19012900,0.0,0.0,META,USD
2026-04-10 00:00:00-04:00,634.469970703125,638.5800170898438,624.3300170898438,629.8599853515625,13294800,0.0,0.0,META,USD
2026-04-13 00:00:00-04:00,629.5,635.0,624.4000244140625,634.530029296875,9538900,0.0,0.0,META,USD
2026-04-14 00:00:00-04:00,643.219970703125,666.260009765625,639.3699951171875,662.489990234375,17818000,0.0,0.0,META,USD
2026-04-15 00:00:00-04:00,667.0,678.5,664.219970703125,671.5800170898438,14952600,0.0,0.0,META,USD
2026-04-16 00:00:00-04:00,675.989990234375,677.5800170898438,667.75,676.8699951171875,9544800,0.0,0.0,META,USD
2026-04-17 00:00:00-04:00,678.5999755859375,691.52001953125,675.1300048828125,688.5499877929688,16283500,0.0,0.0,META,USD
2026-04-20 00:00:00-04:00,681.3599853515625,683.3800048828125,668.0,670.9099731445312,12534000,0.0,0.0,META,USD
2026-04-21 00:00:00-04:00,671.0,676.2000122070312,667.3300170898438,668.8400268554688,8660100,0.0,0.0,META,USD
2026-04-22 00:00:00-04:00,674.3599853515625,678.3800048828125,669.75,674.719970703125,9215600,0.0,0.0,META,USD
2026-04-23 00:00:00-04:00,663.7000122070312,669.5599975585938,653.0499877929688,659.1500244140625,11667000,0.0,0.0,META,USD
2026-04-24 00:00:00-04:00,660.3200073242188,680.6699829101562,653.8400268554688,675.030029296875,13348300,0.0,0.0,META,USD
2026-04-27 00:00:00-04:00,671.0,682.5,670.8400268554688,678.6199951171875,12805200,0.0,0.0,META,USD
2026-04-28 00:00:00-04:00,674.239990234375,678.1799926757812,665.6300048828125,671.3400268554688,10606800,0.0,0.0,META,USD
2026-04-29 00:00:00-04:00,668.9099731445312,674.25,663.8099975585938,669.1199951171875,18947500,0.0,0.0,META,USD
2026-04-30 00:00:00-04:00,619.3200073242188,620.8499755859375,600.0,611.9099731445312,52765000,0.0,0.0,META,USD
2026-05-01 00:00:00-04:00,614.6900024414062,618.8800048828125,606.1099853515625,608.75,21404000,0.0,0.0,META,USD
2026-05-04 00:00:00-04:00,607.9400024414062,614.0,602.75,610.4099731445312,16203900,0.0,0.0,META,USD
2026-05-05 00:00:00-04:00,613.3099975585938,614.3499755859375,600.3599853515625,604.9600219726562,17171300,0.0,0.0,META,USD
2026-05-06 00:00:00-04:00,601.0499877929688,619.9500122070312,598.0999755859375,612.8800048828125,19915500,0.0,0.0,META,USD
2026-05-07 00:00:00-04:00,614.719970703125,624.97998046875,613.5399780273438,616.8099975585938,12307400,0.0,0.0,META,USD
2026-05-08 00:00:00-04:00,615.2000122070312,616.77001953125,606.0599975585938,609.6300048828125,13557000,0.0,0.0,META,USD
2026-05-11 00:00:00-04:00,604.5700073242188,604.9099731445312,598.0800170898438,598.8599853515625,15940600,0.0,0.0,META,USD
2026-05-12 00:00:00-04:00,594.8200073242188,603.75,592.5999755859375,603.0,11351600,0.0,0.0,META,USD
2026-05-13 00:00:00-04:00,598.8300170898438,619.9000244140625,596.6599731445312,616.6300048828125,14634400,0.0,0.0,META,USD
2026-05-14 00:00:00-04:00,616.0,623.72998046875,615.0,618.4299926757812,10651200,0.0,0.0,META,USD
2026-05-15 00:00:00-04:00,613.989990234375,621.2000122070312,609.3099975585938,614.22998046875,13272600,0.0,0.0,META,USD
2026-05-18 00:00:00-04:00,609.1099853515625,615.5900268554688,603.6900024414062,611.2100219726562,13772400,0.0,0.0,META,USD
2026-05-19 00:00:00-04:00,608.9199829101562,613.9299926757812,600.5499877929688,602.6099853515625,11749900,0.0,0.0,META,USD
2026-05-20 00:00:00-04:00,600.760009765625,608.0,597.8099975585938,605.0599975585938,11329700,0.0,0.0,META,USD
2026-05-21 00:00:00-04:00,600.0,609.5999755859375,594.8099975585938,607.3800048828125,13476100,0.0,0.0,META,USD
2026-05-22 00:00:00-04:00,607.8800048828125,614.8099975585938,606.9500122070312,610.260009765625,11688600,0.0,0.0,META,USD
2026-05-26 00:00:00-04:00,608.8900146484375,614.469970703125,605.2999877929688,612.3400268554688,12234200,0.0,0.0,META,USD
2026-05-27 00:00:00-04:00,609.4000244140625,638.5,609.0,635.260009765625,23143600,0.0,0.0,META,USD
2026-05-28 00:00:00-04:00,639.5,643.0,629.3099975585938,635.2899780273438,16772400,0.0,0.0,META,USD
2026-05-29 00:00:00-04:00,633.5,634.5,623.3499755859375,632.510009765625,19806500,0.0,0.0,META,USD
2026-06-01 00:00:00-04:00,630.4000244140625,635.75,599.530029296875,600.469970703125,29138800,0.0,0.0,META,USD
2026-06-02 00:00:00-04:00,603.239990234375,608.8800048828125,596.6799926757812,597.6300048828125,18252000,0.0,0.0,META,USD
2026-06-03 00:00:00-04:00,603.0,624.1500244140625,600.27001953125,622.97998046875,23020100,0.0,0.0,META,USD
2026-06-04 00:00:00-04:00,623.6699829101562,642.4000244140625,622.4299926757812,627.5700073242188,21469200,0.0,0.0,META,USD
2026-06-05 00:00:00-04:00,623.4600219726562,629.0399780273438,582.9099731445312,593.0,29459912,0.0,0.0,META,USD
2025-06-06 00:00:00-04:00,142.31055518995854,143.0695013401578,141.31195466595716,141.52166748046875,153986200,0.0,0.0,NVDA,USD
2025-06-09 00:00:00-04:00,142.98961854621228,144.7970831461155,141.74136782943543,142.43040466308594,185114500,0.0,0.0,NVDA,USD
2025-06-10 00:00:00-04:00,142.49031793007975,144.088069701399,141.33193761060437,143.758544921875,155881900,0.0,0.0,NVDA,USD
2025-06-11 00:00:00-04:00,144.41764573923192,144.79714515361243,141.6812848999734,142.6400146484375,167694000,0.01,0.0,NVDA,USD
2025-06-12 00:00:00-04:00,141.78116046611606,144.80712890625,141.6613249598906,144.80712890625,162365000,0.0,0.0,NVDA,USD
2025-06-13 00:00:00-04:00,142.29045926636147,143.38900206786707,140.6626379640278,141.78114318847656,180820600,0.0,0.0,NVDA,USD
2025-06-16 00:00:00-04:00,143.159329390418,145.98555166191812,143.00951976951112,144.49754333496094,183133700,0.0,0.0,NVDA,USD
2025-06-17 00:00:00-04:00,144.2978018718573,145.0268265438421,143.58873962374116,143.92828369140625,139108000,0.0,0.0,NVDA,USD
2025-06-18 00:00:00-04:00,143.81843788371728,145.4562558084884,142.92962233744194,145.28648376464844,161494100,0.0,0.0,NVDA,USD
2025-06-20 00:00:00-04:00,145.2565234707711,146.00552584195606,142.46024490398213,143.65866088867188,242956200,0.0,0.0,NVDA,USD
2025-06-23 00:00:00-04:00,142.31046402404658,144.58743022935184,141.84108794116847,143.97824096679688,154308900,0.0,0.0,NVDA,USD
2025-06-24 00:00:00-04:00,145.36637857516104,147.76319531946535,145.3064608232896,147.70326232910156,187566100,0.0,0.0,NVDA,USD
2025-06-25 00:00:00-04:00,149.0714619384952,154.24456476496755,149.06146548674553,154.10475158691406,269146500,0.0,0.0,NVDA,USD
2025-06-26 00:00:00-04:00,155.77251147358507,156.5115326130379,153.795149532093,154.8137969970703,198145700,0.0,0.0,NVDA,USD
2025-06-27 00:00:00-04:00,155.83244416127852,158.4989061985097,155.05348286000648,157.54017639160156,263234500,0.0,0.0,NVDA,USD
2025-06-30 00:00:00-04:00,158.1893045239527,158.4489684480595,155.7525627920192,157.7798614501953,194580300,0.0,0.0,NVDA,USD
2025-07-01 00:00:00-04:00,156.08211312403307,156.9909063970138,151.2885097592641,153.09609985351562,213143600,0.0,0.0,NVDA,USD
2025-07-02 00:00:00-04:00,152.77650803107835,157.39037305932783,152.7665268185242,157.04083251953125,171224100,0.0,0.0,NVDA,USD
2025-07-03 00:00:00-04:00,158.15934077500395,160.76586971787668,157.56014800239086,159.1280517578125,143716100,0.0,0.0,NVDA,USD
2025-07-07 00:00:00-04:00,157.98957042846925,159.09809459400483,157.1307137305003,158.02952575683594,140139000,0.0,0.0,NVDA,USD
2025-07-08 00:00:00-04:00,159.11807865757584,160.0068942683196,158.1793265036118,159.7871856689453,138133000,0.0,0.0,NVDA,USD
2025-07-09 00:00:00-04:00,161.0055497766517,164.2012901564699,160.9456320255445,162.66334533691406,183656400,0.0,0.0,NVDA,USD
2025-07-10 00:00:00-04:00,164.10143771292147,164.28119097215313,161.3950357038234,163.88172912597656,167704100,0.0,0.0,NVDA,USD
2025-07-11 00:00:00-04:00,163.50223698698784,167.66668863474402,163.25256951238498,164.7006378173828,193633300,0.0,0.0,NVDA,USD
2025-07-14 00:00:00-04:00,165.15003478890583,165.2698855378492,161.80449980139463,163.85177612304688,136975800,0.0,0.0,NVDA,USD
2025-07-15 00:00:00-04:00,170.96229989605533,172.17068192225182,168.97494134085255,170.4729461669922,230627400,0.0,0.0,NVDA,USD
2025-07-16 00:00:00-04:00,170.83247408910898,171.52155877211666,168.67534340451815,171.14205932617188,158831500,0.0,0.0,NVDA,USD
2025-07-17 00:00:00-04:00,171.79120519874627,173.92835823409905,170.60278554683865,172.7698974609375,160841100,0.0,0.0,NVDA,USD
2025-07-18 00:00:00-04:00,173.4090543863528,174.0182436825287,171.03221496217563,172.18069458007812,146456400,0.0,0.0,NVDA,USD
2025-07-21 00:00:00-04:00,172.52022673163836,173.1493936504508,170.77255439137573,171.1520538330078,123126100,0.0,0.0,NVDA,USD
2025-07-22 00:00:00-04:00,171.11211125862738,171.16204780548466,164.36110765827524,166.80784606933594,193114300,0.0,0.0,NVDA,USD
2025-07-23 00:00:00-04:00,169.30450383433347,171.03219846298632,167.74658125695927,170.55284118652344,154082200,0.0,0.0,NVDA,USD
2025-07-24 00:00:00-04:00,172.21063723590794,173.59878776513457,171.07215417768242,173.5089111328125,128984600,0.0,0.0,NVDA,USD
2025-07-25 00:00:00-04:00,173.37908037175941,174.4876045602178,172.72995103806022,173.26922607421875,122316800,0.0,0.0,NVDA,USD
2025-07-28 00:00:00-04:00,173.78852820706248,176.7645600358027,173.7385916678285,176.514892578125,140023500,0.0,0.0,NVDA,USD
2025-07-29 00:00:00-04:00,177.72331923330725,179.1414287993287,174.7872270062438,175.2765655517578,154077500,0.0,0.0,NVDA,USD
2025-07-30 00:00:00-04:00,176.27521653092245,179.65072563032518,175.80584046425426,179.03155517578125,174312200,0.0,0.0,NVDA,USD
2025-07-31 00:00:00-04:00,182.65671589592668,183.05619299307685,175.69598557745124,177.63340759277344,221685400,0.0,0.0,NVDA,USD
2025-08-01 00:00:00-04:00,173.85844036702034,176.3051785902702,170.66269971388826,173.4889373779297,204529000,0.0,0.0,NVDA,USD
2025-08-04 00:00:00-04:00,174.9270307365029,179.9603205403546,174.28788258302183,179.76058959960938,148174600,0.0,0.0,NVDA,USD
2025-08-05 00:00:00-04:00,179.38107983649965,180.0202279532499,175.6660266458598,178.02288818359375,156407600,0.0,0.0,NVDA,USD
2025-08-06 00:00:00-04:00,176.09546439011424,179.66070799076476,176.01556896990587,179.1813507080078,137192300,0.0,0.0,NVDA,USD
2025-08-07 00:00:00-04:00,181.32849521637667,183.63542017290519,178.56217541570945,180.52955627441406,151878400,0.0,0.0,NVDA,USD
2025-08-08 00:00:00-04:00,181.30852119793246,183.05619350177665,180.16004168373897,182.4569854736328,123396700,0.0,0.0,NVDA,USD
2025-08-11 00:00:00-04:00,181.80784410502207,183.59545638109407,180.01023537809715,181.8178253173828,138323200,0.0,0.0,NVDA,USD
2025-08-12 00:00:00-04:00,182.7166509044063,184.234618174838,179.22130626788388,182.9163818359375,145485700,0.0,0.0,NVDA,USD
2025-08-13 00:00:00-04:00,182.37707840680864,183.72528876478472,179.11143905360885,181.34844970703125,179871700,0.0,0.0,NVDA,USD
2025-08-14 00:00:00-04:00,179.5108931379294,182.77654758863486,179.22128560637054,181.7778778076172,129554000,0.0,0.0,NVDA,USD
2025-08-15 00:00:00-04:00,181.6380820439347,181.658044469753,177.8031781362909,180.20997619628906,156602200,0.0,0.0,NVDA,USD
2025-08-18 00:00:00-04:00,180.3597704757432,182.69665413107447,180.34977402519155,181.76788330078125,132008000,0.0,0.0,NVDA,USD
2025-08-19 00:00:00-04:00,182.1873336556069,182.25724785967336,175.25657768801665,175.4063720703125,185229200,0.0,0.0,NVDA,USD
2025-08-20 00:00:00-04:00,174.93699721113848,175.76589502196344,168.57547509149074,175.16668701171875,215142700,0.0,0.0,NVDA,USD
2025-08-21 00:00:00-04:00,174.61742144674352,176.66468235557974,173.57879631630271,174.7472381591797,140040900,0.0,0.0,NVDA,USD
2025-08-22 00:00:00-04:00,172.38041630972646,178.35245819257523,170.9722880586796,177.75326538085938,172789400,0.0,0.0,NVDA,USD
2025-08-25 00:00:00-04:00,178.11278178635797,181.6680441727565,176.33515059315872,179.57083129882812,163012800,0.0,0.0,NVDA,USD
2025-08-26 00:00:00-04:00,179.82049655621498,182.14739921043056,178.57215920342722,181.52822875976562,168688200,0.0,0.0,NVDA,USD
2025-08-27 00:00:00-04:00,181.73792838079515,182.24725973827816,178.86176968029795,181.3584442138672,235518900,0.0,0.0,NVDA,USD
2025-08-28 00:00:00-04:00,180.57950348224864,184.22464261974775,176.17536544772958,179.93035888671875,281787800,0.0,0.0,NVDA,USD
2025-08-29 00:00:00-04:00,177.87308356836775,177.91302365652732,172.91967451951007,173.94830322265625,243257900,0.0,0.0,NVDA,USD
2025-09-02 00:00:00-04:00,169.77387989783634,172.15071909272382,166.99757884564528,170.55284118652344,231164900,0.0,0.0,NVDA,USD
2025-09-03 00:00:00-04:00,170.83248363379096,172.18069419661035,168.65539040087648,170.39306640625,164424900,0.0,0.0,NVDA,USD
2025-09-04 00:00:00-04:00,170.34313981864827,171.6314173426514,169.18467902530818,171.4316864013672,141670100,0.0,0.0,NVDA,USD
2025-09-05 00:00:00-04:00,167.8065180303181,168.8051880252559,163.85179338392152,166.79786682128906,224441400,0.0,0.0,NVDA,USD
2025-09-08 00:00:00-04:00,167.32713700266137,170.73260486035574,167.12740607965867,168.08612060546875,163769100,0.0,0.0,NVDA,USD
2025-09-09 00:00:00-04:00,168.86507540993838,170.75256075129445,166.51821048710502,170.53285217285156,157548400,0.0,0.0,NVDA,USD
2025-09-10 00:00:00-04:00,176.4050468150653,179.05151589898875,175.2366048852674,177.09413146972656,226852000,0.0,0.0,NVDA,USD
2025-09-11 00:00:00-04:00,179.45113345293117,180.0503753259473,176.25521235533765,176.9443359375,151159300,0.01,0.0,NVDA,USD
2025-09-12 00:00:00-04:00,177.5435512454145,178.37249577533527,176.22522541777622,177.59349060058594,124911000,0.0,0.0,NVDA,USD
2025-09-15 00:00:00-04:00,175.44622258887705,178.62217970015598,174.28769658655634,177.52357482910156,147061600,0.0,0.0,NVDA,USD
2025-09-16 00:00:00-04:00,176.77453647764895,177.27389957504343,174.15787872389456,174.65724182128906,140737800,0.0,0.0,NVDA,USD
2025-09-17 00:00:00-04:00,172.42008695754546,172.97937117956877,168.1954794867923,170.0730743408203,211843800,0.0,0.0,NVDA,USD
2025-09-18 00:00:00-04:00,173.7583871307785,176.87442336525442,172.73969733735942,176.01551818847656,191763300,0.0,0.0,NVDA,USD
2025-09-19 00:00:00-04:00,175.54609885389235,177.8531538116004,174.95683884616588,176.4449462890625,237182100,0.0,0.0,NVDA,USD
2025-09-22 00:00:00-04:00,175.07670180251023,184.31491893588398,174.48745701577195,183.37611389160156,269637000,0.0,0.0,NVDA,USD
2025-09-23 00:00:00-04:00,181.73821238324945,182.18763613663097,175.9855548133895,178.2027130126953,192559600,0.0,0.0,NVDA,USD
2025-09-24 00:00:00-04:00,179.54100413716742,179.5509859124944,175.17656050171237,176.74456787109375,143564100,0.0,0.0,NVDA,USD
2025-09-25 00:00:00-04:00,174.2577508730865,180.03038734713982,172.90947958662534,177.4636688232422,191586700,0.0,0.0,NVDA,USD
2025-09-26 00:00:00-04:00,177.94304916264082,179.54101721374016,174.70717071687335,177.96302795410156,148573700,0.0,0.0,NVDA,USD
2025-09-29 00:00:00-04:00,180.20017297627672,183.7656330630971,180.09032771672483,181.61837768554688,193063500,0.0,0.0,NVDA,USD
2025-09-30 00:00:00-04:00,181.848063160254,187.11135435179565,181.2488213615314,186.3423309326172,236981000,0.0,0.0,NVDA,USD
2025-10-01 00:00:00-04:00,185.00404300205486,187.90034282726023,183.6657383394342,187.00149536132812,173844900,0.0,0.0,NVDA,USD
2025-10-02 00:00:00-04:00,189.35850113919957,190.80665113886596,187.82045419605362,188.64939880371094,136805800,0.0,0.0,NVDA,USD
2025-10-03 00:00:00-04:00,188.94900408551683,190.11751186051177,185.1438598655547,187.38099670410156,137596900,0.0,0.0,NVDA,USD
2025-10-06 00:00:00-04:00,185.2637075602064,186.9914995955013,183.09647356463947,185.30364990234375,157678100,0.0,0.0,NVDA,USD
2025-10-07 00:00:00-04:00,185.99277739696944,188.8191743935438,183.76562222076905,184.80429077148438,140088000,0.0,0.0,NVDA,USD
2025-10-08 00:00:00-04:00,186.33235229407293,189.35849142592937,186.30237648821537,188.86911010742188,130168900,0.0,0.0,NVDA,USD
2025-10-09 00:00:00-04:00,191.9851285494953,195.05122522476873,190.816620752273,192.32470703125,182997200,0.0,0.0,NVDA,USD
2025-10-10 00:00:00-04:00,193.26350393527704,195.37081685366852,181.81811007166195,182.92669677734375,268774400,0.0,0.0,NVDA,USD
2025-10-13 00:00:00-04:00,187.73056363822363,189.8678370807686,185.72312947730666,188.0801239013672,153482800,0.0,0.0,NVDA,USD
2025-10-14 00:00:00-04:00,184.53462639606815,184.5645869600227,179.47107773683655,179.8006591796875,205641400,0.0,0.0,NVDA,USD
2025-10-15 00:00:00-04:00,184.56460739230218,184.63451030281777,177.06416377208902,179.60093688964844,214450500,0.0,0.0,NVDA,USD
2025-10-16 00:00:00-04:00,181.99787810828644,183.0465437061986,179.5410200965125,181.5784149169922,179723300,0.0,0.0,NVDA,USD
2025-10-17 00:00:00-04:00,179.9504818191574,183.86550198639478,179.52103686227596,182.9866180419922,173135200,0.0,0.0,NVDA,USD
2025-10-20 00:00:00-04:00,182.89672994644732,184.96408521149223,181.4985041529273,182.4073486328125,128544700,0.0,0.0,NVDA,USD
2025-10-21 00:00:00-04:00,182.55714296878105,182.55714296878105,179.5709615871908,180.92922973632812,124240200,0.0,0.0,NVDA,USD
2025-10-22 00:00:00-04:00,180.9092591258601,183.20633238125785,176.53483359319367,180.05035400390625,162249600,0.0,0.0,NVDA,USD
2025-10-23 00:00:00-04:00,180.19017423035882,182.7968501503985,179.5609718650331,181.92796325683594,111363700,0.0,0.0,NVDA,USD
2025-10-24 00:00:00-04:00,183.60580497197222,187.23118563906056,183.26624175096782,186.02272033691406,131296700,0.0,0.0,NVDA,USD
2025-10-27 00:00:00-04:00,189.74798924630224,191.75542334831323,188.18996363054165,191.24607849121094,153452700,0.0,0.0,NVDA,USD
2025-10-28 00:00:00-04:00,192.80410966447576,202.89123585796654,191.66556232510956,200.77394104003906,297986200,0.0,0.0,NVDA,USD
2025-10-29 00:00:00-04:00,207.715080745974,211.9197249544373,204.51915980095313,206.77627563476562,308829600,0.0,0.0,NVDA,USD
2025-10-30 00:00:00-04:00,204.88867704045037,205.89740027142088,201.1534507471854,202.63156127929688,178864400,0.0,0.0,NVDA,USD
2025-10-31 00:00:00-04:00,206.18701808603035,207.70508615602077,201.81260775338424,202.23207092285156,179802200,0.0,0.0,NVDA,USD
2025-11-03 00:00:00-05:00,207.81493866642379,211.07078042213968,205.29814450690722,206.61647033691406,180267300,0.0,0.0,NVDA,USD
2025-11-04 00:00:00-05:00,202.7414122562426,203.71017785907821,197.67786326579136,198.43690490722656,188919300,0.0,0.0,NVDA,USD
2025-11-05 00:00:00-05:00,198.51681234435117,202.66152000582164,194.40205001057666,194.9613494873047,171350300,0.0,0.0,NVDA,USD
2025-11-06 00:00:00-05:00,196.169796348482,197.36826472822915,186.1425921093966,187.84042358398438,223029800,0.0,0.0,NVDA,USD
2025-11-07 00:00:00-05:00,184.66447901682176,188.08013622996737,178.68211848431696,187.91033935546875,264942300,0.0,0.0,NVDA,USD
2025-11-10 00:00:00-05:00,194.8614791513322,199.68532876518447,193.5431531870904,198.7964630126953,198897100,0.0,0.0,NVDA,USD
2025-11-11 00:00:00-05:00,194.91140808059743,195.17107140540628,191.05632435423007,192.91395568847656,176483300,0.0,0.0,NVDA,USD
2025-11-12 00:00:00-05:00,195.4706988945922,195.64048052491762,190.88654915774768,193.5531463623047,154935300,0.0,0.0,NVDA,USD
2025-11-13 00:00:00-05:00,190.80662838449902,191.1961309619508,183.61580336420005,186.62196350097656,207423100,0.0,0.0,NVDA,USD
2025-11-14 00:00:00-05:00,182.62707860640327,190.76669126639962,180.3499840264004,189.92776489257812,186591900,0.0,0.0,NVDA,USD
2025-11-17 00:00:00-05:00,185.73310233977776,188.75924133892028,184.08521029684528,186.3623046875,173628900,0.0,0.0,NVDA,USD
2025-11-18 00:00:00-05:00,183.14641371605563,184.5646030780414,179.42115405263684,181.1289825439453,213598900,0.0,0.0,NVDA,USD
2025-11-19 00:00:00-05:00,184.5545873026742,187.6206837111527,182.59709270204067,186.2823944091797,247246400,0.0,0.0,NVDA,USD
2025-11-20 00:00:00-05:00,195.70039225393623,195.7503316108911,179.62090987236718,180.40989685058594,343504800,0.0,0.0,NVDA,USD
2025-11-21 00:00:00-05:00,181.00913979899244,184.32490281868388,172.70971237567008,178.6521453857422,346926200,0.0,0.0,NVDA,USD
2025-11-24 00:00:00-05:00,179.2613745727385,183.26626122561635,176.25519889972114,182.31747436523438,256618300,0.0,0.0,NVDA,USD
2025-11-25 00:00:00-05:00,174.68719385821646,177.93305383278917,169.33402110596253,177.59349060058594,320600300,0.0,0.0,NVDA,USD
2025-11-26 00:00:00-05:00,181.3986455127995,182.67701383620675,178.01296428701193,180.03038024902344,183852000,0.0,0.0,NVDA,USD
2025-11-28 00:00:00-05:00,178.7819702942556,179.0616124091028,176.27517303639212,176.7745361328125,121332800,0.0,0.0,NVDA,USD
2025-12-01 00:00:00-05:00,174.53739527000454,180.07034727044882,173.45876908321011,179.69082641601562,188131000,0.0,0.0,NVDA,USD
2025-12-02 00:00:00-05:00,181.52845696763603,185.42349804109853,179.77070445469002,181.22885131835938,182632200,0.0,0.0,NVDA,USD
2025-12-03 00:00:00-05:00,180.8493441127912,182.21759414523953,178.88185225801445,179.36123657226562,165138000,0.0,0.0,NVDA,USD
2025-12-04 00:00:00-05:00,181.3987504426599,184.2952268834804,179.74078419330877,183.1566162109375,167364900,0.01,0.0,NVDA,USD
2025-12-05 00:00:00-05:00,183.66598269849337,184.43504894381925,180.6896172324408,182.1877899169922,143971100,0.0,0.0,NVDA,USD
2025-12-08 00:00:00-05:00,182.41751577930148,187.7709870845105,182.17780264974235,185.323974609375,204378100,0.0,0.0,NVDA,USD
2025-12-09 00:00:00-05:00,185.33395229946427,185.4937610485011,183.09669077375298,184.7446746826172,144719700,0.0,0.0,NVDA,USD
2025-12-10 00:00:00-05:00,184.74467463147755,185.2540478736652,181.8182359713298,183.55612182617188,162785400,0.0,0.0,NVDA,USD
2025-12-11 00:00:00-05:00,180.060377409269,181.09911899111663,176.40483245042134,180.70957946777344,182136600,0.0,0.0,NVDA,USD
2025-12-12 00:00:00-05:00,180.88937065842447,182.59729422559735,174.40727135263347,174.80679321289062,204274900,0.0,0.0,NVDA,USD
2025-12-15 00:00:00-05:00,177.7232402429772,178.20265125135413,174.8167814768023,176.0752410888672,164775600,0.0,0.0,NVDA,USD
2025-12-16 00:00:00-05:00,176.0452813318811,178.27257580423,174.68693742218818,177.50350952148438,148588100,0.0,0.0,NVDA,USD
2025-12-17 00:00:00-05:00,175.88548356566727,175.91544580087532,170.10252832729947,170.7317657470703,222775500,0.0,0.0,NVDA,USD
2025-12-18 00:00:00-05:00,174.3173807251694,175.93540231223645,171.6106906687844,173.9278564453125,176096000,0.0,0.0,NVDA,USD
2025-12-19 00:00:00-05:00,176.45477147838753,181.2289470656948,176.12517166919682,180.76951599121094,324925900,0.0,0.0,NVDA,USD
2025-12-22 00:00:00-05:00,183.6959478478248,183.935660967629,182.1278683380167,183.4662322998047,129064400,0.0,0.0,NVDA,USD
2025-12-23 00:00:00-05:00,182.7471036477755,189.099356383118,182.67718160782493,188.97950744628906,174873600,0.0,0.0,NVDA,USD
2025-12-24 00:00:00-05:00,187.71105179508496,188.67987134928,186.36269028434322,188.38023376464844,65528500,0.0,0.0,NVDA,USD
2025-12-26 00:00:00-05:00,189.68863982420257,192.45526970950266,187.7709805748158,190.2978973388672,139740300,0.0,0.0,NVDA,USD
2025-12-29 00:00:00-05:00,187.4813341773615,188.53004285167208,185.68352392965699,187.99070739746094,120006100,0.0,0.0,NVDA,USD
2025-12-30 00:00:00-05:00,188.01069817319677,188.75978454971104,186.70228116711607,187.31153869628906,97687300,0.0,0.0,NVDA,USD
2025-12-31 00:00:00-05:00,189.33907943283364,190.32786369396138,186.26282955778902,186.27281188964844,120100500,0.0,0.0,NVDA,USD
2026-01-02 00:00:00-05:00,189.60873357074172,192.69496568024334,188.03065649528438,188.6199493408203,148240500,0.0,0.0,NVDA,USD
2026-01-05 00:00:00-05:00,191.52640398377517,193.39413642527967,185.9232371396652,187.89083862304688,183529700,0.0,0.0,NVDA,USD
2026-01-06 00:00:00-05:00,190.2879203285983,191.935904267691,186.5924305704924,187.0119171142578,176862600,0.0,0.0,NVDA,USD
2026-01-07 00:00:00-05:00,188.34028795646717,191.13686475404677,186.3327268208183,188.87962341308594,153543200,0.0,0.0,NVDA,USD
2026-01-08 00:00:00-05:00,188.87963997886857,189.31910643994627,183.48622397884648,184.81459045410156,172457000,0.0,0.0,NVDA,USD
2026-01-09 00:00:00-05:00,184.8545293482555,186.1129888751533,183.44624341374129,184.63479614257812,131327500,0.0,0.0,NVDA,USD
2026-01-12 00:00:00-05:00,182.99680052530172,186.89204340473577,182.79704721562317,184.71470642089844,137968500,0.0,0.0,NVDA,USD
2026-01-13 00:00:00-05:00,184.7746378408776,187.88084992986475,183.17658082293008,185.58364868164062,160128900,0.0,0.0,NVDA,USD
2026-01-14 00:00:00-05:00,184.0954557419801,184.23528457453645,180.57973978602013,182.91688537597656,159586100,0.0,0.0,NVDA,USD
2026-01-15 00:00:00-05:00,186.27281050248445,189.46890929684608,186.103019420931,186.8221435546875,206188600,0.0,0.0,NVDA,USD
2026-01-16 00:00:00-05:00,188.84966224271636,190.20800608356458,185.85331687968656,186.0031280517578,187967200,0.0,0.0,NVDA,USD
2026-01-20 00:00:00-05:00,181.67839380225757,182.1578200140757,177.39362681050815,177.8530731201172,223345300,0.0,0.0,NVDA,USD
2026-01-21 00:00:00-05:00,178.8318922054109,185.15418310637224,178.18267486272933,183.09669494628906,200381000,0.0,0.0,NVDA,USD
2026-01-22 00:00:00-05:00,184.52493568425237,185.94320399708803,183.70592730123704,184.6148223876953,139636600,0.0,0.0,NVDA,USD
2026-01-23 00:00:00-05:00,187.27158465782284,189.3690325020707,186.59242035942677,187.44137573242188,142748100,0.0,0.0,NVDA,USD
2026-01-26 00:00:00-05:00,186.93200550896393,188.88960930416175,185.76343263076708,186.2428436279297,124799600,0.0,0.0,NVDA,USD
2026-01-27 00:00:00-05:00,187.01190478720812,189.76853699604698,185.47377232125424,188.29034423828125,143711600,0.0,0.0,NVDA,USD
2026-01-28 00:00:00-05:00,191.03700193406064,192.1156881225865,189.60873601436586,191.2866973876953,148552700,0.0,0.0,NVDA,USD
2026-01-29 00:00:00-05:00,191.10690928022157,193.244301759811,185.83334250366076,192.27548217773438,171764400,0.0,0.0,NVDA,USD
2026-01-30 00:00:00-05:00,190.97707539362895,194.25307849059112,189.23918956869622,190.8971710205078,179489500,0.0,0.0,NVDA,USD
2026-02-02 00:00:00-05:00,186.97195532434574,190.0681850900544,184.6547894061738,185.38389587402344,165794100,0.0,0.0,NVDA,USD
2026-02-03 00:00:00-05:00,186.01312186532803,186.04308409913696,176.01530661894333,180.12030029296875,204019600,0.0,0.0,NVDA,USD
2026-02-04 00:00:00-05:00,179.24138264216026,179.36123157735668,171.70057725198066,173.97779846191406,207014100,0.0,0.0,NVDA,USD
2026-02-05 00:00:00-05:00,174.71688060291817,176.604592702014,170.82163795446576,171.6706085205078,206312900,0.0,0.0,NVDA,USD
2026-02-06 00:00:00-05:00,176.47474973392875,186.77218713146127,174.3872995354016,185.1841278076172,231346200,0.0,0.0,NVDA,USD
2026-02-09 00:00:00-05:00,184.03552934237337,193.42408742490235,183.7259094221984,189.80848693847656,196387400,0.0,0.0,NVDA,USD
2026-02-10 00:00:00-05:00,191.1468699498802,192.24552080983682,187.89083145679504,188.31031799316406,136764800,0.0,0.0,NVDA,USD
2026-02-11 00:00:00-05:00,192.2155516352278,193.0245624433192,188.54004197866425,189.8184814453125,144192700,0.0,0.0,NVDA,USD
2026-02-12 00:00:00-05:00,192.79485804306626,193.3741533411549,186.28279615580217,186.7122802734375,189932500,0.0,0.0,NVDA,USD
2026-02-13 00:00:00-05:00,187.25162028422807,187.27160018883805,181.36879569323744,182.58731079101562,161888000,0.0,0.0,NVDA,USD
2026-02-17 00:00:00-05:00,181.5285959992061,186.92201173748992,178.9617194034806,184.7446746826172,162276900,0.0,0.0,NVDA,USD
2026-02-18 00:00:00-05:00,188.52005804720127,190.13807962880853,186.53247684939709,187.75099182128906,164749100,0.0,0.0,NVDA,USD
2026-02-19 00:00:00-05:00,186.8321237354349,188.20044994409497,185.43383529156333,187.6710968017578,126554500,0.0,0.0,NVDA,USD
2026-02-20 00:00:00-05:00,186.342734664171,190.09814888521723,185.71349722992974,189.58877563476562,178422300,0.0,0.0,NVDA,USD
2026-02-23 00:00:00-05:00,191.16683922839312,193.71373598373438,189.3490641935772,191.31666564941406,171584800,0.0,0.0,NVDA,USD
2026-02-24 00:00:00-05:00,191.2567378902843,193.53395924081437,187.171708627792,192.61508178710938,175123600,0.0,0.0,NVDA,USD
2026-02-25 00:00:00-05:00,194.2131137016724,197.38924768090467,193.5539140704845,195.32176208496094,250637100,0.0,0.0,NVDA,USD
2026-02-26 00:00:00-05:00,194.03334246429932,194.0533071271398,184.09546670933034,184.66476440429688,360807900,0.0,0.0,NVDA,USD
2026-02-27 00:00:00-05:00,181.0292033274304,182.36756729714082,176.1651407824763,176.97415161132812,311636500,0.0,0.0,NVDA,USD
2026-03-02 00:00:00-05:00,174.79680413295333,183.2365228635074,174.42725972943845,182.25770568847656,209095300,0.0,0.0,NVDA,USD
2026-03-03 00:00:00-05:00,178.27256086028186,180.67961330625172,176.70446619030554,179.83065795898438,178099400,0.0,0.0,NVDA,USD
2026-03-04 00:00:00-05:00,180.22019302825058,184.47499807110998,179.84065106191534,182.8170166015625,177731200,0.0,0.0,NVDA,USD
2026-03-05 00:00:00-05:00,180.94929874286032,183.83577756501342,177.6633132926684,183.1166534423828,198779700,0.0,0.0,NVDA,USD
2026-03-06 00:00:00-05:00,179.6209064601764,182.5373473445644,176.60459654479845,177.60337829589844,189021900,0.0,0.0,NVDA,USD
2026-03-09 00:00:00-04:00,176.61458806542097,182.68718325690133,175.34613090826778,182.427490234375,177213600,0.0,0.0,NVDA,USD
2026-03-10 00:00:00-04:00,182.17779858894656,186.21288569214076,181.7882742872215,184.544921875,179118500,0.0,0.0,NVDA,USD
2026-03-11 00:00:00-04:00,185.6935753620157,187.40157611978597,184.23526832414757,185.8134307861328,145280400,0.01,0.0,NVDA,USD
2026-03-12 00:00:00-04:00,183.83574790315467,184.72471123223085,181.53842231669145,182.9268035888672,155762700,0.0,0.0,NVDA,USD
2026-03-13 00:00:00-04:00,184.70472270189353,185.87335881208497,179.73052445930352,180.0401611328125,160988400,0.0,0.0,NVDA,USD
2026-03-16 00:00:00-04:00,182.7570048934839,188.66012868968363,181.19882333613754,183.0067138671875,217307400,0.0,0.0,NVDA,USD
2026-03-17 00:00:00-04:00,184.8445618023411,185.1841623368753,181.4684917186082,181.71820068359375,182497800,0.0,0.0,NVDA,USD
2026-03-18 00:00:00-04:00,182.26756764801692,183.16652908726184,180.12007659614625,180.1899871826172,156683100,0.0,0.0,NVDA,USD
2026-03-19 00:00:00-04:00,177.80276430906588,179.77047215436778,175.5853475010711,178.3521270751953,170968500,0.0,0.0,NVDA,USD
2026-03-20 00:00:00-04:00,177.79278016290237,178.05247199547227,171.52009228430225,172.4989471435547,241323500,0.0,0.0,NVDA,USD
2026-03-23 00:00:00-04:00,177.0536408486584,178.16234927411983,174.55655117338722,175.43553161621094,182836300,0.0,0.0,NVDA,USD
2026-03-24 00:00:00-04:00,174.6264683383626,176.01484951930743,173.777451794472,174.99603271484375,147667800,0.0,0.0,NVDA,USD
2026-03-25 00:00:00-04:00,176.89383761026875,181.00903649280792,176.64412864426953,178.47198486328125,162602100,0.0,0.0,NVDA,USD
2026-03-26 00:00:00-04:00,175.86504388946904,176.30451888215924,170.9407749866337,171.04066467285156,186152200,0.0,0.0,NVDA,USD
2026-03-27 00:00:00-04:00,169.80209026823204,170.77096223786808,166.81556566439232,167.32498168945312,196212700,0.0,0.0,NVDA,USD
2026-03-30 00:00:00-04:00,168.58352034150624,169.25273855906806,164.07877596313077,164.97772216796875,185627000,0.0,0.0,NVDA,USD
2026-03-31 00:00:00-04:00,166.77563225072552,174.41672082635512,166.7656493784466,174.1969757080078,226181300,0.0,0.0,NVDA,USD
2026-04-01 00:00:00-04:00,175.79511913229018,177.16351944386196,174.54657425208924,175.54541015625,168132000,0.0,0.0,NVDA,USD
2026-04-02 00:00:00-04:00,171.97954556798163,177.28337661769746,171.170490985778,177.18348693847656,143143200,0.0,0.0,NVDA,USD
2026-04-06 00:00:00-04:00,176.953760088437,177.58301630024127,175.55538077559635,177.43319702148438,107564300,0.0,0.0,NVDA,USD
2026-04-07 00:00:00-04:00,175.52541836668527,178.0225079733855,173.4578360976707,177.89266967773438,132534900,0.0,0.0,NVDA,USD
2026-04-08 00:00:00-04:00,184.28522303450282,185.0443328296099,180.09011531444295,181.8680419921875,147732700,0.0,0.0,NVDA,USD
2026-04-09 00:00:00-04:00,181.6283100364998,183.86570786090292,180.40972906189933,183.69590759277344,116428500,0.0,0.0,NVDA,USD
2026-04-10 00:00:00-04:00,184.09543736125556,189.77881591864653,184.08545448929232,188.41041564941406,160459500,0.0,0.0,NVDA,USD
2026-04-13 00:00:00-04:00,185.81343445538195,189.43921351677633,185.52377876103736,189.08961486816406,133648200,0.0,0.0,NVDA,USD
2026-04-14 00:00:00-04:00,190.61783708872017,196.28123474121094,190.54792650193752,196.28123474121094,161307000,0.0,0.0,NVDA,USD
2026-04-15 00:00:00-04:00,196.31119931453722,200.166706463506,195.5121427945441,198.63848876953125,185338400,0.0,0.0,NVDA,USD
2026-04-16 00:00:00-04:00,197.20015246424893,199.6173486077875,195.58204328148997,198.1190948486328,134012900,0.0,0.0,NVDA,USD
2026-04-17 00:00:00-04:00,199.66727910555997,201.46518667284232,199.03802288778024,201.44520568847656,160324400,0.0,0.0,NVDA,USD
2026-04-20 00:00:00-04:00,199.7471876833392,201.9346406188145,197.6096795882359,201.82476806640625,119381400,0.0,0.0,NVDA,USD
2026-04-21 00:00:00-04:00,201.89470437258373,202.51397775047528,198.76834314349978,199.64732360839844,107945300,0.0,0.0,NVDA,USD
2026-04-22 00:00:00-04:00,200.75603026628932,202.26426696777344,198.76834136586132,202.26426696777344,107501000,0.0,0.0,NVDA,USD
2026-04-23 00:00:00-04:00,202.22431724671497,203.59271751351986,196.99041179336916,199.4075927734375,113561800,0.0,0.0,NVDA,USD
2026-04-24 00:00:00-04:00,199.72721882416832,210.70441481695215,199.57738430538978,208.0275421142578,214134400,0.0,0.0,NVDA,USD
2026-04-27 00:00:00-04:00,209.4059296471886,216.5775789683675,207.13858324348888,216.3578338623047,187172400,0.0,0.0,NVDA,USD
2026-04-28 00:00:00-04:00,209.24613572912838,214.4800260296235,207.95762889823203,212.92184448242188,180275400,0.0,0.0,NVDA,USD
2026-04-29 00:00:00-04:00,212.4523894424142,212.47237042757808,207.33835459433345,209.00640869140625,123711800,0.0,0.0,NVDA,USD
2026-04-30 00:00:00-04:00,209.68560172993963,210.05518135667162,198.46867945247158,199.33767700195312,225239200,0.0,0.0,NVDA,USD
2026-05-01 00:00:00-04:00,201.0456862731779,202.76368521944246,196.89052532216473,198.21897888183594,128647000,0.0,0.0,NVDA,USD
2026-05-04 00:00:00-04:00,199.26774870200734,201.49514834231712,194.51329562325486,198.24893188476562,125368100,0.0,0.0,NVDA,USD
2026-05-05 00:00:00-04:00,199.06798360144137,200.00689171848026,195.80178617585554,196.271240234375,113406600,0.0,0.0,NVDA,USD
2026-05-06 00:00:00-04:00,199.65729931010404,208.0275486883452,198.37879062945476,207.5880584716797,188362800,0.0,0.0,NVDA,USD
2026-05-07 00:00:00-04:00,208.0974592073836,213.95063795079753,206.25960488465944,211.2537841796875,168307900,0.0,0.0,NVDA,USD
2026-05-08 00:00:00-04:00,212.7820061205359,217.5464575316693,212.642169707093,214.94947814941406,136421400,0.0,0.0,NVDA,USD
2026-05-11 00:00:00-04:00,213.79081709888328,222.04121091513153,213.64099781886503,219.18453979492188,160685800,0.0,0.0,NVDA,USD
2026-05-12 00:00:00-04:00,218.29558003818886,223.48952345691538,214.6698009927987,220.52297973632812,159176600,0.0,0.0,NVDA,USD
2026-05-13 00:00:00-04:00,224.6681467194947,227.57476278227756,221.3120728008497,225.56710815429688,150405400,0.0,0.0,NVDA,USD
2026-05-14 00:00:00-04:00,229.58243343997336,236.26463268418732,229.03307065698914,235.465576171875,180782900,0.0,0.0,NVDA,USD
2026-05-15 00:00:00-04:00,229.49252726355346,231.23050718880455,223.97896415639156,225.05770874023438,180977600,0.0,0.0,NVDA,USD
2026-05-18 00:00:00-04:00,229.60240180074675,229.7322553439391,218.1157890335498,222.0612030029297,146280900,0.0,0.0,NVDA,USD
2026-05-19 00:00:00-04:00,219.36432694236115,224.21866983705235,217.6563261548179,220.35317993164062,140948200,0.0,0.0,NVDA,USD
2026-05-20 00:00:00-04:00,222.9201831873553,225.8667612103758,220.2433103590018,223.20985412597656,184201600,0.0,0.0,NVDA,USD
2026-05-21 00:00:00-04:00,222.03121805596584,227.13526994336974,217.6762930684293,219.25445556640625,203381800,0.0,0.0,NVDA,USD
2026-05-22 00:00:00-04:00,220.64283833374193,220.75271088945502,214.54994865072538,215.07933044433594,169275700,0.0,0.0,NVDA,USD
2026-05-26 00:00:00-04:00,216.28791550863897,217.92600574795006,211.75320730356688,214.60987854003906,187202600,0.0,0.0,NVDA,USD
2026-05-27 00:00:00-04:00,213.87072806866348,213.90069192498567,208.53694826896,212.35250854492188,167601200,0.0,0.0,NVDA,USD
2026-05-28 00:00:00-04:00,211.03403615445995,215.2691056248748,210.97410844231206,214.00057983398438,143996000,0.0,0.0,NVDA,USD
2026-05-29 00:00:00-04:00,214.33020874183248,217.6063892667686,210.88422794322287,210.8942108154297,289410600,0.0,0.0,NVDA,USD
2026-06-01 00:00:00-04:00,215.47885750139108,224.60821672379726,215.44889364463796,224.09881591796875,212850700,0.0,0.0,NVDA,USD
2026-06-02 00:00:00-04:00,226.91551751623658,232.00958636747916,221.09231801448135,222.56060791015625,193362900,0.0,0.0,NVDA,USD
2026-06-03 00:00:00-04:00,221.46188713313538,222.56061267075634,214.2602739078757,214.5,160907000,0.0,0.0,NVDA,USD
2026-06-04 00:00:00-04:00,213.91000366210938,221.60000610351562,210.97000122070312,218.66000366210938,169022200,0.25,0.0,NVDA,USD
2026-06-05 00:00:00-04:00,214.42999267578125,214.8699951171875,204.33999633789062,205.10000610351562,215650478,0.0,0.0,NVDA,USD
2025-06-06 00:00:00-04:00,125.94100189208984,126.0,123.55500030517578,124.14700317382812,25570000,0.0,0.0,NFLX,USD
2025-06-09 00:00:00-04:00,123.88800048828125,123.88800048828125,122.15699768066406,122.44599914550781,24031000,0.0,0.0,NFLX,USD
2025-06-10 00:00:00-04:00,122.75199890136719,122.75199890136719,118.06099700927734,120.36199951171875,44544000,0.0,0.0,NFLX,USD
2025-06-11 00:00:00-04:00,120.26000213623047,122.8290023803711,119.60099792480469,121.98799896240234,23823000,0.0,0.0,NFLX,USD
2025-06-12 00:00:00-04:00,122.25900268554688,123.0,121.19599914550781,121.50299835205078,20846000,0.0,0.0,NFLX,USD
2025-06-13 00:00:00-04:00,120.65899658203125,122.06199645996094,120.18900299072266,121.21499633789062,22103000,0.0,0.0,NFLX,USD
2025-06-16 00:00:00-04:00,121.22000122070312,122.625,121.22000122070312,122.53500366210938,21128000,0.0,0.0,NFLX,USD
2025-06-17 00:00:00-04:00,121.99500274658203,123.23600006103516,121.60900115966797,122.06700134277344,18921000,0.0,0.0,NFLX,USD
2025-06-18 00:00:00-04:00,122.9990005493164,124.19999694824219,122.05000305175781,122.22899627685547,22810000,0.0,0.0,NFLX,USD
2025-06-20 00:00:00-04:00,123.44499969482422,124.8499984741211,122.43499755859375,123.14099884033203,53482000,0.0,0.0,NFLX,USD
2025-06-23 00:00:00-04:00,123.8030014038086,125.48400115966797,121.5009994506836,125.35399627685547,26673000,0.0,0.0,NFLX,USD
2025-06-24 00:00:00-04:00,126.05500030517578,128.2570037841797,125.5,127.91100311279297,26633000,0.0,0.0,NFLX,USD
2025-06-25 00:00:00-04:00,128.6840057373047,129.8000030517578,127.38099670410156,127.5250015258789,21465000,0.0,0.0,NFLX,USD
2025-06-26 00:00:00-04:00,128.0,130.73399353027344,128.0,130.66700744628906,26059000,0.0,0.0,NFLX,USD
2025-06-27 00:00:00-04:00,130.68800354003906,133.13499450683594,130.10000610351562,132.31199645996094,40709000,0.0,0.0,NFLX,USD
2025-06-30 00:00:00-04:00,133.10000610351562,134.11500549316406,132.12100219726562,133.91299438476562,32829000,0.0,0.0,NFLX,USD
2025-07-01 00:00:00-04:00,133.822998046875,133.8769989013672,128.2220001220703,129.36000061035156,49936000,0.0,0.0,NFLX,USD
2025-07-02 00:00:00-04:00,129.6959991455078,129.9949951171875,127.15899658203125,128.48599243164062,30488000,0.0,0.0,NFLX,USD
2025-07-03 00:00:00-04:00,129.1999969482422,130.2259979248047,127.97599792480469,129.71800231933594,20062000,0.0,0.0,NFLX,USD
2025-07-07 00:00:00-04:00,129.5,129.5,127.60199737548828,128.96200561523438,22737000,0.0,0.0,NFLX,USD
2025-07-08 00:00:00-04:00,129.08999633789062,129.3249969482422,126.0,127.53099822998047,32925000,0.0,0.0,NFLX,USD
2025-07-09 00:00:00-04:00,127.39900207519531,128.82899475097656,126.6240005493164,128.8280029296875,23845000,0.0,0.0,NFLX,USD
2025-07-10 00:00:00-04:00,128.5500030517578,128.9600067138672,124.60099792480469,125.05899810791016,42308000,0.0,0.0,NFLX,USD
2025-07-11 00:00:00-04:00,125.97899627685547,126.0999984741211,123.12999725341797,124.51100158691406,39572000,0.0,0.0,NFLX,USD
2025-07-14 00:00:00-04:00,124.49099731445312,127.04900360107422,124.0,126.19499969482422,27810000,0.0,0.0,NFLX,USD
2025-07-15 00:00:00-04:00,126.19999694824219,127.12200164794922,124.3239974975586,126.0270004272461,28017000,0.0,0.0,NFLX,USD
2025-07-16 00:00:00-04:00,126.1709976196289,127.0999984741211,124.98200225830078,125.03099822998047,32270000,0.0,0.0,NFLX,USD
2025-07-17 00:00:00-04:00,125.30000305175781,127.75,124.4800033569336,127.41699981689453,64699000,0.0,0.0,NFLX,USD
2025-07-18 00:00:00-04:00,124.19599914550781,124.6500015258789,120.10099792480469,120.92400360107422,106933000,0.0,0.0,NFLX,USD
2025-07-21 00:00:00-04:00,120.5999984741211,123.70999908447266,119.80000305175781,123.3270034790039,56276000,0.0,0.0,NFLX,USD
2025-07-22 00:00:00-04:00,123.03800201416016,123.23699951171875,118.75,119.00800323486328,50630000,0.0,0.0,NFLX,USD
2025-07-23 00:00:00-04:00,118.98100280761719,119.26200103759766,117.36000061035156,117.6780014038086,45043000,0.0,0.0,NFLX,USD
2025-07-24 00:00:00-04:00,117.77999877929688,118.3499984741211,116.26599884033203,118.07599639892578,38456000,0.0,0.0,NFLX,USD
2025-07-25 00:00:00-04:00,117.84200286865234,118.73200225830078,117.43800354003906,118.04900360107422,26293000,0.0,0.0,NFLX,USD
2025-07-28 00:00:00-04:00,118.12000274658203,119.77899932861328,116.85299682617188,117.45999908447266,34470000,0.0,0.0,NFLX,USD
2025-07-29 00:00:00-04:00,117.9000015258789,117.95999908447266,116.3290023803711,116.8740005493164,27525000,0.0,0.0,NFLX,USD
2025-07-30 00:00:00-04:00,116.8550033569336,118.48500061035156,116.61000061035156,118.41999816894531,29227000,0.0,0.0,NFLX,USD
2025-07-31 00:00:00-04:00,118.4800033569336,119.0,115.77400207519531,115.94000244140625,37129000,0.0,0.0,NFLX,USD
2025-08-01 00:00:00-04:00,116.3010025024414,117.85099792480469,115.28500366210938,115.86000061035156,38910000,0.0,0.0,NFLX,USD
2025-08-04 00:00:00-04:00,116.76499938964844,117.69999694824219,116.26200103759766,117.0989990234375,22447000,0.0,0.0,NFLX,USD
2025-08-05 00:00:00-04:00,117.0999984741211,117.1709976196289,114.47100067138672,114.78700256347656,26607000,0.0,0.0,NFLX,USD
2025-08-06 00:00:00-04:00,115.35199737548828,118.13800048828125,115.18699645996094,117.8479995727539,33622000,0.0,0.0,NFLX,USD
2025-08-07 00:00:00-04:00,118.1760025024414,119.12200164794922,116.81999969482422,118.03700256347656,26283000,0.0,0.0,NFLX,USD
2025-08-08 00:00:00-04:00,118.31900024414062,121.41100311279297,118.03700256347656,121.16400146484375,38167000,0.0,0.0,NFLX,USD
2025-08-11 00:00:00-04:00,121.4010009765625,122.30699920654297,120.19300079345703,121.83100128173828,24556000,0.0,0.0,NFLX,USD
2025-08-12 00:00:00-04:00,122.5,123.1989974975586,120.6510009765625,122.52799987792969,22788000,0.0,0.0,NFLX,USD
2025-08-13 00:00:00-04:00,123.4000015258789,123.71199798583984,120.30000305175781,120.44400024414062,27624000,0.0,0.0,NFLX,USD
2025-08-14 00:00:00-04:00,120.98899841308594,124.40899658203125,120.7030029296875,123.05599975585938,39047000,0.0,0.0,NFLX,USD
2025-08-15 00:00:00-04:00,123.40399932861328,124.69400024414062,122.78800201416016,123.8949966430664,27678000,0.0,0.0,NFLX,USD
2025-08-18 00:00:00-04:00,123.56300354003906,125.11599731445312,123.54499816894531,124.50900268554688,21111000,0.0,0.0,NFLX,USD
2025-08-19 00:00:00-04:00,124.0199966430664,124.0999984741211,119.27899932861328,121.41500091552734,37077000,0.0,0.0,NFLX,USD
2025-08-20 00:00:00-04:00,121.80000305175781,122.30000305175781,119.33100128173828,121.38600158691406,24344000,0.0,0.0,NFLX,USD
2025-08-21 00:00:00-04:00,121.14299774169922,122.13999938964844,119.76399993896484,120.62100219726562,20472000,0.0,0.0,NFLX,USD
2025-08-22 00:00:00-04:00,120.88800048828125,121.36199951171875,119.822998046875,120.46499633789062,31281000,0.0,0.0,NFLX,USD
2025-08-25 00:00:00-04:00,120.16500091552734,123.37999725341797,119.9000015258789,121.80699920654297,28120000,0.0,0.0,NFLX,USD
2025-08-26 00:00:00-04:00,122.02100372314453,123.1500015258789,121.22000122070312,122.60900115966797,19857000,0.0,0.0,NFLX,USD
2025-08-27 00:00:00-04:00,122.36100006103516,122.9209976196289,121.30000305175781,122.3499984741211,16645000,0.0,0.0,NFLX,USD
2025-08-28 00:00:00-04:00,122.27899932861328,123.78900146484375,121.427001953125,123.1449966430664,19503000,0.0,0.0,NFLX,USD
2025-08-29 00:00:00-04:00,122.7969970703125,122.87899780273438,120.11499786376953,120.82499694824219,32098000,0.0,0.0,NFLX,USD
2025-09-02 00:00:00-04:00,119.69999694824219,121.54000091552734,118.27999877929688,121.41100311279297,23033000,0.0,0.0,NFLX,USD
2025-09-03 00:00:00-04:00,120.51399993896484,122.69999694824219,120.33799743652344,122.61799621582031,24715000,0.0,0.0,NFLX,USD
2025-09-04 00:00:00-04:00,122.31999969482422,125.74800109863281,122.30899810791016,125.74800109863281,30235000,0.0,0.0,NFLX,USD
2025-09-05 00:00:00-04:00,126.0,126.70999908447266,123.9020004272461,124.38200378417969,23797000,0.0,0.0,NFLX,USD
2025-09-08 00:00:00-04:00,124.85399627685547,125.2040023803711,123.19999694824219,124.47599792480469,19151000,0.0,0.0,NFLX,USD
2025-09-09 00:00:00-04:00,124.66699981689453,126.5719985961914,124.66699981689453,126.32499694824219,22197000,0.0,0.0,NFLX,USD
2025-09-10 00:00:00-04:00,126.39700317382812,126.69999694824219,124.63600158691406,124.77100372314453,27010000,0.0,0.0,NFLX,USD
2025-09-11 00:00:00-04:00,125.0999984741211,125.34500122070312,119.19999694824219,120.3499984741211,56823000,0.0,0.0,NFLX,USD
2025-09-12 00:00:00-04:00,120.30599975585938,121.1780014038086,118.23999786376953,118.84400177001953,37849000,0.0,0.0,NFLX,USD
2025-09-15 00:00:00-04:00,118.83999633789062,120.7239990234375,117.32099914550781,120.22599792480469,29093000,0.0,0.0,NFLX,USD
2025-09-16 00:00:00-04:00,120.56400299072266,120.9000015258789,119.72799682617188,120.0510025024414,24047000,0.0,0.0,NFLX,USD
2025-09-17 00:00:00-04:00,122.10199737548828,123.39299774169922,120.66100311279297,122.8499984741211,34598000,0.0,0.0,NFLX,USD
2025-09-18 00:00:00-04:00,122.08200073242188,123.30000305175781,120.55000305175781,120.77799987792969,31691000,0.0,0.0,NFLX,USD
2025-09-19 00:00:00-04:00,121.86199951171875,122.99500274658203,120.80999755859375,122.6969985961914,49476000,0.0,0.0,NFLX,USD
2025-09-22 00:00:00-04:00,122.19000244140625,122.97599792480469,121.42400360107422,122.73699951171875,25468000,0.0,0.0,NFLX,USD
2025-09-23 00:00:00-04:00,122.73300170898438,122.77899932861328,120.84700012207031,121.84700012207031,24991000,0.0,0.0,NFLX,USD
2025-09-24 00:00:00-04:00,121.86100006103516,122.1500015258789,119.41999816894531,120.3949966430664,27731000,0.0,0.0,NFLX,USD
2025-09-25 00:00:00-04:00,120.30899810791016,121.68399810791016,119.1510009765625,120.8239974975586,19978000,0.0,0.0,NFLX,USD
2025-09-26 00:00:00-04:00,120.54199981689453,121.4000015258789,120.0,121.06099700927734,19450000,0.0,0.0,NFLX,USD
2025-09-29 00:00:00-04:00,120.5,122.4489974975586,118.75399780273438,120.64099884033203,30332000,0.0,0.0,NFLX,USD
2025-09-30 00:00:00-04:00,120.64099884033203,120.8499984741211,117.80000305175781,119.89199829101562,38303000,0.0,0.0,NFLX,USD
2025-10-01 00:00:00-04:00,117.54900360107422,117.91400146484375,116.32099914550781,117.08999633789062,41102000,0.0,0.0,NFLX,USD
2025-10-02 00:00:00-04:00,116.1500015258789,116.33300018310547,113.4000015258789,116.25299835205078,46855000,0.0,0.0,NFLX,USD
2025-10-03 00:00:00-04:00,116.5,116.80000305175781,114.3219985961914,115.33200073242188,31374000,0.0,0.0,NFLX,USD
2025-10-06 00:00:00-04:00,116.03700256347656,116.35800170898438,114.54499816894531,116.33100128173828,29686000,0.0,0.0,NFLX,USD
2025-10-07 00:00:00-04:00,117.77899932861328,120.13700103759766,117.74600219726562,119.10600280761719,33091000,0.0,0.0,NFLX,USD
2025-10-08 00:00:00-04:00,119.71099853515625,121.73899841308594,119.19999694824219,121.42500305175781,28514000,0.0,0.0,NFLX,USD
2025-10-09 00:00:00-04:00,121.42500305175781,123.75,121.18199920654297,123.10700225830078,28241000,0.0,0.0,NFLX,USD
2025-10-10 00:00:00-04:00,122.9000015258789,124.69999694824219,121.91000366210938,122.00800323486328,42798000,0.0,0.0,NFLX,USD
2025-10-13 00:00:00-04:00,122.13500213623047,123.11199951171875,120.68099975585938,121.90299987792969,24608000,0.0,0.0,NFLX,USD
2025-10-14 00:00:00-04:00,121.4749984741211,122.42900085449219,120.30999755859375,121.53500366210938,23624000,0.0,0.0,NFLX,USD
2025-10-15 00:00:00-04:00,121.3010025024414,121.96199798583984,120.16100311279297,120.3290023803711,20252000,0.0,0.0,NFLX,USD
2025-10-16 00:00:00-04:00,121.21499633789062,121.6709976196289,117.5999984741211,118.35900115966797,28326000,0.0,0.0,NFLX,USD
2025-10-17 00:00:00-04:00,118.36000061035156,120.31199645996094,117.8949966430664,119.93599700927734,29571000,0.0,0.0,NFLX,USD
2025-10-20 00:00:00-04:00,120.78800201416016,124.7760009765625,120.69000244140625,123.85600280761719,39862000,0.0,0.0,NFLX,USD
2025-10-21 00:00:00-04:00,124.28299713134766,124.86000061035156,123.1760025024414,124.13500213623047,65082000,0.0,0.0,NFLX,USD
2025-10-22 00:00:00-04:00,114.29000091552734,115.76000213623047,111.2509994506836,111.63700103759766,147890000,0.0,0.0,NFLX,USD
2025-10-23 00:00:00-04:00,112.69000244140625,112.78299713134766,109.9729995727539,111.35900115966797,68497000,0.0,0.0,NFLX,USD
2025-10-24 00:00:00-04:00,111.0999984741211,111.45099639892578,109.44100189208984,109.46900177001953,60280000,0.0,0.0,NFLX,USD
2025-10-27 00:00:00-04:00,110.06700134277344,110.22799682617188,108.7300033569336,109.45600128173828,46911000,0.0,0.0,NFLX,USD
2025-10-28 00:00:00-04:00,109.4000015258789,111.697998046875,109.3010025024414,110.25,40209000,0.0,0.0,NFLX,USD
2025-10-29 00:00:00-04:00,109.98400115966797,110.8550033569336,109.5999984741211,110.04100036621094,33995000,0.0,0.0,NFLX,USD
2025-10-30 00:00:00-04:00,109.44000244140625,110.61599731445312,108.81099700927734,108.9000015258789,41581000,0.0,0.0,NFLX,USD
2025-10-31 00:00:00-04:00,110.53900146484375,113.48799896240234,110.197998046875,111.88600158691406,68665000,0.0,0.0,NFLX,USD
2025-11-03 00:00:00-05:00,113.3239974975586,113.3499984741211,107.51499938964844,110.00900268554688,58634000,0.0,0.0,NFLX,USD
2025-11-04 00:00:00-05:00,109.9990005493164,110.45999908447266,108.66799926757812,109.2959976196289,38718000,0.0,0.0,NFLX,USD
2025-11-05 00:00:00-05:00,108.5,110.08499908447266,107.33699798583984,109.84600067138672,35539000,0.0,0.0,NFLX,USD
2025-11-06 00:00:00-05:00,109.45800018310547,110.37000274658203,108.51300048828125,109.7020034790039,36532000,0.0,0.0,NFLX,USD
2025-11-07 00:00:00-05:00,109.41799926757812,110.8219985961914,108.75,110.36599731445312,44125000,0.0,0.0,NFLX,USD
2025-11-10 00:00:00-05:00,110.6719970703125,112.81999969482422,110.40499877929688,112.00700378417969,36929000,0.0,0.0,NFLX,USD
2025-11-11 00:00:00-05:00,111.76000213623047,113.9219970703125,111.27999877929688,113.64399719238281,27966000,0.0,0.0,NFLX,USD
2025-11-12 00:00:00-05:00,113.81700134277344,116.43399810791016,112.82599639892578,115.75,39221000,0.0,0.0,NFLX,USD
2025-11-13 00:00:00-05:00,115.8499984741211,116.73300170898438,114.56900024414062,115.4229965209961,40144000,0.0,0.0,NFLX,USD
2025-11-14 00:00:00-05:00,114.27300262451172,114.27300262451172,110.72100067138672,111.21700286865234,47607000,0.0,0.0,NFLX,USD
2025-11-17 00:00:00-05:00,110.75,111.8499984741211,109.55000305175781,110.29000091552734,26082700,0.0,10.0,NFLX,USD
2025-11-18 00:00:00-05:00,110.29000091552734,115.25,109.19999694824219,114.08999633789062,43440600,0.0,0.0,NFLX,USD
2025-11-19 00:00:00-05:00,113.0,113.33999633789062,108.61000061035156,110.0,31868100,0.0,0.0,NFLX,USD
2025-11-20 00:00:00-05:00,111.0,111.0999984741211,105.38999938964844,105.66999816894531,36918500,0.0,0.0,NFLX,USD
2025-11-21 00:00:00-05:00,105.12999725341797,106.52999877929688,103.80999755859375,104.30999755859375,41232700,0.0,0.0,NFLX,USD
2025-11-24 00:00:00-05:00,104.25,108.04000091552734,103.31999969482422,106.97000122070312,62918300,0.0,0.0,NFLX,USD
2025-11-25 00:00:00-05:00,106.12000274658203,106.30000305175781,103.81999969482422,104.4000015258789,35122600,0.0,0.0,NFLX,USD
2025-11-26 00:00:00-05:00,105.73999786376953,106.94999694824219,105.22000122070312,106.13999938964844,27951000,0.0,0.0,NFLX,USD
2025-11-28 00:00:00-05:00,106.44000244140625,107.94000244140625,106.23999786376953,107.58000183105469,15021600,0.0,0.0,NFLX,USD
2025-12-01 00:00:00-05:00,106.51000213623047,109.33999633789062,106.30999755859375,109.12999725341797,24873400,0.0,0.0,NFLX,USD
2025-12-02 00:00:00-05:00,109.20999908447266,109.7300033569336,107.5199966430664,109.3499984741211,25763000,0.0,0.0,NFLX,USD
2025-12-03 00:00:00-05:00,106.58999633789062,106.87000274658203,102.02999877929688,103.95999908447266,53593400,0.0,0.0,NFLX,USD
2025-12-04 00:00:00-05:00,103.56999969482422,103.80000305175781,101.7699966430664,103.22000122070312,51779100,0.0,0.0,NFLX,USD
2025-12-05 00:00:00-05:00,98.77999877929688,104.79000091552734,97.73999786376953,100.23999786376953,133363600,0.0,0.0,NFLX,USD
2025-12-08 00:00:00-05:00,99.87000274658203,99.88999938964844,95.30000305175781,96.79000091552734,100906300,0.0,0.0,NFLX,USD
2025-12-09 00:00:00-05:00,97.02999877929688,97.23999786376953,95.44999694824219,96.70999908447266,51745600,0.0,0.0,NFLX,USD
2025-12-10 00:00:00-05:00,96.73999786376953,96.97000122070312,92.3499984741211,92.70999908447266,74129300,0.0,0.0,NFLX,USD
2025-12-11 00:00:00-05:00,93.9000015258789,94.81999969482422,92.76000213623047,94.08999633789062,43949000,0.0,0.0,NFLX,USD
2025-12-12 00:00:00-05:00,95.5,96.91999816894531,94.6500015258789,95.19000244140625,49323100,0.0,0.0,NFLX,USD
2025-12-15 00:00:00-05:00,96.0199966430664,96.37000274658203,93.52999877929688,93.7699966430664,40016500,0.0,0.0,NFLX,USD
2025-12-16 00:00:00-05:00,93.87999725341797,94.93000030517578,93.31999969482422,94.56999969482422,34265000,0.0,0.0,NFLX,USD
2025-12-17 00:00:00-05:00,95.9800033569336,97.33000183105469,94.45999908447266,94.79000091552734,50472800,0.0,0.0,NFLX,USD
2025-12-18 00:00:00-05:00,95.0199966430664,95.80999755859375,93.58999633789062,94.0,37244700,0.0,0.0,NFLX,USD
2025-12-19 00:00:00-05:00,93.56999969482422,95.54000091552734,93.44999694824219,94.38999938964844,78990200,0.0,0.0,NFLX,USD
2025-12-22 00:00:00-05:00,94.70999908447266,94.70999908447266,92.91000366210938,93.2300033569336,39484800,0.0,0.0,NFLX,USD
2025-12-23 00:00:00-05:00,93.4000015258789,93.80999755859375,91.33000183105469,93.5,25896200,0.0,0.0,NFLX,USD
2025-12-24 00:00:00-05:00,93.11000061035156,93.68000030517578,92.66999816894531,93.63999938964844,12427900,0.0,0.0,NFLX,USD
2025-12-26 00:00:00-05:00,93.4800033569336,94.69000244140625,93.2699966430664,94.47000122070312,22068300,0.0,0.0,NFLX,USD
2025-12-29 00:00:00-05:00,93.98999786376953,94.97000122070312,93.62999725341797,94.1500015258789,24493700,0.0,0.0,NFLX,USD
2025-12-30 00:00:00-05:00,93.5199966430664,93.98999786376953,93.33999633789062,93.77999877929688,23422000,0.0,0.0,NFLX,USD
2025-12-31 00:00:00-05:00,93.5999984741211,94.30999755859375,93.19999694824219,93.76000213623047,23495200,0.0,0.0,NFLX,USD
2026-01-02 00:00:00-05:00,94.12999725341797,94.12999725341797,90.80999755859375,90.98999786376953,41155400,0.0,0.0,NFLX,USD
2026-01-05 00:00:00-05:00,90.91999816894531,92.62999725341797,90.83999633789062,91.45999908447266,39183300,0.0,0.0,NFLX,USD
2026-01-06 00:00:00-05:00,91.54000091552734,91.63999938964844,89.73999786376953,90.6500015258789,43331000,0.0,0.0,NFLX,USD
2026-01-07 00:00:00-05:00,91.55999755859375,92.41999816894531,90.05999755859375,90.7300033569336,36525700,0.0,0.0,NFLX,USD
2026-01-08 00:00:00-05:00,90.44999694824219,91.25,89.58000183105469,90.52999877929688,40068700,0.0,0.0,NFLX,USD
2026-01-09 00:00:00-05:00,90.02999877929688,90.05000305175781,88.31999969482422,89.45999908447266,55579500,0.0,0.0,NFLX,USD
2026-01-12 00:00:00-05:00,89.69000244140625,90.33999633789062,89.33000183105469,89.41000366210938,36290600,0.0,0.0,NFLX,USD
2026-01-13 00:00:00-05:00,89.44000244140625,91.1500015258789,89.06999969482422,90.31999969482422,45221100,0.0,0.0,NFLX,USD
2026-01-14 00:00:00-05:00,91.23999786376953,91.58000183105469,87.94999694824219,88.55000305175781,49737700,0.0,0.0,NFLX,USD
2026-01-15 00:00:00-05:00,89.0199966430664,89.88999938964844,87.81999969482422,88.05000305175781,36945100,0.0,0.0,NFLX,USD
2026-01-16 00:00:00-05:00,88.33999633789062,88.51000213623047,87.77999877929688,88.0,48130500,0.0,0.0,NFLX,USD
2026-01-20 00:00:00-05:00,88.97000122070312,89.9000015258789,87.0199966430664,87.26000213623047,109729700,0.0,0.0,NFLX,USD
2026-01-21 00:00:00-05:00,82.5199966430664,86.0,81.93000030517578,85.36000061035156,127940700,0.0,0.0,NFLX,USD
2026-01-22 00:00:00-05:00,85.0199966430664,85.0999984741211,82.9800033569336,83.54000091552734,69113300,0.0,0.0,NFLX,USD
2026-01-23 00:00:00-05:00,83.43000030517578,86.30000305175781,83.27999877929688,86.12000274658203,64520400,0.0,0.0,NFLX,USD
2026-01-26 00:00:00-05:00,86.91999816894531,86.94000244140625,85.3499984741211,85.69999694824219,40941900,0.0,0.0,NFLX,USD
2026-01-27 00:00:00-05:00,85.27999877929688,85.5999984741211,83.87999725341797,85.58000183105469,37790800,0.0,0.0,NFLX,USD
2026-01-28 00:00:00-05:00,85.62999725341797,86.47000122070312,84.30000305175781,84.63999938964844,37762600,0.0,0.0,NFLX,USD
2026-01-29 00:00:00-05:00,84.30999755859375,84.37999725341797,82.3499984741211,83.16000366210938,42278100,0.0,0.0,NFLX,USD
2026-01-30 00:00:00-05:00,83.0999984741211,84.05999755859375,82.77999877929688,83.48999786376953,45755000,0.0,0.0,NFLX,USD
2026-02-02 00:00:00-05:00,83.52999877929688,85.2699966430664,82.72000122070312,82.76000213623047,41445300,0.0,0.0,NFLX,USD
2026-02-03 00:00:00-05:00,82.2300033569336,82.44999694824219,79.62000274658203,79.94000244140625,49789000,0.0,0.0,NFLX,USD
2026-02-04 00:00:00-05:00,79.98999786376953,81.44000244140625,79.2300033569336,80.16000366210938,48963200,0.0,0.0,NFLX,USD
2026-02-05 00:00:00-05:00,81.48999786376953,83.30000305175781,80.54000091552734,80.87000274658203,54805700,0.0,0.0,NFLX,USD
2026-02-06 00:00:00-05:00,81.0199966430664,82.48999786376953,80.6500015258789,82.19999694824219,46154100,0.0,0.0,NFLX,USD
2026-02-09 00:00:00-05:00,82.18000030517578,82.20999908447266,79.87000274658203,81.47000122070312,42200200,0.0,0.0,NFLX,USD
2026-02-10 00:00:00-05:00,82.72000122070312,84.66000366210938,82.08999633789062,82.20999908447266,43595800,0.0,0.0,NFLX,USD
2026-02-11 00:00:00-05:00,81.95999908447266,82.4800033569336,79.44999694824219,79.62000274658203,40840300,0.0,0.0,NFLX,USD
2026-02-12 00:00:00-05:00,79.11000061035156,79.1500015258789,75.2300033569336,75.86000061035156,73516100,0.0,0.0,NFLX,USD
2026-02-13 00:00:00-05:00,76.13999938964844,77.18000030517578,75.52999877929688,76.87000274658203,42292100,0.0,0.0,NFLX,USD
2026-02-17 00:00:00-05:00,76.91999816894531,77.87000274658203,75.30000305175781,77.0,35961500,0.0,0.0,NFLX,USD
2026-02-18 00:00:00-05:00,77.31999969482422,78.31999969482422,76.27999877929688,77.98999786376953,29883100,0.0,0.0,NFLX,USD
2026-02-19 00:00:00-05:00,77.75,78.69999694824219,76.58999633789062,77.0,30139200,0.0,0.0,NFLX,USD
2026-02-20 00:00:00-05:00,76.61000061035156,78.8499984741211,76.4000015258789,78.66999816894531,32411300,0.0,0.0,NFLX,USD
2026-02-23 00:00:00-05:00,77.79000091552734,77.83000183105469,75.01000213623047,76.0199966430664,38363000,0.0,0.0,NFLX,USD
2026-02-24 00:00:00-05:00,75.7300033569336,78.12000274658203,75.20999908447266,78.04000091552734,33079100,0.0,0.0,NFLX,USD
2026-02-25 00:00:00-05:00,79.43000030517578,83.12000274658203,79.25,82.69999694824219,69319300,0.0,0.0,NFLX,USD
2026-02-26 00:00:00-05:00,83.19999694824219,86.5,82.80000305175781,84.58999633789062,85642500,0.0,0.0,NFLX,USD
2026-02-27 00:00:00-05:00,94.30000305175781,96.75,90.58000183105469,96.23999786376953,200767000,0.0,0.0,NFLX,USD
2026-03-02 00:00:00-05:00,95.26000213623047,98.06999969482422,95.19999694824219,97.08999633789062,79915400,0.0,0.0,NFLX,USD
2026-03-03 00:00:00-05:00,96.01000213623047,98.45999908447266,95.33000183105469,97.69999694824219,59149000,0.0,0.0,NFLX,USD
2026-03-04 00:00:00-05:00,97.11000061035156,99.75,96.98999786376953,98.66000366210938,52604300,0.0,0.0,NFLX,USD
2026-03-05 00:00:00-05:00,98.5,100.19000244140625,98.0999984741211,99.16999816894531,53403000,0.0,0.0,NFLX,USD
2026-03-06 00:00:00-05:00,99.33000183105469,99.87999725341797,97.4000015258789,99.0199966430664,41196300,0.0,0.0,NFLX,USD
2026-03-09 00:00:00-04:00,97.69999694824219,98.94000244140625,96.58000183105469,98.31999969482422,48589000,0.0,0.0,NFLX,USD
2026-03-10 00:00:00-04:00,97.80999755859375,98.48999786376953,96.29000091552734,96.94000244140625,41027200,0.0,0.0,NFLX,USD
2026-03-11 00:00:00-04:00,97.41000366210938,98.0,94.69000244140625,94.88999938964844,33962900,0.0,0.0,NFLX,USD
2026-03-12 00:00:00-04:00,94.86000061035156,95.4000015258789,93.87000274658203,94.30999755859375,34206900,0.0,0.0,NFLX,USD
2026-03-13 00:00:00-04:00,94.63999938964844,95.68000030517578,94.23999786376953,95.30999755859375,29876700,0.0,0.0,NFLX,USD
2026-03-16 00:00:00-04:00,95.58000183105469,96.0999984741211,94.36000061035156,95.19999694824219,34931800,0.0,0.0,NFLX,USD
2026-03-17 00:00:00-04:00,95.30000305175781,96.33999633789062,94.01000213623047,94.36000061035156,26434500,0.0,0.0,NFLX,USD
2026-03-18 00:00:00-04:00,94.44999694824219,95.33999633789062,93.61000061035156,94.69999694824219,27878300,0.0,0.0,NFLX,USD
2026-03-19 00:00:00-04:00,94.30999755859375,95.75,90.77999877929688,91.73999786376953,40169300,0.0,0.0,NFLX,USD
2026-03-20 00:00:00-04:00,91.30999755859375,91.87999725341797,90.69000244140625,91.81999969482422,61678000,0.0,0.0,NFLX,USD
2026-03-23 00:00:00-04:00,92.04000091552734,93.9800033569336,91.86000061035156,93.37999725341797,34315900,0.0,0.0,NFLX,USD
2026-03-24 00:00:00-04:00,92.79000091552734,93.73999786376953,90.81999969482422,90.91999816894531,28938000,0.0,0.0,NFLX,USD
2026-03-25 00:00:00-04:00,91.70999908447266,92.5199966430664,91.23999786376953,92.27999877929688,29545600,0.0,0.0,NFLX,USD
2026-03-26 00:00:00-04:00,91.5199966430664,95.86000061035156,91.01000213623047,93.31999969482422,59522000,0.0,0.0,NFLX,USD
2026-03-27 00:00:00-04:00,94.56999969482422,95.58000183105469,92.73999786376953,93.43000030517578,44590700,0.0,0.0,NFLX,USD
2026-03-30 00:00:00-04:00,92.75,94.48999786376953,92.22000122070312,92.97000122070312,32375100,0.0,0.0,NFLX,USD
2026-03-31 00:00:00-04:00,93.02999877929688,96.26000213623047,93.02999877929688,96.1500015258789,54270000,0.0,0.0,NFLX,USD
2026-04-01 00:00:00-04:00,96.47000122070312,97.19999694824219,94.26000213623047,95.55000305175781,30439300,0.0,0.0,NFLX,USD
2026-04-02 00:00:00-04:00,95.2699966430664,98.70999908447266,95.16999816894531,98.66000366210938,37068000,0.0,0.0,NFLX,USD
2026-04-06 00:00:00-04:00,100.95999908447266,102.69000244140625,97.97000122070312,98.93000030517578,37029300,0.0,0.0,NFLX,USD
2026-04-07 00:00:00-04:00,98.55000305175781,99.87999725341797,98.25,98.81999969482422,25016700,0.0,0.0,NFLX,USD
2026-04-08 00:00:00-04:00,100.31999969482422,100.4000015258789,97.44000244140625,99.38999938964844,30957600,0.0,0.0,NFLX,USD
2026-04-09 00:00:00-04:00,99.62999725341797,102.33999633789062,99.08000183105469,102.05000305175781,35087800,0.0,0.0,NFLX,USD
2026-04-10 00:00:00-04:00,102.47000122070312,103.08000183105469,101.45999908447266,103.01000213623047,25769900,0.0,0.0,NFLX,USD
2026-04-13 00:00:00-04:00,103.02999877929688,103.66999816894531,102.05999755859375,103.16000366210938,26042800,0.0,0.0,NFLX,USD
2026-04-14 00:00:00-04:00,103.12000274658203,106.56999969482422,103.04000091552734,106.27999877929688,40534900,0.0,0.0,NFLX,USD
2026-04-15 00:00:00-04:00,105.9800033569336,107.8499984741211,105.04000091552734,107.70999908447266,38023700,0.0,0.0,NFLX,USD
2026-04-16 00:00:00-04:00,107.47000122070312,108.94999694824219,106.62000274658203,107.79000091552734,64928300,0.0,0.0,NFLX,USD
2026-04-17 00:00:00-04:00,96.37000274658203,98.73999786376953,95.0999984741211,97.30999755859375,125958700,0.0,0.0,NFLX,USD
2026-04-20 00:00:00-04:00,97.13999938964844,97.5999984741211,93.54000091552734,94.83000183105469,63298300,0.0,0.0,NFLX,USD
2026-04-21 00:00:00-04:00,94.0,94.6500015258789,92.37000274658203,92.58000183105469,61962300,0.0,0.0,NFLX,USD
2026-04-22 00:00:00-04:00,93.05999755859375,93.8499984741211,92.7699966430664,93.23999786376953,33694300,0.0,0.0,NFLX,USD
2026-04-23 00:00:00-04:00,94.05999755859375,94.63999938964844,92.06999969482422,92.81999969482422,36851700,0.0,0.0,NFLX,USD
2026-04-24 00:00:00-04:00,92.56999969482422,93.27999877929688,91.80000305175781,92.44000244140625,32553200,0.0,0.0,NFLX,USD
2026-04-27 00:00:00-04:00,92.05000305175781,92.83999633789062,91.30000305175781,91.37000274658203,29707400,0.0,0.0,NFLX,USD
2026-04-28 00:00:00-04:00,91.5,92.33999633789062,90.0199966430664,92.2699966430664,33418100,0.0,0.0,NFLX,USD
2026-04-29 00:00:00-04:00,91.2300033569336,92.86000061035156,90.86000061035156,92.12000274658203,26122100,0.0,0.0,NFLX,USD
2026-04-30 00:00:00-04:00,91.3499984741211,94.22000122070312,90.7699966430664,93.61000061035156,40923000,0.0,0.0,NFLX,USD
2026-05-01 00:00:00-04:00,94.41999816894531,94.69999694824219,91.9000015258789,92.05999755859375,30406900,0.0,0.0,NFLX,USD
2026-05-04 00:00:00-04:00,92.0999984741211,92.33000183105469,90.88999938964844,91.0199966430664,25928800,0.0,0.0,NFLX,USD
2026-05-05 00:00:00-04:00,91.18000030517578,91.27999877929688,87.56999969482422,87.88999938964844,51961300,0.0,0.0,NFLX,USD
2026-05-06 00:00:00-04:00,87.1500015258789,88.55000305175781,86.72000122070312,88.2699966430664,41932400,0.0,0.0,NFLX,USD
2026-05-07 00:00:00-04:00,88.19999694824219,89.4000015258789,88.12999725341797,88.25,30627600,0.0,0.0,NFLX,USD
2026-05-08 00:00:00-04:00,87.70999908447266,88.04000091552734,87.20999908447266,87.48999786376953,36215100,0.0,0.0,NFLX,USD
2026-05-11 00:00:00-04:00,86.52999877929688,87.33999633789062,85.0999984741211,85.44999694824219,40556500,0.0,0.0,NFLX,USD
2026-05-12 00:00:00-04:00,85.91000366210938,89.16999816894531,85.80999755859375,87.66000366210938,43556600,0.0,0.0,NFLX,USD
2026-05-13 00:00:00-04:00,86.56999969482422,88.62000274658203,86.27999877929688,87.55999755859375,30823500,0.0,0.0,NFLX,USD
2026-05-14 00:00:00-04:00,87.62000274658203,88.5,86.6500015258789,86.94000244140625,29408300,0.0,0.0,NFLX,USD
2026-05-15 00:00:00-04:00,87.69000244140625,89.48999786376953,86.69000244140625,87.0199966430664,32335700,0.0,0.0,NFLX,USD
2026-05-18 00:00:00-04:00,86.5,89.81999969482422,86.33000183105469,89.6500015258789,35800500,0.0,0.0,NFLX,USD
2026-05-19 00:00:00-04:00,90.13999938964844,91.4800033569336,88.69000244140625,89.33000183105469,34545700,0.0,0.0,NFLX,USD
2026-05-20 00:00:00-04:00,88.5199966430664,88.55000305175781,87.5,88.08999633789062,23463400,0.0,0.0,NFLX,USD
2026-05-21 00:00:00-04:00,88.02999877929688,90.37000274658203,87.5199966430664,89.30000305175781,28613900,0.0,0.0,NFLX,USD
2026-05-22 00:00:00-04:00,89.0999984741211,89.97000122070312,88.16999816894531,88.5999984741211,23847200,0.0,0.0,NFLX,USD
2026-05-26 00:00:00-04:00,88.4000015258789,88.7300033569336,87.25,87.68000030517578,24014500,0.0,0.0,NFLX,USD
2026-05-27 00:00:00-04:00,87.05000305175781,88.5,86.81999969482422,87.3499984741211,22569500,0.0,0.0,NFLX,USD
2026-05-28 00:00:00-04:00,86.9000015258789,87.04000091552734,85.58999633789062,86.36000061035156,38803800,0.0,0.0,NFLX,USD
2026-05-29 00:00:00-04:00,86.19999694824219,86.66999816894531,85.66000366210938,86.0199966430664,39793600,0.0,0.0,NFLX,USD
2026-06-01 00:00:00-04:00,85.7300033569336,87.2300033569336,85.31999969482422,85.8499984741211,32747200,0.0,0.0,NFLX,USD
2026-06-02 00:00:00-04:00,85.61000061035156,85.9800033569336,83.29000091552734,83.33000183105469,42947200,0.0,0.0,NFLX,USD
2026-06-03 00:00:00-04:00,82.91000366210938,83.30999755859375,81.0999984741211,81.5199966430664,36714700,0.0,0.0,NFLX,USD
2026-06-04 00:00:00-04:00,83.19000244140625,83.69999694824219,81.37000274658203,81.55999755859375,39338800,0.0,0.0,NFLX,USD
2026-06-05 00:00:00-04:00,82.38400268554688,82.75,81.0,82.18000030517578,43333341,0.0,0.0,NFLX,USD
2025-06-06 00:00:00-04:00,20.170000076293945,20.440000534057617,20.030000686645508,20.059999465942383,70072800,0.0,0.0,INTC,USD
2025-06-09 00:00:00-04:00,20.219999313354492,20.959999084472656,20.219999313354492,20.479999542236328,92893900,0.0,0.0,INTC,USD
2025-06-10 00:00:00-04:00,20.5,22.440000534057617,20.280000686645508,22.079999923706055,171457000,0.0,0.0,INTC,USD
2025-06-11 00:00:00-04:00,21.780000686645508,21.829999923706055,20.3799991607666,20.68000030517578,146784500,0.0,0.0,INTC,USD
2025-06-12 00:00:00-04:00,20.5,20.979999542236328,20.40999984741211,20.770000457763672,78175900,0.0,0.0,INTC,USD
2025-06-13 00:00:00-04:00,20.329999923706055,20.600000381469727,20.100000381469727,20.139999389648438,87655900,0.0,0.0,INTC,USD
2025-06-16 00:00:00-04:00,20.40999984741211,20.93000030517578,20.299999237060547,20.739999771118164,86745100,0.0,0.0,INTC,USD
2025-06-17 00:00:00-04:00,20.6299991607666,21.479999542236328,20.6200008392334,20.799999237060547,87512200,0.0,0.0,INTC,USD
2025-06-18 00:00:00-04:00,20.809999465942383,21.600000381469727,20.65999984741211,21.489999771118164,94200600,0.0,0.0,INTC,USD
2025-06-20 00:00:00-04:00,21.700000762939453,21.889999389648438,20.8799991607666,21.079999923706055,133472800,0.0,0.0,INTC,USD
2025-06-23 00:00:00-04:00,21.06999969482422,21.579999923706055,20.729999542236328,21.190000534057617,81461000,0.0,0.0,INTC,USD
2025-06-24 00:00:00-04:00,21.34000015258789,22.690000534057617,21.329999923706055,22.549999237060547,130368700,0.0,0.0,INTC,USD
2025-06-25 00:00:00-04:00,22.579999923706055,22.770000457763672,22.1299991607666,22.200000762939453,64975100,0.0,0.0,INTC,USD
2025-06-26 00:00:00-04:00,22.399999618530273,22.6200008392334,22.209999084472656,22.5,63229300,0.0,0.0,INTC,USD
2025-06-27 00:00:00-04:00,22.709999084472656,23.3799991607666,22.420000076293945,22.690000534057617,95542400,0.0,0.0,INTC,USD
2025-06-30 00:00:00-04:00,22.969999313354492,22.969999313354492,22.270000457763672,22.399999618530273,77102400,0.0,0.0,INTC,USD
2025-07-01 00:00:00-04:00,22.329999923706055,23.15999984741211,22.280000686645508,22.850000381469727,79094900,0.0,0.0,INTC,USD
2025-07-02 00:00:00-04:00,22.530000686645508,22.770000457763672,21.520000457763672,21.8799991607666,138245300,0.0,0.0,INTC,USD
2025-07-03 00:00:00-04:00,22.149999618530273,22.6299991607666,21.989999771118164,22.489999771118164,61176000,0.0,0.0,INTC,USD
2025-07-07 00:00:00-04:00,22.209999084472656,22.389999389648438,21.860000610351562,22.0,80725200,0.0,0.0,INTC,USD
2025-07-08 00:00:00-04:00,22.18000030517578,23.790000915527344,22.1299991607666,23.59000015258789,119545500,0.0,0.0,INTC,USD
2025-07-09 00:00:00-04:00,23.290000915527344,23.530000686645508,23.1299991607666,23.440000534057617,70247700,0.0,0.0,INTC,USD
2025-07-10 00:00:00-04:00,23.6299991607666,24.040000915527344,23.479999542236328,23.81999969482422,54599800,0.0,0.0,INTC,USD
2025-07-11 00:00:00-04:00,23.559999465942383,23.65999984741211,23.15999984741211,23.43000030517578,49367900,0.0,0.0,INTC,USD
2025-07-14 00:00:00-04:00,23.239999771118164,23.399999618530273,22.8799991607666,23.299999237060547,48420500,0.0,0.0,INTC,USD
2025-07-15 00:00:00-04:00,23.56999969482422,23.780000686645508,22.899999618530273,22.920000076293945,66099400,0.0,0.0,INTC,USD
2025-07-16 00:00:00-04:00,22.989999771118164,23.1299991607666,22.25,22.690000534057617,58865900,0.0,0.0,INTC,USD
2025-07-17 00:00:00-04:00,22.65999984741211,23.049999237060547,22.59000015258789,22.799999237060547,49384000,0.0,0.0,INTC,USD
2025-07-18 00:00:00-04:00,23.219999313354492,23.59000015258789,22.899999618530273,23.100000381469727,60195600,0.0,0.0,INTC,USD
2025-07-21 00:00:00-04:00,23.399999618530273,23.829999923706055,23.15999984741211,23.260000228881836,61658000,0.0,0.0,INTC,USD
2025-07-22 00:00:00-04:00,23.34000015258789,23.540000915527344,23.079999923706055,23.239999771118164,53969800,0.0,0.0,INTC,USD
2025-07-23 00:00:00-04:00,23.260000228881836,23.6200008392334,22.920000076293945,23.489999771118164,68711700,0.0,0.0,INTC,USD
2025-07-24 00:00:00-04:00,23.489999771118164,23.579999923706055,22.600000381469727,22.6299991607666,131963300,0.0,0.0,INTC,USD
2025-07-25 00:00:00-04:00,20.68000030517578,21.049999237060547,20.360000610351562,20.700000762939453,245077700,0.0,0.0,INTC,USD
2025-07-28 00:00:00-04:00,20.81999969482422,21.290000915527344,20.649999618530273,20.68000030517578,86105600,0.0,0.0,INTC,USD
2025-07-29 00:00:00-04:00,20.690000534057617,20.850000381469727,20.34000015258789,20.40999984741211,100831500,0.0,0.0,INTC,USD
2025-07-30 00:00:00-04:00,20.43000030517578,20.6200008392334,20.079999923706055,20.34000015258789,67420300,0.0,0.0,INTC,USD
2025-07-31 00:00:00-04:00,20.170000076293945,20.229999542236328,19.65999984741211,19.799999237060547,90665200,0.0,0.0,INTC,USD
2025-08-01 00:00:00-04:00,19.5,19.549999237060547,18.969999313354492,19.309999465942383,86496100,0.0,0.0,INTC,USD
2025-08-04 00:00:00-04:00,19.520000457763672,19.59000015258789,19.350000381469727,19.5,69249400,0.0,0.0,INTC,USD
2025-08-05 00:00:00-04:00,19.700000762939453,20.540000915527344,19.68000030517578,20.190000534057617,97338200,0.0,0.0,INTC,USD
2025-08-06 00:00:00-04:00,20.1200008392334,20.479999542236328,19.8700008392334,20.40999984741211,67074200,0.0,0.0,INTC,USD
2025-08-07 00:00:00-04:00,20.0,20.440000534057617,19.600000381469727,19.770000457763672,131382800,0.0,0.0,INTC,USD
2025-08-08 00:00:00-04:00,20.0,20.020000457763672,19.610000610351562,19.950000762939453,75415000,0.0,0.0,INTC,USD
2025-08-11 00:00:00-04:00,20.450000762939453,21.600000381469727,20.440000534057617,20.649999618530273,175545600,0.0,0.0,INTC,USD
2025-08-12 00:00:00-04:00,21.200000762939453,21.860000610351562,20.760000228881836,21.809999465942383,134153600,0.0,0.0,INTC,USD
2025-08-13 00:00:00-04:00,21.6200008392334,22.299999237060547,21.360000610351562,22.219999313354492,86024400,0.0,0.0,INTC,USD
2025-08-14 00:00:00-04:00,21.989999771118164,24.200000762939453,21.899999618530273,23.860000610351562,188052500,0.0,0.0,INTC,USD
2025-08-15 00:00:00-04:00,25.010000228881836,25.649999618530273,24.110000610351562,24.559999465942383,310161100,0.0,0.0,INTC,USD
2025-08-18 00:00:00-04:00,24.0,24.899999618530273,23.209999084472656,23.65999984741211,212515600,0.0,0.0,INTC,USD
2025-08-19 00:00:00-04:00,24.940000534057617,26.530000686645508,24.940000534057617,25.309999465942383,297659200,0.0,0.0,INTC,USD
2025-08-20 00:00:00-04:00,24.899999618530273,24.93000030517578,23.329999923706055,23.540000915527344,161149400,0.0,0.0,INTC,USD
2025-08-21 00:00:00-04:00,23.530000686645508,23.56999969482422,22.780000686645508,23.5,97718300,0.0,0.0,INTC,USD
2025-08-22 00:00:00-04:00,23.649999618530273,25.229999542236328,23.649999618530273,24.799999237060547,200266800,0.0,0.0,INTC,USD
2025-08-25 00:00:00-04:00,25.5,25.8799991607666,24.440000534057617,24.549999237060547,156825600,0.0,0.0,INTC,USD
2025-08-26 00:00:00-04:00,24.579999923706055,24.739999771118164,24.100000381469727,24.350000381469727,78558200,0.0,0.0,INTC,USD
2025-08-27 00:00:00-04:00,24.190000534057617,24.989999771118164,24.049999237060547,24.850000381469727,90934400,0.0,0.0,INTC,USD
2025-08-28 00:00:00-04:00,24.959999084472656,25.139999389648438,24.610000610351562,24.93000030517578,60035100,0.0,0.0,INTC,USD
2025-08-29 00:00:00-04:00,24.760000228881836,24.969999313354492,24.280000686645508,24.350000381469727,63734400,0.0,0.0,INTC,USD
2025-09-02 00:00:00-04:00,23.8799991607666,24.239999771118164,23.68000030517578,24.209999084472656,57661800,0.0,0.0,INTC,USD
2025-09-03 00:00:00-04:00,24.09000015258789,24.09000015258789,23.719999313354492,24.0,47822900,0.0,0.0,INTC,USD
2025-09-04 00:00:00-04:00,23.850000381469727,24.639999389648438,23.75,24.610000610351562,59056500,0.0,0.0,INTC,USD
2025-09-05 00:00:00-04:00,24.600000381469727,24.709999084472656,24.170000076293945,24.489999771118164,55975300,0.0,0.0,INTC,USD
2025-09-08 00:00:00-04:00,24.479999542236328,24.739999771118164,24.1200008392334,24.479999542236328,51122100,0.0,0.0,INTC,USD
2025-09-09 00:00:00-04:00,24.530000686645508,24.809999465942383,24.270000457763672,24.440000534057617,42146200,0.0,0.0,INTC,USD
2025-09-10 00:00:00-04:00,24.420000076293945,24.8700008392334,24.280000686645508,24.770000457763672,61600700,0.0,0.0,INTC,USD
2025-09-11 00:00:00-04:00,24.760000228881836,24.93000030517578,24.56999969482422,24.610000610351562,55536900,0.0,0.0,INTC,USD
2025-09-12 00:00:00-04:00,24.610000610351562,24.6299991607666,24.049999237060547,24.079999923706055,52672800,0.0,0.0,INTC,USD
2025-09-15 00:00:00-04:00,24.329999923706055,25.459999084472656,24.219999313354492,24.770000457763672,83951600,0.0,0.0,INTC,USD
2025-09-16 00:00:00-04:00,24.81999969482422,25.34000015258789,24.690000534057617,25.270000457763672,60336600,0.0,0.0,INTC,USD
2025-09-17 00:00:00-04:00,25.079999923706055,25.260000228881836,24.450000762939453,24.899999618530273,63093700,0.0,0.0,INTC,USD
2025-09-18 00:00:00-04:00,31.780000686645508,32.380001068115234,30.15999984741211,30.56999969482422,523908000,0.0,0.0,INTC,USD
2025-09-19 00:00:00-04:00,30.3799991607666,30.6299991607666,29.329999923706055,29.579999923706055,225702900,0.0,0.0,INTC,USD
2025-09-22 00:00:00-04:00,29.670000076293945,30.100000381469727,28.729999542236328,28.760000228881836,130314500,0.0,0.0,INTC,USD
2025-09-23 00:00:00-04:00,28.989999771118164,30.200000762939453,28.81999969482422,29.34000015258789,126317900,0.0,0.0,INTC,USD
2025-09-24 00:00:00-04:00,29.3799991607666,31.700000762939453,29.229999542236328,31.219999313354492,164458500,0.0,0.0,INTC,USD
2025-09-25 00:00:00-04:00,31.610000610351562,34.25,31.209999084472656,33.9900016784668,295709300,0.0,0.0,INTC,USD
2025-09-26 00:00:00-04:00,35.02000045776367,36.29999923706055,34.4900016784668,35.5,268583300,0.0,0.0,INTC,USD
2025-09-29 00:00:00-04:00,34.52000045776367,35.04999923706055,33.72999954223633,34.47999954223633,152605900,0.0,0.0,INTC,USD
2025-09-30 00:00:00-04:00,33.93000030517578,34.2400016784668,33.02000045776367,33.54999923706055,124818400,0.0,0.0,INTC,USD
2025-10-01 00:00:00-04:00,33.529998779296875,36.060001373291016,33.5,35.939998626708984,162649700,0.0,0.0,INTC,USD
2025-10-02 00:00:00-04:00,35.7599983215332,37.56999969482422,35.439998626708984,37.29999923706055,149361700,0.0,0.0,INTC,USD
2025-10-03 00:00:00-04:00,37.95000076293945,38.08000183105469,36.45000076293945,36.83000183105469,125359300,0.0,0.0,INTC,USD
2025-10-06 00:00:00-04:00,37.189998626708984,38.68000030517578,36.43000030517578,36.59000015258789,112086100,0.0,0.0,INTC,USD
2025-10-07 00:00:00-04:00,36.63999938964844,38.04999923706055,36.349998474121094,37.16999816894531,111140200,0.0,0.0,INTC,USD
2025-10-08 00:00:00-04:00,36.54999923706055,37.790000915527344,35.90999984741211,37.43000030517578,103202100,0.0,0.0,INTC,USD
2025-10-09 00:00:00-04:00,37.529998779296875,38.099998474121094,36.86000061035156,37.79999923706055,89884700,0.0,0.0,INTC,USD
2025-10-10 00:00:00-04:00,38.459999084472656,39.650001525878906,36.29999923706055,36.369998931884766,183063300,0.0,0.0,INTC,USD
2025-10-13 00:00:00-04:00,36.439998626708984,37.5099983215332,36.279998779296875,37.220001220703125,104020700,0.0,0.0,INTC,USD
2025-10-14 00:00:00-04:00,36.0,36.54999923706055,34.689998626708984,35.630001068115234,117908300,0.0,0.0,INTC,USD
2025-10-15 00:00:00-04:00,36.400001525878906,37.4900016784668,35.63999938964844,37.150001525878906,99242700,0.0,0.0,INTC,USD
2025-10-16 00:00:00-04:00,37.150001525878906,38.02000045776367,36.40999984741211,36.84000015258789,83357800,0.0,0.0,INTC,USD
2025-10-17 00:00:00-04:00,36.36000061035156,38.380001068115234,36.08000183105469,37.0099983215332,119394700,0.0,0.0,INTC,USD
2025-10-20 00:00:00-04:00,37.56999969482422,38.52000045776367,37.560001373291016,38.099998474121094,80230200,0.0,0.0,INTC,USD
2025-10-21 00:00:00-04:00,38.13999938964844,38.349998474121094,37.66999816894531,38.119998931884766,73134900,0.0,0.0,INTC,USD
2025-10-22 00:00:00-04:00,37.84000015258789,37.93000030517578,36.040000915527344,36.91999816894531,87099900,0.0,0.0,INTC,USD
2025-10-23 00:00:00-04:00,36.599998474121094,38.400001525878906,36.43000030517578,38.15999984741211,121974200,0.0,0.0,INTC,USD
2025-10-24 00:00:00-04:00,40.02000045776367,41.119998931884766,37.83000183105469,38.279998779296875,246380000,0.0,0.0,INTC,USD
2025-10-27 00:00:00-04:00,38.38999938964844,40.66999816894531,38.22999954223633,39.540000915527344,160007600,0.0,0.0,INTC,USD
2025-10-28 00:00:00-04:00,39.59000015258789,42.47999954223633,39.540000915527344,41.529998779296875,181256400,0.0,0.0,INTC,USD
2025-10-29 00:00:00-04:00,41.599998474121094,42.040000915527344,40.91999816894531,41.34000015258789,106962900,0.0,0.0,INTC,USD
2025-10-30 00:00:00-04:00,40.970001220703125,41.43000030517578,40.11000061035156,40.15999984741211,84855500,0.0,0.0,INTC,USD
2025-10-31 00:00:00-04:00,40.68000030517578,40.83000183105469,39.790000915527344,39.9900016784668,80471400,0.0,0.0,INTC,USD
2025-11-03 00:00:00-05:00,40.25,40.45000076293945,39.04999923706055,39.5,61267500,0.0,0.0,INTC,USD
2025-11-04 00:00:00-05:00,38.13999938964844,38.25,36.630001068115234,37.029998779296875,102250300,0.0,0.0,INTC,USD
2025-11-05 00:00:00-05:00,37.41999816894531,38.689998626708984,37.11000061035156,38.380001068115234,74631600,0.0,0.0,INTC,USD
2025-11-06 00:00:00-05:00,38.34000015258789,39.84000015258789,36.79999923706055,37.2400016784668,77629900,0.0,0.0,INTC,USD
2025-11-07 00:00:00-05:00,37.2599983215332,38.27000045776367,36.970001220703125,38.130001068115234,95521400,0.0,0.0,INTC,USD
2025-11-10 00:00:00-05:00,38.93000030517578,39.529998779296875,37.970001220703125,38.45000076293945,77820300,0.0,0.0,INTC,USD
2025-11-11 00:00:00-05:00,38.150001525878906,38.220001220703125,37.4900016784668,37.880001068115234,53741900,0.0,0.0,INTC,USD
2025-11-12 00:00:00-05:00,38.060001373291016,38.20000076293945,37.349998474121094,37.88999938964844,53876000,0.0,0.0,INTC,USD
2025-11-13 00:00:00-05:00,37.27000045776367,37.310001373291016,35.45000076293945,35.90999984741211,95593200,0.0,0.0,INTC,USD
2025-11-14 00:00:00-05:00,35.029998779296875,36.099998474121094,34.619998931884766,35.52000045776367,71716200,0.0,0.0,INTC,USD
2025-11-17 00:00:00-05:00,35.45000076293945,35.72999954223633,34.22999954223633,34.709999084472656,72580100,0.0,0.0,INTC,USD
2025-11-18 00:00:00-05:00,34.25,34.7599983215332,33.56999969482422,34.33000183105469,61504800,0.0,0.0,INTC,USD
2025-11-19 00:00:00-05:00,34.33000183105469,35.75,34.25,35.11000061035156,67115500,0.0,0.0,INTC,USD
2025-11-20 00:00:00-05:00,36.0,36.68000030517578,33.47999954223633,33.619998931884766,96389100,0.0,0.0,INTC,USD
2025-11-21 00:00:00-05:00,33.5099983215332,34.97999954223633,32.88999938964844,34.5,105641700,0.0,0.0,INTC,USD
2025-11-24 00:00:00-05:00,34.970001220703125,36.15999984741211,34.689998626708984,35.790000915527344,103804200,0.0,0.0,INTC,USD
2025-11-25 00:00:00-05:00,35.54999923706055,36.130001068115234,34.68000030517578,35.83000183105469,62203300,0.0,0.0,INTC,USD
2025-11-26 00:00:00-05:00,36.20000076293945,37.2400016784668,36.130001068115234,36.810001373291016,54563400,0.0,0.0,INTC,USD
2025-11-28 00:00:00-05:00,37.400001525878906,40.59000015258789,37.34000015258789,40.560001373291016,95799500,0.0,0.0,INTC,USD
2025-12-01 00:00:00-05:00,39.86000061035156,40.380001068115234,39.599998474121094,40.0099983215332,74534900,0.0,0.0,INTC,USD
2025-12-02 00:00:00-05:00,40.470001220703125,43.68000030517578,40.04999923706055,43.470001220703125,167205800,0.0,0.0,INTC,USD
2025-12-03 00:00:00-05:00,43.38999938964844,44.02000045776367,42.5099983215332,43.7599983215332,91957200,0.0,0.0,INTC,USD
2025-12-04 00:00:00-05:00,43.2599983215332,43.279998779296875,40.13999938964844,40.5,107850200,0.0,0.0,INTC,USD
2025-12-05 00:00:00-05:00,41.15999984741211,42.83000183105469,41.150001525878906,41.40999984741211,103042000,0.0,0.0,INTC,USD
2025-12-08 00:00:00-05:00,41.939998626708984,42.119998931884766,39.70000076293945,40.29999923706055,93953600,0.0,0.0,INTC,USD
2025-12-09 00:00:00-05:00,40.72999954223633,41.2599983215332,40.029998779296875,40.5,61877200,0.0,0.0,INTC,USD
2025-12-10 00:00:00-05:00,40.11000061035156,40.9900016784668,38.88999938964844,40.779998779296875,75974900,0.0,0.0,INTC,USD
2025-12-11 00:00:00-05:00,40.06999969482422,40.189998626708984,39.08000183105469,39.5099983215332,59096800,0.0,0.0,INTC,USD
2025-12-12 00:00:00-05:00,39.25,40.029998779296875,37.619998931884766,37.810001373291016,87784500,0.0,0.0,INTC,USD
2025-12-15 00:00:00-05:00,38.33000183105469,38.47999954223633,37.31999969482422,37.5099983215332,60898500,0.0,0.0,INTC,USD
2025-12-16 00:00:00-05:00,37.58000183105469,37.959999084472656,36.91999816894531,37.310001373291016,50490300,0.0,0.0,INTC,USD
2025-12-17 00:00:00-05:00,37.59000015258789,37.84000015258789,35.970001220703125,36.04999923706055,54792000,0.0,0.0,INTC,USD
2025-12-18 00:00:00-05:00,37.380001068115234,37.4900016784668,35.66999816894531,36.279998779296875,69468400,0.0,0.0,INTC,USD
2025-12-19 00:00:00-05:00,36.47999954223633,37.58000183105469,36.439998626708984,36.81999969482422,163221300,0.0,0.0,INTC,USD
2025-12-22 00:00:00-05:00,37.88999938964844,37.900001525878906,36.290000915527344,36.369998931884766,51685400,0.0,0.0,INTC,USD
2025-12-23 00:00:00-05:00,36.2400016784668,36.79999923706055,36.029998779296875,36.349998474121094,35958000,0.0,0.0,INTC,USD
2025-12-24 00:00:00-05:00,35.16999816894531,36.18000030517578,34.95000076293945,36.15999984741211,37443800,0.0,0.0,INTC,USD
2025-12-26 00:00:00-05:00,36.16999816894531,36.4900016784668,35.849998474121094,36.20000076293945,28779400,0.0,0.0,INTC,USD
2025-12-29 00:00:00-05:00,36.0099983215332,36.79999923706055,35.81999969482422,36.68000030517578,38062300,0.0,0.0,INTC,USD
2025-12-30 00:00:00-05:00,36.90999984741211,38.2599983215332,36.81999969482422,37.29999923706055,61935300,0.0,0.0,INTC,USD
2025-12-31 00:00:00-05:00,37.400001525878906,37.58000183105469,36.869998931884766,36.900001525878906,51524700,0.0,0.0,INTC,USD
2026-01-02 00:00:00-05:00,37.77000045776367,39.86000061035156,37.7599983215332,39.380001068115234,95396400,0.0,0.0,INTC,USD
2026-01-05 00:00:00-05:00,41.59000015258789,42.099998474121094,39.27000045776367,39.369998931884766,96665400,0.0,0.0,INTC,USD
2026-01-06 00:00:00-05:00,39.86000061035156,40.310001373291016,38.95000076293945,40.040000915527344,66395100,0.0,0.0,INTC,USD
2026-01-07 00:00:00-05:00,40.18000030517578,44.56999969482422,40.119998931884766,42.630001068115234,166028400,0.0,0.0,INTC,USD
2026-01-08 00:00:00-05:00,42.619998931884766,43.34000015258789,40.68000030517578,41.11000061035156,88242000,0.0,0.0,INTC,USD
2026-01-09 00:00:00-05:00,41.83000183105469,45.72999954223633,41.56999969482422,45.54999923706055,186691400,0.0,0.0,INTC,USD
2026-01-12 00:00:00-05:00,44.2400016784668,45.45000076293945,43.88999938964844,44.060001373291016,101989100,0.0,0.0,INTC,USD
2026-01-13 00:00:00-05:00,45.88999938964844,48.2400016784668,45.220001220703125,47.290000915527344,168656400,0.0,0.0,INTC,USD
2026-01-14 00:00:00-05:00,48.95000076293945,49.0,47.41999816894531,48.720001220703125,148225800,0.0,0.0,INTC,USD
2026-01-15 00:00:00-05:00,49.349998474121094,50.38999938964844,47.83000183105469,48.31999969482422,132328900,0.0,0.0,INTC,USD
2026-01-16 00:00:00-05:00,49.27000045776367,50.209999084472656,46.709999084472656,46.959999084472656,127314700,0.0,0.0,INTC,USD
2026-01-20 00:00:00-05:00,47.29999923706055,50.22999954223633,47.0,48.560001373291016,150153000,0.0,0.0,INTC,USD
2026-01-21 00:00:00-05:00,50.31999969482422,54.40999984741211,50.150001525878906,54.25,220565300,0.0,0.0,INTC,USD
2026-01-22 00:00:00-05:00,54.209999084472656,54.599998474121094,53.08000183105469,54.31999969482422,190066400,0.0,0.0,INTC,USD
2026-01-23 00:00:00-05:00,46.86000061035156,48.130001068115234,44.45000076293945,45.06999969482422,294675400,0.0,0.0,INTC,USD
2026-01-26 00:00:00-05:00,44.279998779296875,44.459999084472656,42.279998779296875,42.4900016784668,149407800,0.0,0.0,INTC,USD
2026-01-27 00:00:00-05:00,43.970001220703125,44.529998779296875,43.099998474121094,43.93000030517578,121832200,0.0,0.0,INTC,USD
2026-01-28 00:00:00-05:00,46.599998474121094,49.290000915527344,46.31999969482422,48.779998779296875,201995100,0.0,0.0,INTC,USD
2026-01-29 00:00:00-05:00,47.560001373291016,48.77000045776367,46.9900016784668,48.65999984741211,124256600,0.0,0.0,INTC,USD
2026-01-30 00:00:00-05:00,48.97999954223633,49.58000183105469,45.959999084472656,46.470001220703125,114920100,0.0,0.0,INTC,USD
2026-02-02 00:00:00-05:00,45.630001068115234,49.84000015258789,45.5,48.810001373291016,101414600,0.0,0.0,INTC,USD
2026-02-03 00:00:00-05:00,50.060001373291016,51.4900016784668,48.43000030517578,49.25,122205100,0.0,0.0,INTC,USD
2026-02-04 00:00:00-05:00,49.540000915527344,49.70000076293945,47.0,48.599998474121094,128702300,0.0,0.0,INTC,USD
2026-02-05 00:00:00-05:00,47.59000015258789,50.86000061035156,46.790000915527344,48.2400016784668,114307800,0.0,0.0,INTC,USD
2026-02-06 00:00:00-05:00,49.099998474121094,51.29999923706055,48.83000183105469,50.59000015258789,115600200,0.0,0.0,INTC,USD
2026-02-09 00:00:00-05:00,49.59000015258789,51.220001220703125,47.59000015258789,50.2400016784668,94841400,0.0,0.0,INTC,USD
2026-02-10 00:00:00-05:00,50.40999984741211,50.540000915527344,46.77000045776367,47.130001068115234,99832900,0.0,0.0,INTC,USD
2026-02-11 00:00:00-05:00,48.11000061035156,49.54999923706055,46.86000061035156,48.290000915527344,107681200,0.0,0.0,INTC,USD
2026-02-12 00:00:00-05:00,47.79999923706055,48.95000076293945,46.189998626708984,46.47999954223633,88321200,0.0,0.0,INTC,USD
2026-02-13 00:00:00-05:00,45.7599983215332,47.689998626708984,44.970001220703125,46.790000915527344,69740400,0.0,0.0,INTC,USD
2026-02-17 00:00:00-05:00,45.93000030517578,46.83000183105469,45.459999084472656,46.18000030517578,65802200,0.0,0.0,INTC,USD
2026-02-18 00:00:00-05:00,45.91999816894531,46.77000045776367,44.880001068115234,45.459999084472656,65306100,0.0,0.0,INTC,USD
2026-02-19 00:00:00-05:00,44.95000076293945,45.16999816894531,43.91999816894531,44.619998931884766,72724900,0.0,0.0,INTC,USD
2026-02-20 00:00:00-05:00,43.88999938964844,44.38999938964844,42.880001068115234,44.11000061035156,90743600,0.0,0.0,INTC,USD
2026-02-23 00:00:00-05:00,44.09000015258789,44.54999923706055,43.18000030517578,43.630001068115234,57130900,0.0,0.0,INTC,USD
2026-02-24 00:00:00-05:00,44.099998474121094,46.599998474121094,43.540000915527344,46.119998931884766,98872300,0.0,0.0,INTC,USD
2026-02-25 00:00:00-05:00,46.09000015258789,46.970001220703125,45.08000183105469,46.880001068115234,75645300,0.0,0.0,INTC,USD
2026-02-26 00:00:00-05:00,46.77000045776367,46.95000076293945,44.38999938964844,45.459999084472656,71457500,0.0,0.0,INTC,USD
2026-02-27 00:00:00-05:00,44.459999084472656,46.560001373291016,44.400001525878906,45.61000061035156,79327200,0.0,0.0,INTC,USD
2026-03-02 00:00:00-05:00,44.20000076293945,45.810001373291016,43.95000076293945,45.5,60705100,0.0,0.0,INTC,USD
2026-03-03 00:00:00-05:00,43.439998626708984,43.689998626708984,42.13999938964844,43.099998474121094,83971000,0.0,0.0,INTC,USD
2026-03-04 00:00:00-05:00,44.06999969482422,46.130001068115234,43.27000045776367,45.58000183105469,96628100,0.0,0.0,INTC,USD
2026-03-05 00:00:00-05:00,44.869998931884766,46.47999954223633,44.70000076293945,45.95000076293945,78229400,0.0,0.0,INTC,USD
2026-03-06 00:00:00-05:00,44.66999816894531,45.18000030517578,43.279998779296875,43.41999816894531,74698300,0.0,0.0,INTC,USD
2026-03-09 00:00:00-04:00,42.7400016784668,45.7599983215332,41.63999938964844,45.58000183105469,82937400,0.0,0.0,INTC,USD
2026-03-10 00:00:00-04:00,45.40999984741211,47.880001068115234,45.40999984741211,46.779998779296875,85233300,0.0,0.0,INTC,USD
2026-03-11 00:00:00-04:00,46.81999969482422,48.83000183105469,46.65999984741211,47.97999954223633,72480600,0.0,0.0,INTC,USD
2026-03-12 00:00:00-04:00,47.400001525878906,47.439998626708984,45.16999816894531,45.25,85110200,0.0,0.0,INTC,USD
2026-03-13 00:00:00-04:00,45.970001220703125,46.650001525878906,45.38999938964844,45.77000045776367,68386200,0.0,0.0,INTC,USD
2026-03-16 00:00:00-04:00,47.90999984741211,49.16999816894531,45.689998626708984,45.7599983215332,114199400,0.0,0.0,INTC,USD
2026-03-17 00:00:00-04:00,46.08000183105469,46.08000183105469,43.90999984741211,44.060001373291016,89061600,0.0,0.0,INTC,USD
2026-03-18 00:00:00-04:00,44.20000076293945,45.709999084472656,44.04999923706055,45.029998779296875,78056200,0.0,0.0,INTC,USD
2026-03-19 00:00:00-04:00,43.9900016784668,46.439998626708984,43.650001525878906,46.18000030517578,74051500,0.0,0.0,INTC,USD
2026-03-20 00:00:00-04:00,46.95000076293945,47.54999923706055,43.63999938964844,43.869998931884766,162814200,0.0,0.0,INTC,USD
2026-03-23 00:00:00-04:00,44.5,45.459999084472656,43.7400016784668,44.0099983215332,80772200,0.0,0.0,INTC,USD
2026-03-24 00:00:00-04:00,43.540000915527344,44.310001373291016,43.20000076293945,44.060001373291016,65323500,0.0,0.0,INTC,USD
2026-03-25 00:00:00-04:00,45.849998474121094,47.849998474121094,45.45000076293945,47.18000030517578,97467900,0.0,0.0,INTC,USD
2026-03-26 00:00:00-04:00,46.29999923706055,46.599998474121094,43.91999816894531,44.099998474121094,82841400,0.0,0.0,INTC,USD
2026-03-27 00:00:00-04:00,43.619998931884766,44.130001068115234,42.86000061035156,43.130001068115234,70002200,0.0,0.0,INTC,USD
2026-03-30 00:00:00-04:00,43.720001220703125,43.9900016784668,40.630001068115234,41.189998626708984,84596000,0.0,0.0,INTC,USD
2026-03-31 00:00:00-04:00,41.95000076293945,44.22999954223633,41.599998474121094,44.130001068115234,95294900,0.0,0.0,INTC,USD
2026-04-01 00:00:00-04:00,45.0,48.77000045776367,44.97999954223633,48.029998779296875,129598500,0.0,0.0,INTC,USD
2026-04-02 00:00:00-04:00,46.060001373291016,50.4900016784668,46.040000915527344,50.380001068115234,117134200,0.0,0.0,INTC,USD
2026-04-06 00:00:00-04:00,50.880001068115234,52.38999938964844,49.869998931884766,50.779998779296875,79978800,0.0,0.0,INTC,USD
2026-04-07 00:00:00-04:00,51.90999984741211,53.27000045776367,51.220001220703125,52.90999984741211,129543800,0.0,0.0,INTC,USD
2026-04-08 00:00:00-04:00,55.369998931884766,59.16999816894531,54.79999923706055,58.95000076293945,184599900,0.0,0.0,INTC,USD
2026-04-09 00:00:00-04:00,58.400001525878906,62.08000183105469,58.38999938964844,61.720001220703125,155609900,0.0,0.0,INTC,USD
2026-04-10 00:00:00-04:00,61.52000045776367,63.38999938964844,60.75,62.380001068115234,98624400,0.0,0.0,INTC,USD
2026-04-13 00:00:00-04:00,62.18000030517578,65.6500015258789,62.18000030517578,65.18000030517578,112111000,0.0,0.0,INTC,USD
2026-04-14 00:00:00-04:00,65.16000366210938,65.18000030517578,62.09000015258789,63.810001373291016,112796100,0.0,0.0,INTC,USD
2026-04-15 00:00:00-04:00,63.77000045776367,65.83999633789062,62.880001068115234,64.94000244140625,92051500,0.0,0.0,INTC,USD
2026-04-16 00:00:00-04:00,64.93000030517578,68.61000061035156,64.2699966430664,68.5,108328300,0.0,0.0,INTC,USD
2026-04-17 00:00:00-04:00,68.8499984741211,70.33000183105469,67.73999786376953,68.5,118831500,0.0,0.0,INTC,USD
2026-04-20 00:00:00-04:00,68.44999694824219,69.20999908447266,64.47000122070312,65.69999694824219,96851100,0.0,0.0,INTC,USD
2026-04-21 00:00:00-04:00,67.13999938964844,67.66999816894531,65.63999938964844,66.26000213623047,91402300,0.0,0.0,INTC,USD
2026-04-22 00:00:00-04:00,67.94000244140625,68.7699966430664,64.9800033569336,65.2699966430664,90267300,0.0,0.0,INTC,USD
2026-04-23 00:00:00-04:00,66.0999984741211,68.27999877929688,65.41999816894531,66.77999877929688,155141800,0.0,0.0,INTC,USD
2026-04-24 00:00:00-04:00,82.19999694824219,85.22000122070312,79.62000274658203,82.54000091552734,281405200,0.0,0.0,INTC,USD
2026-04-27 00:00:00-04:00,83.66999816894531,87.0999984741211,82.61000061035156,84.98999786376953,178820200,0.0,0.0,INTC,USD
2026-04-28 00:00:00-04:00,81.27999877929688,84.58999633789062,80.80000305175781,84.5199966430664,147773500,0.0,0.0,INTC,USD
2026-04-29 00:00:00-04:00,86.13999938964844,94.94999694824219,85.87000274658203,94.75,235070900,0.0,0.0,INTC,USD
2026-04-30 00:00:00-04:00,95.5999984741211,95.69000244140625,91.5,94.4800033569336,160597300,0.0,0.0,INTC,USD
2026-05-01 00:00:00-04:00,93.19999694824219,100.44999694824219,92.61000061035156,99.62000274658203,158502800,0.0,0.0,INTC,USD
2026-05-04 00:00:00-04:00,99.18000030517578,99.81999969482422,95.5999984741211,95.77999877929688,119294000,0.0,0.0,INTC,USD
2026-05-05 00:00:00-04:00,100.51000213623047,110.4800033569336,100.08000183105469,108.1500015258789,198482000,0.0,0.0,INTC,USD
2026-05-06 00:00:00-04:00,110.9800033569336,113.5,106.58000183105469,113.01000213623047,157320100,0.0,0.0,INTC,USD
2026-05-07 00:00:00-04:00,111.0199966430664,114.51000213623047,109.1500015258789,109.62000274658203,122699900,0.0,0.0,INTC,USD
2026-05-08 00:00:00-04:00,111.80999755859375,130.57000732421875,111.80000305175781,124.91999816894531,227681300,0.0,0.0,INTC,USD
2026-05-11 00:00:00-04:00,130.8800048828125,132.75,123.91999816894531,129.44000244140625,179486500,0.0,0.0,INTC,USD
2026-05-12 00:00:00-04:00,124.36000061035156,127.79000091552734,115.0,120.61000061035156,172516500,0.0,0.0,INTC,USD
2026-05-13 00:00:00-04:00,124.0999984741211,125.0,116.41000366210938,120.29000091552734,115364400,0.0,0.0,INTC,USD
2026-05-14 00:00:00-04:00,114.66000366210938,118.56999969482422,113.16999816894531,115.93000030517578,118279800,0.0,0.0,INTC,USD
2026-05-15 00:00:00-04:00,109.79000091552734,110.56999969482422,105.0199966430664,108.7699966430664,135206000,0.0,0.0,INTC,USD
2026-05-18 00:00:00-04:00,113.47000122070312,115.54000091552734,103.8499984741211,108.16999816894531,145764000,0.0,0.0,INTC,USD
2026-05-19 00:00:00-04:00,106.9800033569336,113.06999969482422,102.4000015258789,110.80000305175781,150234900,0.0,0.0,INTC,USD
2026-05-20 00:00:00-04:00,116.22000122070312,121.94000244140625,114.80000305175781,118.95999908447266,165086900,0.0,0.0,INTC,USD
2026-05-21 00:00:00-04:00,116.58000183105469,119.41000366210938,113.16999816894531,118.5,102452500,0.0,0.0,INTC,USD
2026-05-22 00:00:00-04:00,120.33999633789062,122.77999877929688,118.08999633789062,119.83999633789062,82663000,0.0,0.0,INTC,USD
2026-05-26 00:00:00-04:00,122.0999984741211,125.62000274658203,117.3499984741211,123.5199966430664,108167300,0.0,0.0,INTC,USD
2026-05-27 00:00:00-04:00,124.38999938964844,125.2699966430664,117.0,121.7699966430664,93323300,0.0,0.0,INTC,USD
2026-05-28 00:00:00-04:00,121.44999694824219,123.08000183105469,116.30999755859375,120.88999938964844,97321000,0.0,0.0,INTC,USD
2026-05-29 00:00:00-04:00,123.8499984741211,126.63999938964844,113.54000091552734,114.68000030517578,191676100,0.0,0.0,INTC,USD
2026-06-01 00:00:00-04:00,109.43000030517578,113.30000305175781,106.33000183105469,109.33000183105469,134900400,0.0,0.0,INTC,USD
2026-06-02 00:00:00-04:00,107.44999694824219,109.0,104.16999816894531,107.93000030517578,106336200,0.0,0.0,INTC,USD
2026-06-03 00:00:00-04:00,116.41999816894531,118.29000091552734,110.86000061035156,112.70999908447266,118928800,0.0,0.0,INTC,USD
2026-06-04 00:00:00-04:00,108.4000015258789,113.13999938964844,107.4800033569336,111.77999877929688,77325800,0.0,0.0,INTC,USD
2026-06-05 00:00:00-04:00,106.41000366210938,106.44000244140625,98.33499908447266,99.16999816894531,142928271,0.0,0.0,INTC,USD
2025-06-06 00:00:00-04:00,117.69000244140625,118.37999725341797,115.87999725341797,116.19000244140625,27042100,0.0,0.0,AMD,USD
2025-06-09 00:00:00-04:00,119.18000030517578,122.37000274658203,119.04000091552734,121.7300033569336,55437700,0.0,0.0,AMD,USD
2025-06-10 00:00:00-04:00,121.11000061035156,124.08999633789062,120.80000305175781,123.23999786376953,41691900,0.0,0.0,AMD,USD
2025-06-11 00:00:00-04:00,124.44000244140625,124.47000122070312,119.87999725341797,121.13999938964844,32261900,0.0,0.0,AMD,USD
2025-06-12 00:00:00-04:00,120.62000274658203,122.25,118.02999877929688,118.5,44718400,0.0,0.0,AMD,USD
2025-06-13 00:00:00-04:00,116.05000305175781,117.87999725341797,115.05999755859375,116.16000366210938,39702700,0.0,0.0,AMD,USD
2025-06-16 00:00:00-04:00,118.63999938964844,128.13999938964844,117.77999877929688,126.38999938964844,100968500,0.0,0.0,AMD,USD
2025-06-17 00:00:00-04:00,127.93000030517578,130.6999969482422,126.58000183105469,127.0999984741211,86623900,0.0,0.0,AMD,USD
2025-06-18 00:00:00-04:00,128.00999450683594,129.2100067138672,125.7699966430664,126.79000091552734,49627100,0.0,0.0,AMD,USD
2025-06-20 00:00:00-04:00,129.0,132.80999755859375,127.55000305175781,128.24000549316406,79931000,0.0,0.0,AMD,USD
2025-06-23 00:00:00-04:00,130.47000122070312,133.25,126.81999969482422,129.5800018310547,65152900,0.0,0.0,AMD,USD
2025-06-24 00:00:00-04:00,133.42999267578125,138.7899932861328,132.92999267578125,138.42999267578125,78572000,0.0,0.0,AMD,USD
2025-06-25 00:00:00-04:00,140.94000244140625,144.17999267578125,139.4600067138672,143.39999389648438,74607200,0.0,0.0,AMD,USD
2025-06-26 00:00:00-04:00,145.97000122070312,146.0,141.91000366210938,143.67999267578125,58180100,0.0,0.0,AMD,USD
2025-06-27 00:00:00-04:00,144.17999267578125,147.75,141.6300048828125,143.80999755859375,61937900,0.0,0.0,AMD,USD
2025-06-30 00:00:00-04:00,144.0,146.0,141.00999450683594,141.89999389648438,42972500,0.0,0.0,AMD,USD
2025-07-01 00:00:00-04:00,138.77000427246094,140.22999572753906,135.1199951171875,136.11000061035156,55257200,0.0,0.0,AMD,USD
2025-07-02 00:00:00-04:00,135.52999877929688,139.77999877929688,135.22000122070312,138.52000427246094,39228000,0.0,0.0,AMD,USD
2025-07-03 00:00:00-04:00,139.11000061035156,139.5,137.32000732421875,137.91000366210938,28646000,0.0,0.0,AMD,USD
2025-07-07 00:00:00-04:00,136.55999755859375,137.44000244140625,133.5,134.8000030517578,37395000,0.0,0.0,AMD,USD
2025-07-08 00:00:00-04:00,137.32000732421875,139.14999389648438,135.91000366210938,137.82000732421875,36124600,0.0,0.0,AMD,USD
2025-07-09 00:00:00-04:00,138.69000244140625,140.64999389648438,137.58999633789062,138.41000366210938,37013100,0.0,0.0,AMD,USD
2025-07-10 00:00:00-04:00,143.0,145.82000732421875,141.85000610351562,144.16000366210938,61101500,0.0,0.0,AMD,USD
2025-07-11 00:00:00-04:00,142.60000610351562,147.39999389648438,141.60000610351562,146.4199981689453,50049200,0.0,0.0,AMD,USD
2025-07-14 00:00:00-04:00,145.08999633789062,147.5800018310547,141.89999389648438,146.24000549316406,44718600,0.0,0.0,AMD,USD
2025-07-15 00:00:00-04:00,153.75,158.67999267578125,153.55999755859375,155.61000061035156,93370100,0.0,0.0,AMD,USD
2025-07-16 00:00:00-04:00,155.30999755859375,160.36000061035156,152.85000610351562,160.0800018310547,59492800,0.0,0.0,AMD,USD
2025-07-17 00:00:00-04:00,161.80999755859375,161.9600067138672,158.67999267578125,160.41000366210938,50605100,0.0,0.0,AMD,USD
2025-07-18 00:00:00-04:00,159.58999633789062,160.8300018310547,155.80999755859375,156.99000549316406,48859800,0.0,0.0,AMD,USD
2025-07-21 00:00:00-04:00,157.6199951171875,160.33999633789062,156.9199981689453,157.0,39021100,0.0,0.0,AMD,USD
2025-07-22 00:00:00-04:00,156.1999969482422,156.22999572753906,149.33999633789062,154.72000122070312,49028000,0.0,0.0,AMD,USD
2025-07-23 00:00:00-04:00,156.32000732421875,159.4499969482422,156.0,158.64999389648438,41510900,0.0,0.0,AMD,USD
2025-07-24 00:00:00-04:00,159.1199951171875,163.92999267578125,158.36000061035156,162.1199951171875,48440100,0.0,0.0,AMD,USD
2025-07-25 00:00:00-04:00,163.50999450683594,167.17999267578125,162.36000061035156,166.47000122070312,53432300,0.0,0.0,AMD,USD
2025-07-28 00:00:00-04:00,169.0800018310547,174.6999969482422,168.6699981689453,173.66000366210938,68267800,0.0,0.0,AMD,USD
2025-07-29 00:00:00-04:00,175.2100067138672,182.30999755859375,174.67999267578125,177.44000244140625,108154800,0.0,0.0,AMD,USD
2025-07-30 00:00:00-04:00,175.61000061035156,180.3699951171875,173.8000030517578,179.50999450683594,64820300,0.0,0.0,AMD,USD
2025-07-31 00:00:00-04:00,182.02000427246094,182.5,173.0,176.30999755859375,71765300,0.0,0.0,AMD,USD
2025-08-01 00:00:00-04:00,170.16000366210938,174.39999389648438,166.82000732421875,171.6999969482422,75396100,0.0,0.0,AMD,USD
2025-08-04 00:00:00-04:00,174.61000061035156,177.86000061035156,173.55999755859375,176.77999877929688,52951000,0.0,0.0,AMD,USD
2025-08-05 00:00:00-04:00,177.57000732421875,177.99000549316406,171.8000030517578,174.30999755859375,88808500,0.0,0.0,AMD,USD
2025-08-06 00:00:00-04:00,165.0500030517578,166.17999267578125,157.8000030517578,163.1199951171875,133641800,0.0,0.0,AMD,USD
2025-08-07 00:00:00-04:00,166.83999633789062,175.75,166.6999969482422,172.39999389648438,95448300,0.0,0.0,AMD,USD
2025-08-08 00:00:00-04:00,174.0399932861328,176.47999572753906,170.52000427246094,172.75999450683594,68866700,0.0,0.0,AMD,USD
2025-08-11 00:00:00-04:00,170.0399932861328,178.82000732421875,169.3800048828125,172.27999877929688,70651000,0.0,0.0,AMD,USD
2025-08-12 00:00:00-04:00,173.32000732421875,175.16000366210938,168.5,174.9499969482422,52243500,0.0,0.0,AMD,USD
2025-08-13 00:00:00-04:00,179.91000366210938,186.64999389648438,179.3800048828125,184.4199981689453,108305100,0.0,0.0,AMD,USD
2025-08-14 00:00:00-04:00,179.8300018310547,185.44000244140625,179.55999755859375,180.9499969482422,66308800,0.0,0.0,AMD,USD
2025-08-15 00:00:00-04:00,180.05999755859375,180.13999938964844,176.25,177.50999450683594,51543100,0.0,0.0,AMD,USD
2025-08-18 00:00:00-04:00,176.75999450683594,178.8000030517578,174.36000061035156,176.13999938964844,35937500,0.0,0.0,AMD,USD
2025-08-19 00:00:00-04:00,173.10000610351562,173.1699981689453,166.10000610351562,166.5500030517578,64455000,0.0,0.0,AMD,USD
2025-08-20 00:00:00-04:00,164.10000610351562,166.64999389648438,158.25,165.1999969482422,60233200,0.0,0.0,AMD,USD
2025-08-21 00:00:00-04:00,165.86000061035156,165.8800048828125,162.25999450683594,163.7100067138672,37880500,0.0,0.0,AMD,USD
2025-08-22 00:00:00-04:00,162.1699981689453,168.52999877929688,161.8000030517578,167.75999450683594,43998600,0.0,0.0,AMD,USD
2025-08-25 00:00:00-04:00,165.5500030517578,165.58999633789062,161.72000122070312,163.36000061035156,36134700,0.0,0.0,AMD,USD
2025-08-26 00:00:00-04:00,168.64999389648438,169.77000427246094,164.91000366210938,166.6199951171875,52138600,0.0,0.0,AMD,USD
2025-08-27 00:00:00-04:00,166.0399932861328,167.67999267578125,164.64999389648438,167.1300048828125,37031000,0.0,0.0,AMD,USD
2025-08-28 00:00:00-04:00,168.5,170.99000549316406,166.64999389648438,168.5800018310547,36285200,0.0,0.0,AMD,USD
2025-08-29 00:00:00-04:00,166.80999755859375,168.57000732421875,161.89999389648438,162.6300048828125,37516800,0.0,0.0,AMD,USD
2025-09-02 00:00:00-04:00,158.4199981689453,162.38999938964844,156.6199951171875,162.32000732421875,38656100,0.0,0.0,AMD,USD
2025-09-03 00:00:00-04:00,161.80999755859375,164.75,160.5800018310547,162.1300048828125,30752800,0.0,0.0,AMD,USD
2025-09-04 00:00:00-04:00,159.94000244140625,162.0500030517578,157.7899932861328,161.7899932861328,32103500,0.0,0.0,AMD,USD
2025-09-05 00:00:00-04:00,157.1199951171875,157.13999938964844,150.17999267578125,151.13999938964844,78256000,0.0,0.0,AMD,USD
2025-09-08 00:00:00-04:00,151.8000030517578,152.63999938964844,149.22000122070312,151.41000366210938,41849000,0.0,0.0,AMD,USD
2025-09-09 00:00:00-04:00,151.99000549316406,156.66000366210938,151.92999267578125,155.82000732421875,42802500,0.0,0.0,AMD,USD
2025-09-10 00:00:00-04:00,163.5399932861328,164.52999877929688,158.0,159.5399932861328,52465300,0.0,0.0,AMD,USD
2025-09-11 00:00:00-04:00,158.6199951171875,160.2100067138672,154.99000549316406,155.6699981689453,48817700,0.0,0.0,AMD,USD
2025-09-12 00:00:00-04:00,157.0,160.41000366210938,154.9199981689453,158.57000732421875,42232800,0.0,0.0,AMD,USD
2025-09-15 00:00:00-04:00,160.00999450683594,162.3000030517578,157.60000610351562,161.16000366210938,36808700,0.0,0.0,AMD,USD
2025-09-16 00:00:00-04:00,161.3699951171875,161.9499969482422,159.22000122070312,160.4600067138672,27946500,0.0,0.0,AMD,USD
2025-09-17 00:00:00-04:00,159.27999877929688,161.6300048828125,155.75999450683594,159.16000366210938,41823800,0.0,0.0,AMD,USD
2025-09-18 00:00:00-04:00,150.9600067138672,158.77000427246094,149.85000610351562,157.9199981689453,84549500,0.0,0.0,AMD,USD
2025-09-19 00:00:00-04:00,157.3800048828125,159.83999633789062,155.89999389648438,157.38999938964844,55448100,0.0,0.0,AMD,USD
2025-09-22 00:00:00-04:00,157.4199981689453,162.67999267578125,157.4199981689453,159.7899932861328,46505500,0.0,0.0,AMD,USD
2025-09-23 00:00:00-04:00,160.52000427246094,163.38999938964844,159.2100067138672,160.89999389648438,39448300,0.0,0.0,AMD,USD
2025-09-24 00:00:00-04:00,162.97999572753906,165.10000610351562,158.42999267578125,160.8800048828125,38464100,0.0,0.0,AMD,USD
2025-09-25 00:00:00-04:00,157.13999938964844,161.6300048828125,154.77999877929688,161.27000427246094,36809900,0.0,0.0,AMD,USD
2025-09-26 00:00:00-04:00,160.52000427246094,162.11000061035156,157.0500030517578,159.4600067138672,30316900,0.0,0.0,AMD,USD
2025-09-29 00:00:00-04:00,160.1199951171875,164.3000030517578,159.89999389648438,161.36000061035156,39828800,0.0,0.0,AMD,USD
2025-09-30 00:00:00-04:00,160.7899932861328,162.27999877929688,159.3300018310547,161.7899932861328,29669300,0.0,0.0,AMD,USD
2025-10-01 00:00:00-04:00,160.92999267578125,164.17999267578125,160.49000549316406,164.00999450683594,39895200,0.0,0.0,AMD,USD
2025-10-02 00:00:00-04:00,168.67999267578125,171.05999755859375,166.1199951171875,169.72999572753906,55475200,0.0,0.0,AMD,USD
2025-10-03 00:00:00-04:00,170.67999267578125,170.67999267578125,163.13999938964844,164.6699981689453,42699100,0.0,0.0,AMD,USD
2025-10-06 00:00:00-04:00,226.4499969482422,226.7100067138672,203.00999450683594,203.7100067138672,248859600,0.0,0.0,AMD,USD
2025-10-07 00:00:00-04:00,214.85000610351562,218.89999389648438,209.27999877929688,211.50999450683594,115748100,0.0,0.0,AMD,USD
2025-10-08 00:00:00-04:00,212.9499969482422,235.8699951171875,210.6999969482422,235.55999755859375,159983500,0.0,0.0,AMD,USD
2025-10-09 00:00:00-04:00,236.3000030517578,240.10000610351562,229.52999877929688,232.88999938964844,94290700,0.0,0.0,AMD,USD
2025-10-10 00:00:00-04:00,232.77000427246094,234.22000122070312,213.1999969482422,214.89999389648438,118656600,0.0,0.0,AMD,USD
2025-10-13 00:00:00-04:00,220.1999969482422,224.19000244140625,214.89999389648438,216.4199981689453,63104000,0.0,0.0,AMD,USD
2025-10-14 00:00:00-04:00,219.1999969482422,224.97999572753906,215.89999389648438,218.08999633789062,71216300,0.0,0.0,AMD,USD
2025-10-15 00:00:00-04:00,222.7100067138672,239.24000549316406,220.75999450683594,238.60000610351562,108481000,0.0,0.0,AMD,USD
2025-10-16 00:00:00-04:00,236.2899932861328,241.1999969482422,232.24000549316406,234.55999755859375,69726400,0.0,0.0,AMD,USD
2025-10-17 00:00:00-04:00,233.25999450683594,235.3800048828125,227.91000366210938,233.0800018310547,55804200,0.0,0.0,AMD,USD
2025-10-20 00:00:00-04:00,236.47000122070312,242.8800048828125,234.39999389648438,240.55999755859375,56741700,0.0,0.0,AMD,USD
2025-10-21 00:00:00-04:00,239.38999938964844,242.25999450683594,234.02000427246094,238.02999877929688,47122400,0.0,0.0,AMD,USD
2025-10-22 00:00:00-04:00,236.85000610351562,240.1300048828125,224.8800048828125,230.22999572753906,59668800,0.0,0.0,AMD,USD
2025-10-23 00:00:00-04:00,230.16000366210938,235.89999389648438,228.5399932861328,234.99000549316406,39024400,0.0,0.0,AMD,USD
2025-10-24 00:00:00-04:00,243.36000061035156,253.38999938964844,241.9499969482422,252.9199981689453,71221100,0.0,0.0,AMD,USD
2025-10-27 00:00:00-04:00,257.8800048828125,260.4200134277344,249.8000030517578,259.6700134277344,65613100,0.0,0.0,AMD,USD
2025-10-28 00:00:00-04:00,259.1400146484375,264.5799865722656,257.0,258.010009765625,47448700,0.0,0.0,AMD,USD
2025-10-29 00:00:00-04:00,264.19000244140625,267.0799865722656,257.3999938964844,264.3299865722656,49335600,0.0,0.0,AMD,USD
2025-10-30 00:00:00-04:00,259.9200134277344,263.8800048828125,252.30999755859375,254.83999633789062,45162500,0.0,0.0,AMD,USD
2025-10-31 00:00:00-04:00,259.6000061035156,262.1300048828125,253.41000366210938,256.1199951171875,34449200,0.0,0.0,AMD,USD
2025-11-03 00:00:00-05:00,259.3299865722656,260.9100036621094,253.88999938964844,259.6499938964844,36351400,0.0,0.0,AMD,USD
2025-11-04 00:00:00-05:00,250.35000610351562,257.3800048828125,247.38999938964844,250.0500030517578,56491800,0.0,0.0,AMD,USD
2025-11-05 00:00:00-05:00,243.24000549316406,259.6499938964844,242.80999755859375,256.3299865722656,67366600,0.0,0.0,AMD,USD
2025-11-06 00:00:00-05:00,253.47000122070312,253.50999450683594,235.74000549316406,237.6999969482422,66049700,0.0,0.0,AMD,USD
2025-11-07 00:00:00-05:00,230.94000244140625,235.8699951171875,224.63999938964844,233.5399932861328,52162600,0.0,0.0,AMD,USD
2025-11-10 00:00:00-05:00,242.13999938964844,248.89999389648438,240.5,243.97999572753906,43361600,0.0,0.0,AMD,USD
2025-11-11 00:00:00-05:00,241.66000366210938,248.4600067138672,234.63999938964844,237.52000427246094,61336800,0.0,0.0,AMD,USD
2025-11-12 00:00:00-05:00,253.1300048828125,263.510009765625,250.0,258.8900146484375,108942000,0.0,0.0,AMD,USD
2025-11-13 00:00:00-05:00,251.89999389648438,259.6300048828125,246.05999755859375,247.9600067138672,63178600,0.0,0.0,AMD,USD
2025-11-14 00:00:00-05:00,240.11000061035156,253.44000244140625,235.0800018310547,246.80999755859375,47655600,0.0,0.0,AMD,USD
2025-11-17 00:00:00-05:00,242.75,248.77000427246094,237.14999389648438,240.52000427246094,37942200,0.0,0.0,AMD,USD
2025-11-18 00:00:00-05:00,236.77999877929688,238.0,224.7100067138672,230.2899932861328,45619900,0.0,0.0,AMD,USD
2025-11-19 00:00:00-05:00,230.25999450683594,235.27999877929688,219.7100067138672,223.5500030517578,52093400,0.0,0.0,AMD,USD
2025-11-20 00:00:00-05:00,232.6999969482422,234.25,204.52999877929688,206.02000427246094,66342900,0.0,0.0,AMD,USD
2025-11-21 00:00:00-05:00,208.80999755859375,208.8300018310547,195.0,203.77999877929688,67421100,0.0,0.0,AMD,USD
2025-11-24 00:00:00-05:00,207.16000366210938,217.1300048828125,205.85000610351562,215.0500030517578,46749600,0.0,0.0,AMD,USD
2025-11-25 00:00:00-05:00,201.47999572753906,206.5800018310547,194.27999877929688,206.1300048828125,69773500,0.0,0.0,AMD,USD
2025-11-26 00:00:00-05:00,210.0500030517578,215.58999633789062,207.0,214.24000549316406,43270200,0.0,0.0,AMD,USD
2025-11-28 00:00:00-05:00,216.13999938964844,218.3000030517578,214.02000427246094,217.52999877929688,18658000,0.0,0.0,AMD,USD
2025-12-01 00:00:00-05:00,213.8800048828125,220.97999572753906,213.5,219.75999450683594,30768700,0.0,0.0,AMD,USD
2025-12-02 00:00:00-05:00,221.7899932861328,225.97999572753906,214.38999938964844,215.24000549316406,42002500,0.0,0.0,AMD,USD
2025-12-03 00:00:00-05:00,216.25999450683594,218.1999969482422,211.77000427246094,217.60000610351562,28545200,0.0,0.0,AMD,USD
2025-12-04 00:00:00-05:00,216.8800048828125,219.1199951171875,214.13999938964844,215.97999572753906,24478200,0.0,0.0,AMD,USD
2025-12-05 00:00:00-05:00,217.1699981689453,223.63999938964844,216.24000549316406,217.97000122070312,33292400,0.0,0.0,AMD,USD
2025-12-08 00:00:00-05:00,219.08999633789062,223.7100067138672,218.36000061035156,221.11000061035156,30943200,0.0,0.0,AMD,USD
2025-12-09 00:00:00-05:00,221.0399932861328,224.83999633789062,217.91000366210938,221.6199951171875,25166100,0.0,0.0,AMD,USD
2025-12-10 00:00:00-05:00,222.0,222.61000061035156,218.6699981689453,221.4199981689453,23279400,0.0,0.0,AMD,USD
2025-12-11 00:00:00-05:00,217.80999755859375,221.5,210.19000244140625,221.42999267578125,30694600,0.0,0.0,AMD,USD
2025-12-12 00:00:00-05:00,218.3699951171875,222.49000549316406,209.05999755859375,210.77999877929688,37073900,0.0,0.0,AMD,USD
2025-12-15 00:00:00-05:00,212.27999877929688,215.36000061035156,206.5800018310547,207.5800018310547,27222200,0.0,0.0,AMD,USD
2025-12-16 00:00:00-05:00,206.9199981689453,210.22000122070312,205.11000061035156,209.1699981689453,23467600,0.0,0.0,AMD,USD
2025-12-17 00:00:00-05:00,210.0399932861328,211.5,197.52999877929688,198.11000061035156,31595400,0.0,0.0,AMD,USD
2025-12-18 00:00:00-05:00,203.82000732421875,206.36000061035156,200.5,201.05999755859375,29720100,0.0,0.0,AMD,USD
2025-12-19 00:00:00-05:00,204.60000610351562,215.17999267578125,204.1999969482422,213.42999267578125,58445500,0.0,0.0,AMD,USD
2025-12-22 00:00:00-05:00,220.0,220.1699981689453,213.30999755859375,214.9499969482422,24950700,0.0,0.0,AMD,USD
2025-12-23 00:00:00-05:00,212.86000061035156,217.02999877929688,212.27999877929688,214.89999389648438,20272300,0.0,0.0,AMD,USD
2025-12-24 00:00:00-05:00,214.97999572753906,216.5399932861328,213.97000122070312,215.0399932861328,7956800,0.0,0.0,AMD,USD
2025-12-26 00:00:00-05:00,215.42999267578125,216.8300018310547,213.02999877929688,214.99000549316406,15792600,0.0,0.0,AMD,USD
2025-12-29 00:00:00-05:00,211.5800018310547,216.0500030517578,209.24000549316406,215.61000061035156,20326900,0.0,0.0,AMD,USD
2025-12-30 00:00:00-05:00,215.8699951171875,216.82000732421875,214.3300018310547,215.33999633789062,16409600,0.0,0.0,AMD,USD
2025-12-31 00:00:00-05:00,215.82000732421875,217.63999938964844,213.8000030517578,214.16000366210938,17591600,0.0,0.0,AMD,USD
2026-01-02 00:00:00-05:00,218.89999389648438,227.14999389648438,218.89999389648438,223.47000122070312,36446200,0.0,0.0,AMD,USD
2026-01-05 00:00:00-05:00,230.25,234.02000427246094,220.47999572753906,221.0800018310547,31941100,0.0,0.0,AMD,USD
2026-01-06 00:00:00-05:00,222.7100067138672,222.9199981689453,211.25,214.35000610351562,40033200,0.0,0.0,AMD,USD
2026-01-07 00:00:00-05:00,212.1300048828125,212.1300048828125,207.1699981689453,210.02000427246094,29715500,0.0,0.0,AMD,USD
2026-01-08 00:00:00-05:00,210.89999389648438,210.94000244140625,203.3300018310547,204.67999267578125,27505000,0.0,0.0,AMD,USD
2026-01-09 00:00:00-05:00,205.72000122070312,207.3000030517578,203.07000732421875,203.1699981689453,24217300,0.0,0.0,AMD,USD
2026-01-12 00:00:00-05:00,201.17999267578125,209.8800048828125,199.8000030517578,207.69000244140625,27287300,0.0,0.0,AMD,USD
2026-01-13 00:00:00-05:00,215.10000610351562,223.11000061035156,214.97999572753906,220.97000122070312,56894900,0.0,0.0,AMD,USD
2026-01-14 00:00:00-05:00,217.5399932861328,224.08999633789062,215.11000061035156,223.60000610351562,40466500,0.0,0.0,AMD,USD
2026-01-15 00:00:00-05:00,227.89999389648438,238.35000610351562,227.22000122070312,227.9199981689453,55270200,0.0,0.0,AMD,USD
2026-01-16 00:00:00-05:00,234.3000030517578,234.49000549316406,228.86000061035156,231.8300018310547,42545600,0.0,0.0,AMD,USD
2026-01-20 00:00:00-05:00,226.0800018310547,239.5,225.41000366210938,231.9199981689453,44327700,0.0,0.0,AMD,USD
2026-01-21 00:00:00-05:00,235.99000549316406,252.89999389648438,235.77999877929688,249.8000030517578,62385600,0.0,0.0,AMD,USD
2026-01-22 00:00:00-05:00,251.75,256.0799865722656,246.6300048828125,253.72999572753906,37945000,0.0,0.0,AMD,USD
2026-01-23 00:00:00-05:00,261.17999267578125,266.9599914550781,256.25,259.67999267578125,47525900,0.0,0.0,AMD,USD
2026-01-26 00:00:00-05:00,256.75,258.2900085449219,250.3000030517578,251.30999755859375,30672500,0.0,0.0,AMD,USD
2026-01-27 00:00:00-05:00,252.16000366210938,255.5500030517578,247.9600067138672,252.02999877929688,25691600,0.0,0.0,AMD,USD
2026-01-28 00:00:00-05:00,254.1300048828125,257.3999938964844,250.2100067138672,252.74000549316406,27061200,0.0,0.0,AMD,USD
2026-01-29 00:00:00-05:00,254.66000366210938,260.5299987792969,240.91000366210938,252.17999267578125,31685200,0.0,0.0,AMD,USD
2026-01-30 00:00:00-05:00,236.92999267578125,245.24000549316406,234.5500030517578,236.72999572753906,40035700,0.0,0.0,AMD,USD
2026-02-02 00:00:00-05:00,235.77000427246094,249.97000122070312,235.0,246.27000427246094,36308100,0.0,0.0,AMD,USD
2026-02-03 00:00:00-05:00,251.5500030517578,252.64999389648438,237.0399932861328,242.11000061035156,53097100,0.0,0.0,AMD,USD
2026-02-04 00:00:00-05:00,215.0,218.5800018310547,199.14999389648438,200.19000244140625,107173300,0.0,0.0,AMD,USD
2026-02-05 00:00:00-05:00,201.86000061035156,204.0399932861328,190.72000122070312,192.5,62196400,0.0,0.0,AMD,USD
2026-02-06 00:00:00-05:00,197.1300048828125,209.27000427246094,196.42999267578125,208.44000244140625,54504500,0.0,0.0,AMD,USD
2026-02-09 00:00:00-05:00,206.89999389648438,217.60000610351562,204.14999389648438,216.0,38810800,0.0,0.0,AMD,USD
2026-02-10 00:00:00-05:00,215.13999938964844,219.38999938964844,213.1300048828125,213.57000732421875,25326700,0.0,0.0,AMD,USD
2026-02-11 00:00:00-05:00,217.8800048828125,219.64999389648438,209.2100067138672,213.5800018310547,33384700,0.0,0.0,AMD,USD
2026-02-12 00:00:00-05:00,215.8300018310547,218.4600067138672,205.13999938964844,205.94000244140625,32181000,0.0,0.0,AMD,USD
2026-02-13 00:00:00-05:00,204.02000427246094,210.0500030517578,203.8800048828125,207.32000732421875,26123900,0.0,0.0,AMD,USD
2026-02-17 00:00:00-05:00,202.14999389648438,205.3000030517578,194.8300018310547,203.0800018310547,33712100,0.0,0.0,AMD,USD
2026-02-18 00:00:00-05:00,198.41000366210938,203.1999969482422,195.0,200.1199951171875,35664100,0.0,0.0,AMD,USD
2026-02-19 00:00:00-05:00,200.11000061035156,204.10000610351562,198.2899932861328,203.3699951171875,25842300,0.0,0.0,AMD,USD
2026-02-20 00:00:00-05:00,200.1199951171875,204.8699951171875,198.55999755859375,200.14999389648438,36317300,0.0,0.0,AMD,USD
2026-02-23 00:00:00-05:00,198.08999633789062,199.3800048828125,194.14999389648438,196.60000610351562,28187900,0.0,0.0,AMD,USD
2026-02-24 00:00:00-05:00,211.6300048828125,216.7100067138672,206.5,213.83999633789062,81367000,0.0,0.0,AMD,USD
2026-02-25 00:00:00-05:00,214.82000732421875,216.6999969482422,210.3300018310547,210.86000061035156,44588100,0.0,0.0,AMD,USD
2026-02-26 00:00:00-05:00,208.8000030517578,209.7899932861328,201.4600067138672,203.67999267578125,35020500,0.0,0.0,AMD,USD
2026-02-27 00:00:00-05:00,200.11000061035156,201.88999938964844,197.74000549316406,200.2100067138672,31312400,0.0,0.0,AMD,USD
2026-03-02 00:00:00-05:00,193.85000610351562,198.74000549316406,190.0,198.6199951171875,34120200,0.0,0.0,AMD,USD
2026-03-03 00:00:00-05:00,191.4600067138672,193.63999938964844,188.22000122070312,190.9499969482422,37785700,0.0,0.0,AMD,USD
2026-03-04 00:00:00-05:00,192.1199951171875,202.44000244140625,189.86000061035156,202.07000732421875,40912600,0.0,0.0,AMD,USD
2026-03-05 00:00:00-05:00,197.77000427246094,203.7899932861328,194.8800048828125,199.4499969482422,36000700,0.0,0.0,AMD,USD
2026-03-06 00:00:00-05:00,195.27000427246094,200.24000549316406,191.25,192.42999267578125,33913800,0.0,0.0,AMD,USD
2026-03-09 00:00:00-04:00,189.36000061035156,202.97000122070312,189.02000427246094,202.67999267578125,38877200,0.0,0.0,AMD,USD
2026-03-10 00:00:00-04:00,202.50999450683594,206.58999633789062,202.1999969482422,203.22999572753906,29139200,0.0,0.0,AMD,USD
2026-03-11 00:00:00-04:00,205.11000061035156,209.2100067138672,203.6300048828125,204.8300018310547,23076400,0.0,0.0,AMD,USD
2026-03-12 00:00:00-04:00,202.8300018310547,203.6199951171875,196.6699981689453,197.74000549316406,28886900,0.0,0.0,AMD,USD
2026-03-13 00:00:00-04:00,198.11000061035156,199.67999267578125,192.27000427246094,193.38999938964844,27561900,0.0,0.0,AMD,USD
2026-03-16 00:00:00-04:00,194.97999572753906,200.1699981689453,194.8000030517578,196.5800018310547,30285200,0.0,0.0,AMD,USD
2026-03-17 00:00:00-04:00,196.67999267578125,199.2100067138672,195.25999450683594,196.30999755859375,22779700,0.0,0.0,AMD,USD
2026-03-18 00:00:00-04:00,196.0,202.86000061035156,195.75,199.4600067138672,28569100,0.0,0.0,AMD,USD
2026-03-19 00:00:00-04:00,195.02999877929688,205.8800048828125,192.8300018310547,205.27000427246094,32245300,0.0,0.0,AMD,USD
2026-03-20 00:00:00-04:00,204.88999938964844,206.3000030517578,198.25999450683594,201.3300018310547,37265100,0.0,0.0,AMD,USD
2026-03-23 00:00:00-04:00,206.39999389648438,209.11000061035156,201.7100067138672,202.67999267578125,31857800,0.0,0.0,AMD,USD
2026-03-24 00:00:00-04:00,201.38999938964844,206.42999267578125,200.1300048828125,205.3699951171875,27258800,0.0,0.0,AMD,USD
2026-03-25 00:00:00-04:00,211.50999450683594,221.3300018310547,211.50999450683594,220.27000427246094,48518300,0.0,0.0,AMD,USD
2026-03-26 00:00:00-04:00,217.97999572753906,221.0,203.42999267578125,203.77000427246094,49213000,0.0,0.0,AMD,USD
2026-03-27 00:00:00-04:00,201.77000427246094,203.27000427246094,197.69000244140625,201.99000549316406,29206600,0.0,0.0,AMD,USD
2026-03-30 00:00:00-04:00,204.9499969482422,208.42999267578125,192.8699951171875,196.0399932861328,41053300,0.0,0.0,AMD,USD
2026-03-31 00:00:00-04:00,198.0500030517578,204.0,196.41000366210938,203.42999267578125,42318700,0.0,0.0,AMD,USD
2026-04-01 00:00:00-04:00,207.58999633789062,213.8300018310547,205.83999633789062,210.2100067138672,40835800,0.0,0.0,AMD,USD
2026-04-02 00:00:00-04:00,204.0500030517578,217.77999877929688,200.6199951171875,217.5,38463500,0.0,0.0,AMD,USD
2026-04-06 00:00:00-04:00,219.27999877929688,226.30999755859375,217.72999572753906,220.17999267578125,30786400,0.0,0.0,AMD,USD
2026-04-07 00:00:00-04:00,218.25999450683594,222.10000610351562,215.3800048828125,221.52999877929688,26483000,0.0,0.0,AMD,USD
2026-04-08 00:00:00-04:00,232.1199951171875,234.0,227.08999633789062,231.82000732421875,35496400,0.0,0.0,AMD,USD
2026-04-09 00:00:00-04:00,233.00999450683594,237.10000610351562,230.91000366210938,236.63999938964844,27126200,0.0,0.0,AMD,USD
2026-04-10 00:00:00-04:00,239.0,249.5800018310547,238.9600067138672,245.0399932861328,36477200,0.0,0.0,AMD,USD
2026-04-13 00:00:00-04:00,245.02999877929688,247.3300018310547,242.02999877929688,246.8300018310547,22781800,0.0,0.0,AMD,USD
2026-04-14 00:00:00-04:00,249.7899932861328,255.4600067138672,245.6999969482422,255.07000732421875,25733200,0.0,0.0,AMD,USD
2026-04-15 00:00:00-04:00,254.9600067138672,258.17999267578125,251.85000610351562,258.1199951171875,24695200,0.0,0.0,AMD,USD
2026-04-16 00:00:00-04:00,264.989990234375,279.3399963378906,261.510009765625,278.260009765625,64850800,0.0,0.0,AMD,USD
2026-04-17 00:00:00-04:00,281.0,281.04998779296875,274.1400146484375,278.3900146484375,35519900,0.0,0.0,AMD,USD
2026-04-20 00:00:00-04:00,280.6000061035156,287.6099853515625,272.0,274.95001220703125,34833900,0.0,0.0,AMD,USD
2026-04-21 00:00:00-04:00,277.3299865722656,286.20001220703125,276.6199951171875,284.489990234375,38950900,0.0,0.0,AMD,USD
2026-04-22 00:00:00-04:00,291.2200012207031,304.25,286.1400146484375,303.4599914550781,49054200,0.0,0.0,AMD,USD
2026-04-23 00:00:00-04:00,302.010009765625,310.2200012207031,299.760009765625,305.3299865722656,45619700,0.0,0.0,AMD,USD
2026-04-24 00:00:00-04:00,336.760009765625,352.989990234375,334.5400085449219,347.80999755859375,81616700,0.0,0.0,AMD,USD
2026-04-27 00:00:00-04:00,346.32000732421875,349.2099914550781,328.80999755859375,334.6300048828125,50585300,0.0,0.0,AMD,USD
2026-04-28 00:00:00-04:00,311.8599853515625,327.5,310.0,323.2099914550781,43002500,0.0,0.0,AMD,USD
2026-04-29 00:00:00-04:00,326.5799865722656,340.1700134277344,318.8599853515625,337.1099853515625,44704400,0.0,0.0,AMD,USD
2026-04-30 00:00:00-04:00,341.3599853515625,354.9599914550781,332.6000061035156,354.489990234375,42115300,0.0,0.0,AMD,USD
2026-05-01 00:00:00-04:00,351.8699951171875,362.7900085449219,349.25,360.5400085449219,34279200,0.0,0.0,AMD,USD
2026-05-04 00:00:00-04:00,360.30999755859375,361.8500061035156,338.70001220703125,341.5400085449219,42000200,0.0,0.0,AMD,USD
2026-05-05 00:00:00-04:00,351.510009765625,359.57000732421875,344.8800048828125,355.260009765625,64235100,0.0,0.0,AMD,USD
2026-05-06 00:00:00-04:00,409.489990234375,430.6000061035156,402.0400085449219,421.3900146484375,87732200,0.0,0.0,AMD,USD
2026-05-07 00:00:00-04:00,417.07000732421875,421.7099914550781,401.0799865722656,408.4599914550781,44885500,0.0,0.0,AMD,USD
2026-05-08 00:00:00-04:00,418.5899963378906,456.2900085449219,418.2900085449219,455.19000244140625,58134900,0.0,0.0,AMD,USD
2026-05-11 00:00:00-04:00,460.54998779296875,469.2200012207031,450.8800048828125,458.7900085449219,46085400,0.0,0.0,AMD,USD
2026-05-12 00:00:00-04:00,449.25,458.79998779296875,426.1099853515625,448.2900085449219,39140100,0.0,0.0,AMD,USD
2026-05-13 00:00:00-04:00,457.0400085449219,459.5,432.6499938964844,445.5,30423400,0.0,0.0,AMD,USD
2026-05-14 00:00:00-04:00,440.6000061035156,453.30999755859375,435.67999267578125,449.70001220703125,26113600,0.0,0.0,AMD,USD
2026-05-15 00:00:00-04:00,433.3399963378906,439.0,423.3599853515625,424.1000061035156,29131600,0.0,0.0,AMD,USD
2026-05-18 00:00:00-04:00,429.5,438.79998779296875,410.7099914550781,420.989990234375,28432100,0.0,0.0,AMD,USD
2026-05-19 00:00:00-04:00,412.6000061035156,428.75,393.3599853515625,414.04998779296875,38756900,0.0,0.0,AMD,USD
2026-05-20 00:00:00-04:00,428.0400085449219,449.3900146484375,426.04998779296875,447.5799865722656,36137500,0.0,0.0,AMD,USD
2026-05-21 00:00:00-04:00,441.989990234375,451.20001220703125,431.6000061035156,449.5899963378906,27252000,0.0,0.0,AMD,USD
2026-05-22 00:00:00-04:00,469.8399963378906,481.4100036621094,461.7099914550781,467.510009765625,34758600,0.0,0.0,AMD,USD
2026-05-26 00:00:00-04:00,484.739990234375,506.9599914550781,480.2300109863281,503.8900146484375,38473800,0.0,0.0,AMD,USD
2026-05-27 00:00:00-04:00,508.0,510.2099914550781,486.6600036621094,495.5400085449219,27589300,0.0,0.0,AMD,USD
2026-05-28 00:00:00-04:00,499.0,527.2000122070312,493.5199890136719,518.0900268554688,31438500,0.0,0.0,AMD,USD
2026-05-29 00:00:00-04:00,520.7999877929688,522.0,503.42999267578125,516.0999755859375,30803200,0.0,0.0,AMD,USD
2026-06-01 00:00:00-04:00,500.1600036621094,517.5,486.79998779296875,510.1300048828125,33309200,0.0,0.0,AMD,USD
2026-06-02 00:00:00-04:00,506.29998779296875,522.489990234375,501.2200012207031,521.5399780273438,24293200,0.0,0.0,AMD,USD
2026-06-03 00:00:00-04:00,533.75,546.4400024414062,524.2999877929688,542.52001953125,29411100,0.0,0.0,AMD,USD
2026-06-04 00:00:00-04:00,514.75,532.1900024414062,499.8699951171875,523.2000122070312,29110000,0.0,0.0,AMD,USD
2026-06-05 00:00:00-04:00,499.1199951171875,505.6199951171875,463.9700012207031,466.3800048828125,45749376,0.0,0.0,AMD,USD
2025-06-06 00:00:00-04:00,201.0894136900733,203.766251237501,200.74368954472075,202.66983032226562,8532000,0.0,0.0,TSM,USD
2025-06-09 00:00:00-04:00,203.87489419194287,206.7097928306776,203.35137942330775,204.46755981445312,11472300,0.0,0.0,TSM,USD
2025-06-10 00:00:00-04:00,209.02117164847496,210.6213478050019,207.3913637166133,209.86077880859375,14514000,0.0,0.0,TSM,USD
2025-06-11 00:00:00-04:00,212.36968096517077,214.76994500844222,210.34475773689434,211.48069763183594,13326400,0.0,0.0,TSM,USD
2025-06-12 00:00:00-04:00,211.08415696170667,214.01864187233437,210.08287084088747,213.572509765625,9796100,0.78,0.0,TSM,USD
2025-06-13 00:00:00-04:00,208.29839197386232,211.42122602011978,207.59450707376448,209.2798614501953,10152500,0.0,0.0,TSM,USD
2025-06-16 00:00:00-04:00,211.16345794395167,215.72380158424107,210.89578171938598,213.82034301757812,10932900,0.0,0.0,TSM,USD
2025-06-17 00:00:00-04:00,212.04578624838317,214.07811366042674,211.65914953114356,212.05569458007812,8389700,0.0,0.0,TSM,USD
2025-06-18 00:00:00-04:00,212.84878409736675,213.31473281545198,211.05439292344064,211.6591339111328,6932000,0.0,0.0,TSM,USD
2025-06-20 00:00:00-04:00,213.34449420760222,213.64191056562106,206.35527786666952,207.70355224609375,16992000,0.0,0.0,TSM,USD
2025-06-23 00:00:00-04:00,204.8484051955703,208.77425291851304,204.42210486388262,208.506591796875,7535500,0.0,0.0,TSM,USD
2025-06-24 00:00:00-04:00,212.54147172075432,218.4699063325991,212.03587452237284,218.19232177734375,14814700,0.0,0.0,TSM,USD
2025-06-25 00:00:00-04:00,218.89621324351728,221.57293017997821,218.89621324351728,220.81948852539062,9168400,0.0,0.0,TSM,USD
2025-06-26 00:00:00-04:00,223.04015934492134,223.27809544793288,220.77981931159474,222.07852172851562,7982200,0.0,0.0,TSM,USD
2025-06-27 00:00:00-04:00,222.36604052159632,226.90655259871068,222.0983642836375,226.59922790527344,13133000,0.0,0.0,TSM,USD
2025-06-30 00:00:00-04:00,225.47896100145897,226.1828307424566,222.86172431031986,224.5371551513672,9279800,0.0,0.0,TSM,USD
2025-07-01 00:00:00-04:00,225.46904096684,226.62896627996992,219.27292984946575,222.7427520751953,9990200,0.0,0.0,TSM,USD
2025-07-02 00:00:00-04:00,222.54448534156623,231.80396553324525,222.06862823097993,231.5858612060547,12012500,0.0,0.0,TSM,USD
2025-07-03 00:00:00-04:00,231.85350826797222,235.53152635608487,231.2586906976002,232.77549743652344,7779600,0.0,0.0,TSM,USD
2025-07-07 00:00:00-04:00,229.63284203668215,230.54490778701677,225.47896668168426,227.1940460205078,13817500,0.0,0.0,TSM,USD
2025-07-08 00:00:00-04:00,227.79879886211808,228.3440596995562,225.57810705474526,225.89535522460938,8854400,0.0,0.0,TSM,USD
2025-07-09 00:00:00-04:00,228.46300418088433,231.25869675469593,228.25482332032985,229.8410186767578,9475300,0.0,0.0,TSM,USD
2025-07-10 00:00:00-04:00,230.77291095727878,231.0405871848476,225.80611388585731,227.77894592285156,13124700,0.0,0.0,TSM,USD
2025-07-11 00:00:00-04:00,229.00826961486257,230.26732364447193,227.42205909910788,228.41343688964844,8817800,0.0,0.0,TSM,USD
2025-07-14 00:00:00-04:00,227.35266194664047,227.86818261390454,224.35869689648518,226.69834899902344,10673500,0.0,0.0,TSM,USD
2025-07-15 00:00:00-04:00,232.43843101903914,235.6604086663135,231.83368999400022,234.90695190429688,14270100,0.0,0.0,TSM,USD
2025-07-16 00:00:00-04:00,234.36170163346114,236.25523682777296,232.13110162377504,235.51170349121094,15092800,0.0,0.0,TSM,USD
2025-07-17 00:00:00-04:00,243.67072516012436,246.13926114916137,239.30866920690116,243.4823760986328,27395700,0.0,0.0,TSM,USD
2025-07-18 00:00:00-04:00,243.19487794603788,243.8491909037162,236.63196195993652,238.32720947265625,16252000,0.0,0.0,TSM,USD
2025-07-21 00:00:00-04:00,238.04964260556653,240.2505026252179,236.6518113448896,236.7906036376953,11971800,0.0,0.0,TSM,USD
2025-07-22 00:00:00-04:00,235.7793860769647,235.94791848919,229.76171551661363,232.57723999023438,11919500,0.0,0.0,TSM,USD
2025-07-23 00:00:00-04:00,236.46343636664648,238.4263601690054,234.34188848623995,238.25782775878906,9885400,0.0,0.0,TSM,USD
2025-07-24 00:00:00-04:00,238.13886172009657,239.8638493652271,235.97765030687785,239.51687622070312,9081900,0.0,0.0,TSM,USD
2025-07-25 00:00:00-04:00,239.23928063208294,244.1168572395966,238.86255225465254,243.4823760986328,11593400,0.0,0.0,TSM,USD
2025-07-28 00:00:00-04:00,240.90481161948458,241.84661752835441,238.97162788502015,240.65696716308594,11892200,0.0,0.0,TSM,USD
2025-07-29 00:00:00-04:00,239.4177236843428,241.86642790694444,237.75221634586697,239.2491912841797,9411500,0.0,0.0,TSM,USD
2025-07-30 00:00:00-04:00,240.03237014193536,242.46125767204518,239.14013623956038,240.81556701660156,6823800,0.0,0.0,TSM,USD
2025-07-31 00:00:00-04:00,243.85908963403463,245.27676765318554,237.73238252761487,239.53668212890625,13490700,0.0,0.0,TSM,USD
2025-08-01 00:00:00-04:00,233.5884297150048,235.14490010421312,229.84102288418194,233.18197631835938,13549800,0.0,0.0,TSM,USD
2025-08-04 00:00:00-04:00,235.85868714754292,236.9392852783203,234.35178871266055,236.9392852783203,6450700,0.0,0.0,TSM,USD
2025-08-05 00:00:00-04:00,236.27508141209947,236.5724977882727,228.1854346417586,230.46560668945312,11868900,0.0,0.0,TSM,USD
2025-08-06 00:00:00-04:00,229.0379962367761,230.1979063680657,226.84705992008142,229.37506103515625,9457200,0.0,0.0,TSM,USD
2025-08-07 00:00:00-04:00,242.36211577134713,245.7030538932532,238.723761303882,240.52806091308594,17691000,0.0,0.0,TSM,USD
2025-08-08 00:00:00-04:00,241.0634072143646,241.0634072143646,236.90953219565284,239.744873046875,10552500,0.0,0.0,TSM,USD
2025-08-11 00:00:00-04:00,239.95306785675675,243.23454096949663,239.45737897369457,240.0026397705078,8272900,0.0,0.0,TSM,USD
2025-08-12 00:00:00-04:00,241.61859257824656,242.6595422676356,239.6160052367502,242.1836700439453,7295800,0.0,0.0,TSM,USD
2025-08-13 00:00:00-04:00,244.30521112971675,244.30521112971675,237.87117922790674,239.35824584960938,7971900,0.0,0.0,TSM,USD
2025-08-14 00:00:00-04:00,235.91816941027903,239.29877124042773,234.7780910243485,238.9220428466797,11040500,0.0,0.0,TSM,USD
2025-08-15 00:00:00-04:00,238.25780715584287,238.72375589030014,235.214270321291,236.8203125,8155500,0.0,0.0,TSM,USD
2025-08-18 00:00:00-04:00,237.92075187874826,240.76600118305328,237.92075187874826,239.32850646972656,6919800,0.0,0.0,TSM,USD
2025-08-19 00:00:00-04:00,237.95048029738865,238.09918090181668,230.5746277732935,230.69358825683594,14594700,0.0,0.0,TSM,USD
2025-08-20 00:00:00-04:00,226.1729116208319,227.05523718336403,221.77119213953512,226.6289520263672,17165200,0.0,0.0,TSM,USD
2025-08-21 00:00:00-04:00,226.18284075933988,228.3440522461249,224.30913730801277,225.3699188232422,7449100,0.0,0.0,TSM,USD
2025-08-22 00:00:00-04:00,226.0341142217163,232.42849732228075,224.21989122651206,230.98109436035156,10299500,0.0,0.0,TSM,USD
2025-08-25 00:00:00-04:00,232.27981463487114,235.2341161551002,230.2474871800651,233.55868530273438,7655000,0.0,0.0,TSM,USD
2025-08-26 00:00:00-04:00,234.33193851870485,236.77073427932467,233.69745740551298,236.66168212890625,9793100,0.0,0.0,TSM,USD
2025-08-27 00:00:00-04:00,234.82764377338734,237.33582828108703,233.40998084608927,237.22677612304688,9516400,0.0,0.0,TSM,USD
2025-08-28 00:00:00-04:00,234.2625759644982,238.5849837554284,233.96515960057798,236.21559143066406,8466200,0.0,0.0,TSM,USD
2025-08-29 00:00:00-04:00,233.80651237682017,233.9155645285543,228.5918711375854,228.87936401367188,15526000,0.0,0.0,TSM,USD
2025-09-02 00:00:00-04:00,224.20005441905272,227.36255161234277,223.68454892133465,226.42074584960938,13974900,0.0,0.0,TSM,USD
2025-09-03 00:00:00-04:00,229.52378140942648,230.44575545784252,226.62896018846536,229.3948974609375,7198500,0.0,0.0,TSM,USD
2025-09-04 00:00:00-04:00,229.35525744917965,233.2811050208871,228.31430774567895,233.18197631835938,6241900,0.0,0.0,TSM,USD
2025-09-05 00:00:00-04:00,238.16861341622854,242.4414494089284,235.84877781592942,241.311279296875,14056600,0.0,0.0,TSM,USD
2025-09-08 00:00:00-04:00,239.9035236735074,245.74273841765265,239.5367035942581,245.05868530273438,12986600,0.0,0.0,TSM,USD
2025-09-09 00:00:00-04:00,244.80091263922824,252.53366249665922,244.80091263922824,248.7565155029297,13443400,0.0,0.0,TSM,USD
2025-09-10 00:00:00-04:00,256.6379571383984,262.29871570427855,255.5276188825111,258.1944274902344,18822400,0.0,0.0,TSM,USD
2025-09-11 00:00:00-04:00,258.10519865957957,259.38408440551353,256.0034827077794,256.6776123046875,10005000,0.0,0.0,TSM,USD
2025-09-12 00:00:00-04:00,258.6009077745866,258.7000516064709,256.15220337384875,257.093994140625,8496600,0.0,0.0,TSM,USD
2025-09-15 00:00:00-04:00,257.7582365234854,260.5340823534966,256.5190142325071,259.1263427734375,8147700,0.0,0.0,TSM,USD
2025-09-16 00:00:00-04:00,264.4588623873146,264.97599421668303,259.17801132925484,260.62005615234375,10381900,0.822,0.0,TSM,USD
2025-09-17 00:00:00-04:00,262.88754048795744,263.3549592162949,258.30288539395997,261.3460693359375,10422000,0.0,0.0,TSM,USD
2025-09-18 00:00:00-04:00,256.5823885956235,269.0534945858002,256.56250941394285,267.1639404296875,16917300,0.0,0.0,TSM,USD
2025-09-19 00:00:00-04:00,264.906369754295,265.1052829526373,261.3659333430305,263.41461181640625,17640200,0.0,0.0,TSM,USD
2025-09-22 00:00:00-04:00,265.0754548070481,274.84147392149646,263.99144765712083,271.1319885253906,15630300,0.0,0.0,TSM,USD
2025-09-23 00:00:00-04:00,280.8483219615575,284.4285475106924,278.4615150454331,281.1566162109375,17830300,0.0,0.0,TSM,USD
2025-09-24 00:00:00-04:00,278.7697759746599,279.6648246674882,275.1995056183398,279.1675720214844,10231000,0.0,0.0,TSM,USD
2025-09-25 00:00:00-04:00,271.61927439044285,275.6172049983613,268.7053812343466,275.13983154296875,11863400,0.0,0.0,TSM,USD
2025-09-26 00:00:00-04:00,272.38505759242145,273.9861964775729,269.13300599977333,271.8579406738281,10451900,0.0,0.0,TSM,USD
2025-09-29 00:00:00-04:00,274.9707654264454,278.3321982543906,271.72869873046875,271.72869873046875,8046200,0.0,0.0,TSM,USD
2025-09-30 00:00:00-04:00,273.807214244373,277.954284467032,272.325380667425,277.7554016113281,8348800,0.0,0.0,TSM,USD
2025-10-01 00:00:00-04:00,276.9100616594081,288.88391412069626,275.64705083840846,286.88494873046875,14620100,0.0,0.0,TSM,USD
2025-10-02 00:00:00-04:00,294.8907099841994,295.08962319046634,285.45286409978945,286.52691650390625,10198000,0.0,0.0,TSM,USD
2025-10-03 00:00:00-04:00,291.2508047223274,294.4332337909497,288.8938320405176,290.5845031738281,10572500,0.0,0.0,TSM,USD
2025-10-06 00:00:00-04:00,298.36155138253906,305.61147332841716,298.2919287260205,300.7384033203125,15785000,0.0,0.0,TSM,USD
2025-10-07 00:00:00-04:00,304.9352165373552,305.4125900171908,291.66851920293146,292.4143981933594,13081000,0.0,0.0,TSM,USD
2025-10-08 00:00:00-04:00,293.37906126475184,304.7164155283942,292.36467679244197,302.84674072265625,12821200,0.0,0.0,TSM,USD
2025-10-09 00:00:00-04:00,300.64891000422716,301.1660418603919,295.78579462348,298.2322692871094,10259900,0.0,0.0,TSM,USD
2025-10-10 00:00:00-04:00,298.31179888181225,298.5505007898126,278.7896551444281,279.11785888671875,23398000,0.0,0.0,TSM,USD
2025-10-13 00:00:00-04:00,296.60126439106546,302.9561681137841,290.7138097444033,301.2257385253906,20318300,0.0,0.0,TSM,USD
2025-10-14 00:00:00-04:00,294.00560959054894,300.0919772305087,289.73917331356006,294.31390380859375,16567900,0.0,0.0,TSM,USD
2025-10-15 00:00:00-04:00,304.6070716334347,304.92529029986935,298.4212467467673,303.0357360839844,20788000,0.0,0.0,TSM,USD
2025-10-16 00:00:00-04:00,309.2215348277698,309.6591196007559,295.0597886471838,298.1924743652344,26341500,0.0,0.0,TSM,USD
2025-10-17 00:00:00-04:00,296.7603831294787,301.6334531556036,293.2995240198515,293.4586181640625,17633300,0.0,0.0,TSM,USD
2025-10-20 00:00:00-04:00,298.35158954853466,301.98152781806317,295.42774154296757,296.0642395019531,13391600,0.0,0.0,TSM,USD
2025-10-21 00:00:00-04:00,297.35710404347793,297.72506617243147,292.0464490379999,292.89178466796875,11190500,0.0,0.0,TSM,USD
2025-10-22 00:00:00-04:00,291.39005104574045,293.5779748317749,282.83729945018723,287.2926940917969,15409100,0.0,0.0,TSM,USD
2025-10-23 00:00:00-04:00,288.2076248435293,292.4740610939465,288.03857593785744,289.1325378417969,10379900,0.0,0.0,TSM,USD
2025-10-24 00:00:00-04:00,293.9459584891637,296.3128861176487,292.7724494405536,293.33929443359375,8747000,0.0,0.0,TSM,USD
2025-10-27 00:00:00-04:00,297.00903266365736,298.82899454787173,292.07629436062774,296.6112365722656,13615000,0.0,0.0,TSM,USD
2025-10-28 00:00:00-04:00,296.6808457608386,300.4699087478271,294.45313312040213,299.8731994628906,11804200,0.0,0.0,TSM,USD
2025-10-29 00:00:00-04:00,304.119725558309,306.26786076808014,300.7185342385926,303.41363525390625,16177300,0.0,0.0,TSM,USD
2025-10-30 00:00:00-04:00,301.4146487349765,305.6214170208302,299.1670874264836,301.55389404296875,14507100,0.0,0.0,TSM,USD
2025-10-31 00:00:00-04:00,304.30868317308915,305.98939964721217,295.049840767067,298.77923583984375,12667900,0.0,0.0,TSM,USD
2025-11-03 00:00:00-05:00,300.9273593512381,308.4159831524081,300.45994063961587,303.18487548828125,12466600,0.0,0.0,TSM,USD
2025-11-04 00:00:00-05:00,295.24873207210084,300.3306394796117,291.89725413800574,292.43426513671875,16224300,0.0,0.0,TSM,USD
2025-11-05 00:00:00-05:00,291.0121354650066,296.5813712041724,289.89829438715213,292.02655029296875,10502500,0.0,0.0,TSM,USD
2025-11-06 00:00:00-05:00,292.4840072153901,293.02104856143376,285.8009305586974,287.65069580078125,11516900,0.0,0.0,TSM,USD
2025-11-07 00:00:00-05:00,283.64286085739604,286.30815824705064,275.6072710263584,284.92578125,15715700,0.0,0.0,TSM,USD
2025-11-10 00:00:00-05:00,292.74254907614477,295.4973480261459,290.1469049570731,293.6475524902344,10869200,0.0,0.0,TSM,USD
2025-11-11 00:00:00-05:00,290.4552233535491,293.29952437049775,287.32253764371603,289.57012939453125,9666300,0.0,0.0,TSM,USD
2025-11-12 00:00:00-05:00,292.0862257172243,293.24977995003894,287.9888382895772,289.02313232421875,9715900,0.0,0.0,TSM,USD
2025-11-13 00:00:00-05:00,287.58114864349864,287.90932208155397,278.46152049338554,280.6494445800781,13827600,0.0,0.0,TSM,USD
2025-11-14 00:00:00-05:00,274.39395907873825,285.2837738289432,271.7286921770343,283.2550048828125,11486800,0.0,0.0,TSM,USD
2025-11-17 00:00:00-05:00,279.89357391407117,284.9556022464449,278.26257065497276,280.46044921875,10227100,0.0,0.0,TSM,USD
2025-11-18 00:00:00-05:00,276.02495788438125,278.6504666727033,271.22151022151843,276.38299560546875,11850400,0.0,0.0,TSM,USD
2025-11-19 00:00:00-05:00,275.3984452927396,282.98649590634164,274.8017359901905,280.8184814453125,11179200,0.0,0.0,TSM,USD
2025-11-20 00:00:00-05:00,290.604384137341,291.24088209492936,274.89121259556964,275.9752197265625,15747300,0.0,0.0,TSM,USD
2025-11-21 00:00:00-05:00,271.3109776660178,277.15867345324483,265.35390086809315,273.5486145019531,20872800,0.0,0.0,TSM,USD
2025-11-24 00:00:00-05:00,271.68892081341625,283.4936945409646,271.68892081341625,283.0760192871094,13570300,0.0,0.0,TSM,USD
2025-11-25 00:00:00-05:00,281.1765164144742,283.83182877747697,271.57951523799863,283.11578369140625,13726800,0.0,0.0,TSM,USD
2025-11-26 00:00:00-05:00,287.51150022837163,291.2011065464774,286.14903276682793,288.36676025390625,12220300,0.0,0.0,TSM,USD
2025-11-28 00:00:00-05:00,290.87293556321845,291.0618940076251,287.41204602081194,289.90826416015625,5515400,0.0,0.0,TSM,USD
2025-12-01 00:00:00-05:00,285.34347030144386,289.56016300637964,281.63395465495364,286.0992736816406,7713000,0.0,0.0,TSM,USD
2025-12-02 00:00:00-05:00,290.39554455264516,292.88180777655475,287.5910323521008,290.48504638671875,10746400,0.0,0.0,TSM,USD
2025-12-03 00:00:00-05:00,290.57457758918156,294.99018394912207,284.49816422375153,293.8266296386719,9599200,0.0,0.0,TSM,USD
2025-12-04 00:00:00-05:00,292.36468336075257,292.4143964865334,288.60545448493434,291.3204345703125,6753000,0.0,0.0,TSM,USD
2025-12-05 00:00:00-05:00,294.4232952098061,299.14719559795464,291.6386923841185,293.1006164550781,10275300,0.0,0.0,TSM,USD
2025-12-08 00:00:00-05:00,299.545002169958,300.95718267017554,295.08960759414805,300.2113037109375,16643100,0.0,0.0,TSM,USD
2025-12-09 00:00:00-05:00,298.34163738228614,303.0058697008475,296.859834186587,301.74285888671875,11349100,0.0,0.0,TSM,USD
2025-12-10 00:00:00-05:00,303.69210299994586,312.25481010271403,300.83787741565504,308.4359130859375,12429200,0.0,0.0,TSM,USD
2025-12-11 00:00:00-05:00,304.4620887676012,304.9806166643683,298.79805630078465,303.993408203125,15028400,0.835,0.0,TSM,USD
2025-12-12 00:00:00-05:00,303.42501914571716,303.42501914571716,290.16240225696646,291.21942138671875,19306100,0.0,0.0,TSM,USD
2025-12-15 00:00:00-05:00,294.3206708038066,294.9688383240091,286.7420194714124,286.9314880371094,12082400,0.0,0.0,TSM,USD
2025-12-16 00:00:00-05:00,286.45285309312516,287.6494630176455,282.52392145570184,286.0639343261719,11418400,0.0,0.0,TSM,USD
2025-12-17 00:00:00-05:00,287.7192595027483,288.28766516569226,274.30704043061615,276.1817626953125,16823000,0.0,0.0,TSM,USD
2025-12-18 00:00:00-05:00,284.199174048609,286.3531082826913,280.9583062743705,283.88006591796875,11260300,0.0,0.0,TSM,USD
2025-12-19 00:00:00-05:00,285.57530617616766,291.3490453855629,285.57530617616766,288.1380920410156,12735800,0.0,0.0,TSM,USD
2025-12-22 00:00:00-05:00,293.84201090222973,294.18105187373214,290.3917113539842,292.4559020996094,6091100,0.0,0.0,TSM,USD
2025-12-23 00:00:00-05:00,292.5755877654344,297.0729251391739,291.3789778288188,296.1156311035156,6802300,0.0,0.0,TSM,USD
2025-12-24 00:00:00-05:00,296.90336911754514,298.31939244230784,295.3976327678872,297.96038818359375,2753900,0.0,0.0,TSM,USD
2025-12-26 00:00:00-05:00,299.057302880738,302.52753536072214,297.6811756829542,301.9890441894531,5125900,0.0,0.0,TSM,USD
2025-12-29 00:00:00-05:00,300.9320317825189,303.6443901134491,297.8108218524903,300.074462890625,6205100,0.0,0.0,TSM,USD
2025-12-30 00:00:00-05:00,301.5103768923786,303.694225594236,298.6085805500678,298.7381896972656,6190600,0.0,0.0,TSM,USD
2025-12-31 00:00:00-05:00,303.145809122997,306.5262983780608,302.5774034272525,303.0361328125,8175100,0.0,0.0,TSM,USD
2026-01-02 00:00:00-05:00,311.10337914292677,320.68636142096807,310.8241671314913,318.7119140625,18526900,0.0,0.0,TSM,USD
2026-01-05 00:00:00-05:00,329.4716062493842,330.3192239292284,320.59662035697187,321.3445129394531,17446300,0.0,0.0,TSM,USD
2026-01-06 00:00:00-05:00,329.29211764393796,332.1440667365589,323.67793248448737,326.50994873046875,15599600,0.0,0.0,TSM,USD
2026-01-07 00:00:00-05:00,323.75773551915603,325.38312988148454,317.64495510365737,317.7845458984375,11744800,0.0,0.0,TSM,USD
2026-01-08 00:00:00-05:00,323.4785020895135,323.58817839016587,315.25168399484824,317.1164245605469,10850800,0.0,0.0,TSM,USD
2026-01-09 00:00:00-05:00,318.9313013901861,323.857422997462,317.3557543970093,322.72064208984375,12325100,0.0,0.0,TSM,USD
2026-01-12 00:00:00-05:00,321.1949567456115,332.6127658228954,320.15787045790154,330.8377685546875,12714800,0.0,0.0,TSM,USD
2026-01-13 00:00:00-05:00,331.9346666248943,335.47470976999307,329.8505429494614,330.2793273925781,11473600,0.0,0.0,TSM,USD
2026-01-14 00:00:00-05:00,328.9331298593294,328.9331298593294,323.90731338998853,326.19085693359375,11210800,0.0,0.0,TSM,USD
2026-01-15 00:00:00-05:00,341.8467491317976,350.34279816101105,336.97050517641344,340.6800537109375,42188500,0.0,0.0,TSM,USD
2026-01-16 00:00:00-05:00,345.53636401500876,348.8669754198533,340.50053556544725,341.4378967285156,18246100,0.0,0.0,TSM,USD
2026-01-20 00:00:00-05:00,339.8324288336637,341.18859278686466,325.9814434873856,326.24072265625,22809900,0.0,0.0,TSM,USD
2026-01-21 00:00:00-05:00,332.49310129241417,332.7025331328663,324.76487770239703,325.2036437988281,16789800,0.0,0.0,TSM,USD
2026-01-22 00:00:00-05:00,332.48315293915306,334.1085473196274,325.98145368994255,326.45013427734375,12801000,0.0,0.0,TSM,USD
2026-01-23 00:00:00-05:00,331.13692650090593,336.20263886005773,330.4388812525041,333.9290466308594,12904400,0.0,0.0,TSM,USD
2026-01-26 00:00:00-05:00,331.85490821813903,334.15841495844967,329.302103948082,331.7751159667969,8646400,0.0,0.0,TSM,USD
2026-01-27 00:00:00-05:00,335.55448651427724,340.2911397414476,333.61993518273925,337.3893127441406,11298100,0.0,0.0,TSM,USD
2026-01-28 00:00:00-05:00,342.0661250249386,344.52918583413737,337.70840907754706,341.3381652832031,12140100,0.0,0.0,TSM,USD
2026-01-29 00:00:00-05:00,338.8451837554306,342.77411518337567,327.2778029426617,338.59588623046875,13844800,0.0,0.0,TSM,USD
2026-01-30 00:00:00-05:00,334.47752437203013,338.9449166457037,328.17527549243783,329.63116455078125,12028100,0.0,0.0,TSM,USD
2026-02-02 00:00:00-05:00,329.8306265373009,343.2328647010167,328.17528722250364,340.40081787109375,12459100,0.0,0.0,TSM,USD
2026-02-03 00:00:00-05:00,344.1003987230499,346.0748156654085,329.09266930140075,334.80657958984375,12540000,0.0,0.0,TSM,USD
2026-02-04 00:00:00-05:00,334.6570176533282,337.84800784779,318.17346582768744,324.82470703125,18176000,0.0,0.0,TSM,USD
2026-02-05 00:00:00-05:00,321.9129124269428,333.62989599425225,318.7518064489927,329.8006896972656,14812000,0.0,0.0,TSM,USD
2026-02-06 00:00:00-05:00,336.55166747921487,348.7373320345502,335.70404978586464,347.8697814941406,17025500,0.0,0.0,TSM,USD
2026-02-09 00:00:00-05:00,347.78003818210266,358.5895754992364,346.8227137499511,354.4113464355469,14594900,0.0,0.0,TSM,USD
2026-02-10 00:00:00-05:00,363.30624936405627,363.7350642277155,355.3885881063554,360.89306640625,14622100,0.0,0.0,TSM,USD
2026-02-11 00:00:00-05:00,369.0401067518016,378.5134129054634,367.3548834438525,373.0388488769531,18651300,0.0,0.0,TSM,USD
2026-02-12 00:00:00-05:00,377.935039592847,378.93222967092834,321.1949302363811,367.065673828125,16835400,0.0,0.0,TSM,USD
2026-02-13 00:00:00-05:00,368.1127354278381,370.0672195884049,359.7562771552808,365.33056640625,10468200,0.0,0.0,TSM,USD
2026-02-17 00:00:00-05:00,360.85319615912016,365.1710465677669,355.239010723004,363.1766662597656,10063800,0.0,0.0,TSM,USD
2026-02-18 00:00:00-05:00,362.8375757643795,368.3520662408341,359.6964330306747,361.2420959472656,7310500,0.0,0.0,TSM,USD
2026-02-19 00:00:00-05:00,358.70921910560816,361.7805511817895,356.43562692583515,359.3773498535156,6346500,0.0,0.0,TSM,USD
2026-02-20 00:00:00-05:00,358.7690647648194,371.15417960431387,358.09098277814786,369.49884033203125,9009200,0.0,0.0,TSM,USD
2026-02-23 00:00:00-05:00,365.9787592646981,372.38070285599144,365.43028643422855,369.000244140625,9550200,0.0,0.0,TSM,USD
2026-02-24 00:00:00-05:00,378.33391351146565,388.08643136026217,374.9933206284406,384.66607666015625,13269500,0.0,0.0,TSM,USD
2026-02-25 00:00:00-05:00,389.11354545099755,389.11354545099755,383.74865777426606,386.6405334472656,10948400,0.0,0.0,TSM,USD
2026-02-26 00:00:00-05:00,385.0948876070745,385.3840812735769,368.6612132926515,375.751220703125,14535700,0.0,0.0,TSM,USD
2026-02-27 00:00:00-05:00,369.0999696366612,375.6215711814436,367.5842211614136,373.5274658203125,9186600,0.0,0.0,TSM,USD
2026-03-02 00:00:00-05:00,364.3333521503479,372.0516240447341,363.6253557161521,368.07281494140625,12571600,0.0,0.0,TSM,USD
2026-03-03 00:00:00-05:00,348.56779863159585,354.9797543115567,343.17302679495026,352.13775634765625,18580200,0.0,0.0,TSM,USD
2026-03-04 00:00:00-05:00,356.4256567883636,360.0753762742671,353.5537443776967,356.4356384277344,12131100,0.0,0.0,TSM,USD
2026-03-05 00:00:00-05:00,353.9027784163684,358.45994470895477,342.83396165662896,352.8656921386719,16249800,0.0,0.0,TSM,USD
2026-03-06 00:00:00-05:00,342.534806507991,347.7401401560406,335.7439442196277,337.9377746582031,13803000,0.0,0.0,TSM,USD
2026-03-09 00:00:00-04:00,334.65701789133806,348.41822968436554,330.9873654707745,347.72021484375,19182800,0.0,0.0,TSM,USD
2026-03-10 00:00:00-04:00,347.4908428127615,352.50670790600384,343.34252825602294,346.1147155761719,12985600,0.0,0.0,TSM,USD
2026-03-11 00:00:00-04:00,352.9354860687554,356.34588961312187,349.375510095212,353.563720703125,10683300,0.0,0.0,TSM,USD
2026-03-12 00:00:00-04:00,344.9579798603255,345.91530431128575,335.43482613991114,335.7638854980469,17549400,0.0,0.0,TSM,USD
2026-03-13 00:00:00-04:00,342.95362719772163,343.5519169028672,335.27525137553937,337.359375,17299900,0.0,0.0,TSM,USD
2026-03-16 00:00:00-04:00,340.2911403364549,343.6616479288799,338.8651657186838,339.2740173339844,11123500,0.0,0.0,TSM,USD
2026-03-17 00:00:00-04:00,340.6000061035156,346.760009765625,338.3999938964844,345.9800109863281,11434600,0.956,0.0,TSM,USD
2026-03-18 00:00:00-04:00,345.7799987792969,347.95001220703125,339.3399963378906,339.57000732421875,12632600,0.0,0.0,TSM,USD
2026-03-19 00:00:00-04:00,329.2200012207031,339.8999938964844,325.19000244140625,338.7900085449219,15411600,0.0,0.0,TSM,USD
2026-03-20 00:00:00-04:00,336.67999267578125,337.6000061035156,325.8999938964844,329.239990234375,17424200,0.0,0.0,TSM,USD
2026-03-23 00:00:00-04:00,331.1000061035156,343.4100036621094,331.1000061035156,338.45001220703125,15857200,0.0,0.0,TSM,USD
2026-03-24 00:00:00-04:00,335.57000732421875,344.8800048828125,334.0199890136719,343.25,9725000,0.0,0.0,TSM,USD
2026-03-25 00:00:00-04:00,346.0,350.45001220703125,343.5,347.75,12166900,0.0,0.0,TSM,USD
2026-03-26 00:00:00-04:00,339.82000732421875,340.9100036621094,325.3699951171875,326.1099853515625,14560200,0.0,0.0,TSM,USD
2026-03-27 00:00:00-04:00,324.8299865722656,329.55999755859375,322.30999755859375,326.739990234375,14484500,0.0,0.0,TSM,USD
2026-03-30 00:00:00-04:00,327.20001220703125,329.6000061035156,313.79998779296875,316.5,15740000,0.0,0.0,TSM,USD
2026-03-31 00:00:00-04:00,322.30999755859375,338.4100036621094,321.1400146484375,337.95001220703125,18488000,0.0,0.0,TSM,USD
2026-04-01 00:00:00-04:00,343.8999938964844,348.67999267578125,339.75,341.489990234375,15011600,0.0,0.0,TSM,USD
2026-04-02 00:00:00-04:00,326.8399963378906,342.07000732421875,326.79998779296875,339.0400085449219,8994600,0.0,0.0,TSM,USD
2026-04-06 00:00:00-04:00,339.75,344.20001220703125,338.6199951171875,341.760009765625,5884800,0.0,0.0,TSM,USD
2026-04-07 00:00:00-04:00,339.44000244140625,345.5299987792969,335.6499938964844,345.32000732421875,6823500,0.0,0.0,TSM,USD
2026-04-08 00:00:00-04:00,370.2900085449219,374.29998779296875,359.239990234375,365.8999938964844,16356900,0.0,0.0,TSM,USD
2026-04-09 00:00:00-04:00,363.29998779296875,368.1700134277344,360.7200012207031,365.489990234375,9246000,0.0,0.0,TSM,USD
2026-04-10 00:00:00-04:00,375.5899963378906,378.0,369.75,370.6000061035156,13168200,0.0,0.0,TSM,USD
2026-04-13 00:00:00-04:00,370.260009765625,371.4599914550781,366.04998779296875,369.57000732421875,9596300,0.0,0.0,TSM,USD
2026-04-14 00:00:00-04:00,379.0400085449219,382.1600036621094,373.2200012207031,379.8900146484375,12859500,0.0,0.0,TSM,USD
2026-04-15 00:00:00-04:00,381.4100036621094,381.9800109863281,372.2099914550781,375.1000061035156,14955500,0.0,0.0,TSM,USD
2026-04-16 00:00:00-04:00,368.8599853515625,370.20001220703125,360.54998779296875,363.3500061035156,26405800,0.0,0.0,TSM,USD
2026-04-17 00:00:00-04:00,373.20001220703125,375.5799865722656,365.1400146484375,370.5,18419400,0.0,0.0,TSM,USD
2026-04-20 00:00:00-04:00,369.2200012207031,370.07000732421875,364.25,366.239990234375,11638300,0.0,0.0,TSM,USD
2026-04-21 00:00:00-04:00,368.0799865722656,370.75,365.1099853515625,368.0799865722656,9808200,0.0,0.0,TSM,USD
2026-04-22 00:00:00-04:00,371.7799987792969,387.9100036621094,370.6400146484375,387.44000244140625,16317200,0.0,0.0,TSM,USD
2026-04-23 00:00:00-04:00,384.25,388.760009765625,375.80999755859375,382.6600036621094,12224900,0.0,0.0,TSM,USD
2026-04-24 00:00:00-04:00,396.1400146484375,409.489990234375,393.8500061035156,402.4599914550781,21603600,0.0,0.0,TSM,USD
2026-04-27 00:00:00-04:00,413.75,414.5,400.3999938964844,404.9800109863281,16561200,0.0,0.0,TSM,USD
2026-04-28 00:00:00-04:00,392.1199951171875,397.8699951171875,384.70001220703125,392.3399963378906,14715800,0.0,0.0,TSM,USD
2026-04-29 00:00:00-04:00,392.9100036621094,395.8500061035156,388.17999267578125,393.8299865722656,10313000,0.0,0.0,TSM,USD
2026-04-30 00:00:00-04:00,397.80999755859375,398.7900085449219,385.7099914550781,396.05999755859375,12788100,0.0,0.0,TSM,USD
2026-05-01 00:00:00-04:00,393.44000244140625,403.989990234375,392.1300048828125,397.6700134277344,9926400,0.0,0.0,TSM,USD
2026-05-04 00:00:00-04:00,404.5199890136719,407.70001220703125,395.20001220703125,401.6099853515625,9978500,0.0,0.0,TSM,USD
2026-05-05 00:00:00-04:00,404.6000061035156,406.1300048828125,392.6000061035156,394.4100036621094,14579000,0.0,0.0,TSM,USD
2026-05-06 00:00:00-04:00,402.3999938964844,419.70001220703125,400.6499938964844,419.5,17736400,0.0,0.0,TSM,USD
2026-05-07 00:00:00-04:00,418.0899963378906,420.0,408.1099853515625,414.1499938964844,13403200,0.0,0.0,TSM,USD
2026-05-08 00:00:00-04:00,416.95001220703125,417.0,400.8800048828125,411.67999267578125,18531200,0.0,0.0,TSM,USD
2026-05-11 00:00:00-04:00,406.739990234375,407.7300109863281,398.19000244140625,404.5400085449219,14680000,0.0,0.0,TSM,USD
2026-05-12 00:00:00-04:00,397.75,402.239990234375,386.1199951171875,397.2799987792969,18121800,0.0,0.0,TSM,USD
2026-05-13 00:00:00-04:00,398.2699890136719,404.67999267578125,391.4700012207031,399.79998779296875,13127800,0.0,0.0,TSM,USD
2026-05-14 00:00:00-04:00,403.2099914550781,421.9700012207031,402.1000061035156,417.7200012207031,18577100,0.0,0.0,TSM,USD
2026-05-15 00:00:00-04:00,406.5,409.8699951171875,398.8299865722656,404.3500061035156,11868600,0.0,0.0,TSM,USD
2026-05-18 00:00:00-04:00,406.8800048828125,406.8800048828125,391.04998779296875,395.95001220703125,12117200,0.0,0.0,TSM,USD
2026-05-19 00:00:00-04:00,389.510009765625,398.8800048828125,385.05999755859375,392.6099853515625,14083000,0.0,0.0,TSM,USD
2026-05-20 00:00:00-04:00,397.0,403.8800048828125,395.95001220703125,401.6199951171875,10254300,0.0,0.0,TSM,USD
2026-05-21 00:00:00-04:00,399.510009765625,411.4599914550781,399.510009765625,407.1499938964844,8937900,0.0,0.0,TSM,USD
2026-05-22 00:00:00-04:00,409.42999267578125,410.6700134277344,402.8599853515625,404.5199890136719,7111900,0.0,0.0,TSM,USD
2026-05-26 00:00:00-04:00,413.1199951171875,416.489990234375,410.07000732421875,412.32000732421875,10132000,0.0,0.0,TSM,USD
2026-05-27 00:00:00-04:00,427.0199890136719,430.54998779296875,415.3800048828125,422.7300109863281,14695600,0.0,0.0,TSM,USD
2026-05-28 00:00:00-04:00,422.2200012207031,427.6000061035156,414.7099914550781,424.8599853515625,8905800,0.0,0.0,TSM,USD
2026-05-29 00:00:00-04:00,427.07000732421875,430.44000244140625,417.25,418.45001220703125,11232300,0.0,0.0,TSM,USD
2026-06-01 00:00:00-04:00,424.8800048828125,449.3900146484375,422.5,435.6300048828125,18040400,0.0,0.0,TSM,USD
2026-06-02 00:00:00-04:00,440.5799865722656,448.3800048828125,436.010009765625,446.69000244140625,10147900,0.0,0.0,TSM,USD
2026-06-03 00:00:00-04:00,449.989990234375,450.1600036621094,434.5299987792969,436.69000244140625,10245200,0.0,0.0,TSM,USD
2026-06-04 00:00:00-04:00,430.6300048828125,448.010009765625,427.29998779296875,444.9200134277344,10974100,0.0,0.0,TSM,USD
2026-06-05 00:00:00-04:00,429.7699890136719,433.8999938964844,412.7900085449219,415.1700134277344,19007222,0.0,0.0,TSM,USD
2025-06-06 00:00:00-04:00,117.02210875626103,117.77930733531038,116.25507428583558,117.39579010009766,9753200,0.0,0.0,BABA,USD
2025-06-09 00:00:00-04:00,119.07736698716687,120.12466808876809,118.1234955994335,119.46089172363281,10410600,0.0,0.0,BABA,USD
2025-06-10 00:00:00-04:00,118.61026647268586,120.12959286400175,117.88748224356495,119.85424041748047,8892800,0.0,0.0,BABA,USD
2025-06-11 00:00:00-04:00,120.59176912431693,121.4079755291533,118.05465689992596,118.33000183105469,10443100,0.0,0.0,BABA,USD
2025-06-12 00:00:00-04:00,117.5199966430664,117.55000305175781,115.94999694824219,116.62000274658203,10204500,2.0,0.0,BABA,USD
2025-06-13 00:00:00-04:00,113.66999816894531,114.77999877929688,112.26899719238281,112.87000274658203,13355100,0.0,0.0,BABA,USD
2025-06-16 00:00:00-04:00,114.9800033569336,116.9000015258789,114.87000274658203,115.95999908447266,10242900,0.0,0.0,BABA,USD
2025-06-17 00:00:00-04:00,115.94000244140625,116.61000061035156,115.02999877929688,115.02999877929688,10205700,0.0,0.0,BABA,USD
2025-06-18 00:00:00-04:00,113.63999938964844,114.30000305175781,113.0199966430664,113.48999786376953,14002300,0.0,0.0,BABA,USD
2025-06-20 00:00:00-04:00,114.11000061035156,114.427001953125,112.62200164794922,113.01000213623047,12737300,0.0,0.0,BABA,USD
2025-06-23 00:00:00-04:00,112.11499786376953,113.08999633789062,111.26000213623047,113.08999633789062,12536500,0.0,0.0,BABA,USD
2025-06-24 00:00:00-04:00,114.61499786376953,117.31999969482422,113.62000274658203,117.01000213623047,17125100,0.0,0.0,BABA,USD
2025-06-25 00:00:00-04:00,117.19999694824219,117.44999694824219,114.16999816894531,114.55000305175781,12835500,0.0,0.0,BABA,USD
2025-06-26 00:00:00-04:00,114.0999984741211,114.19999694824219,113.37999725341797,113.93000030517578,8388000,0.0,0.0,BABA,USD
2025-06-27 00:00:00-04:00,114.37000274658203,115.5,113.31999969482422,114.08000183105469,12355500,0.0,0.0,BABA,USD
2025-06-30 00:00:00-04:00,112.45999908447266,113.48999786376953,111.4000015258789,113.41000366210938,10457300,0.0,0.0,BABA,USD
2025-07-01 00:00:00-04:00,112.94999694824219,114.79000091552734,112.73999786376953,113.97000122070312,9243200,0.0,0.0,BABA,USD
2025-07-02 00:00:00-04:00,111.56999969482422,111.81999969482422,110.37000274658203,110.70999908447266,13843800,0.0,0.0,BABA,USD
2025-07-03 00:00:00-04:00,108.33499908447266,109.08000183105469,107.94999694824219,108.69999694824219,11847200,0.0,0.0,BABA,USD
2025-07-07 00:00:00-04:00,107.43000030517578,108.19999694824219,105.94000244140625,106.2699966430664,17446200,0.0,0.0,BABA,USD
2025-07-08 00:00:00-04:00,108.76499938964844,109.12999725341797,107.91000366210938,107.98999786376953,11319900,0.0,0.0,BABA,USD
2025-07-09 00:00:00-04:00,105.4800033569336,105.5250015258789,103.70999908447266,103.83000183105469,24609300,0.0,0.0,BABA,USD
2025-07-10 00:00:00-04:00,105.13999938964844,106.76000213623047,104.41400146484375,106.63999938964844,13554500,0.0,0.0,BABA,USD
2025-07-11 00:00:00-04:00,106.91000366210938,107.41999816894531,106.30000305175781,106.72000122070312,10774600,0.0,0.0,BABA,USD
2025-07-14 00:00:00-04:00,107.6449966430664,108.80000305175781,107.19000244140625,108.22000122070312,13231300,0.0,0.0,BABA,USD
2025-07-15 00:00:00-04:00,114.65499877929688,117.21499633789062,113.2040023803711,116.97000122070312,34785400,0.0,0.0,BABA,USD
2025-07-16 00:00:00-04:00,115.5,116.02999877929688,114.04000091552734,115.7300033569336,14439000,0.0,0.0,BABA,USD
2025-07-17 00:00:00-04:00,115.04000091552734,118.19999694824219,114.86000061035156,117.30000305175781,14573600,0.0,0.0,BABA,USD
2025-07-18 00:00:00-04:00,121.37999725341797,122.16000366210938,119.7699966430664,120.2300033569336,26787700,0.0,0.0,BABA,USD
2025-07-21 00:00:00-04:00,119.51000213623047,122.30999755859375,118.25,120.2699966430664,17937600,0.0,0.0,BABA,USD
2025-07-22 00:00:00-04:00,120.44000244140625,121.83999633789062,119.0,120.70999908447266,11551500,0.0,0.0,BABA,USD
2025-07-23 00:00:00-04:00,122.79499816894531,123.86499786376953,121.4000015258789,122.58000183105469,12874200,0.0,0.0,BABA,USD
2025-07-24 00:00:00-04:00,121.8499984741211,123.98999786376953,120.44999694824219,121.1500015258789,11378400,0.0,0.0,BABA,USD
2025-07-25 00:00:00-04:00,120.19000244140625,120.4800033569336,119.33999633789062,120.02999877929688,7060600,0.0,0.0,BABA,USD
2025-07-28 00:00:00-04:00,122.02999877929688,123.44999694824219,121.52999877929688,122.1500015258789,11207400,0.0,0.0,BABA,USD
2025-07-29 00:00:00-04:00,122.48999786376953,122.87000274658203,119.05000305175781,119.36000061035156,13599700,0.0,0.0,BABA,USD
2025-07-30 00:00:00-04:00,119.04499816894531,119.58999633789062,116.83999633789062,117.37999725341797,12794100,0.0,0.0,BABA,USD
2025-07-31 00:00:00-04:00,117.81999969482422,121.33999633789062,117.5199966430664,120.62999725341797,13650400,0.0,0.0,BABA,USD
2025-08-01 00:00:00-04:00,118.05999755859375,118.37000274658203,116.11000061035156,117.06999969482422,12424300,0.0,0.0,BABA,USD
2025-08-04 00:00:00-04:00,118.3499984741211,119.48999786376953,116.86000061035156,117.5,7272100,0.0,0.0,BABA,USD
2025-08-05 00:00:00-04:00,118.0999984741211,118.6500015258789,116.87000274658203,117.04000091552734,5885600,0.0,0.0,BABA,USD
2025-08-06 00:00:00-04:00,118.87999725341797,121.29000091552734,117.7699966430664,120.86000061035156,12079600,0.0,0.0,BABA,USD
2025-08-07 00:00:00-04:00,121.33999633789062,122.27999877929688,119.5999984741211,120.95999908447266,9480600,0.0,0.0,BABA,USD
2025-08-08 00:00:00-04:00,119.31999969482422,120.69999694824219,118.65499877929688,120.36000061035156,9763600,0.0,0.0,BABA,USD
2025-08-11 00:00:00-04:00,120.43000030517578,121.30000305175781,118.12000274658203,118.63999938964844,12072000,0.0,0.0,BABA,USD
2025-08-12 00:00:00-04:00,118.80999755859375,122.79000091552734,118.0999984741211,122.41999816894531,11939800,0.0,0.0,BABA,USD
2025-08-13 00:00:00-04:00,126.69000244140625,127.93000030517578,125.08000183105469,126.86000061035156,19362500,0.0,0.0,BABA,USD
2025-08-14 00:00:00-04:00,123.7300033569336,123.93000030517578,121.33999633789062,122.27999877929688,15045600,0.0,0.0,BABA,USD
2025-08-15 00:00:00-04:00,120.9800033569336,122.18900299072266,120.68000030517578,121.26000213623047,11141800,0.0,0.0,BABA,USD
2025-08-18 00:00:00-04:00,121.91999816894531,123.1500015258789,120.9000015258789,121.4000015258789,8550400,0.0,0.0,BABA,USD
2025-08-19 00:00:00-04:00,121.58000183105469,122.58000183105469,119.98999786376953,119.98999786376953,8106100,0.0,0.0,BABA,USD
2025-08-20 00:00:00-04:00,119.91999816894531,120.80999755859375,118.66999816894531,119.48999786376953,7095800,0.0,0.0,BABA,USD
2025-08-21 00:00:00-04:00,117.87999725341797,119.2699966430664,117.51000213623047,118.08999633789062,8231200,0.0,0.0,BABA,USD
2025-08-22 00:00:00-04:00,120.4749984741211,123.4000015258789,120.27999877929688,122.94000244140625,13855300,0.0,0.0,BABA,USD
2025-08-25 00:00:00-04:00,125.18000030517578,126.7300033569336,123.5,124.3499984741211,12888400,0.0,0.0,BABA,USD
2025-08-26 00:00:00-04:00,125.29499816894531,126.0,123.72000122070312,124.19000244140625,8706100,0.0,0.0,BABA,USD
2025-08-27 00:00:00-04:00,121.19999694824219,122.51499938964844,120.79000091552734,122.2300033569336,13833100,0.0,0.0,BABA,USD
2025-08-28 00:00:00-04:00,119.52999877929688,121.25,117.5999984741211,119.56999969482422,14501100,0.0,0.0,BABA,USD
2025-08-29 00:00:00-04:00,128.8800048828125,136.64999389648438,128.50999450683594,135.0,82165100,0.0,0.0,BABA,USD
2025-09-02 00:00:00-04:00,134.47000122070312,138.8300018310547,133.05999755859375,138.5500030517578,41625400,0.0,0.0,BABA,USD
2025-09-03 00:00:00-04:00,136.6999969482422,137.77000427246094,135.5800018310547,136.4499969482422,16470500,0.0,0.0,BABA,USD
2025-09-04 00:00:00-04:00,133.16000366210938,134.25,130.05999755859375,130.9199981689453,24730900,0.0,0.0,BABA,USD
2025-09-05 00:00:00-04:00,135.02999877929688,135.61000061035156,132.6999969482422,135.5800018310547,19202500,0.0,0.0,BABA,USD
2025-09-08 00:00:00-04:00,139.8800048828125,141.22000122070312,138.7689971923828,141.1999969482422,20095300,0.0,0.0,BABA,USD
2025-09-09 00:00:00-04:00,145.39999389648438,148.0,144.64999389648438,147.10000610351562,32792300,0.0,0.0,BABA,USD
2025-09-10 00:00:00-04:00,145.4199981689453,145.9199981689453,143.22999572753906,143.92999267578125,21079900,0.0,0.0,BABA,USD
2025-09-11 00:00:00-04:00,148.1199951171875,156.8489990234375,147.86000061035156,155.44000244140625,50089200,0.0,0.0,BABA,USD
2025-09-12 00:00:00-04:00,154.07000732421875,155.4600067138672,152.05999755859375,155.05999755859375,20903300,0.0,0.0,BABA,USD
2025-09-15 00:00:00-04:00,159.08999633789062,159.6999969482422,156.72999572753906,158.0399932861328,23567200,0.0,0.0,BABA,USD
2025-09-16 00:00:00-04:00,158.36000061035156,163.0,157.58999633789062,162.2100067138672,26017700,0.0,0.0,BABA,USD
2025-09-17 00:00:00-04:00,166.0,167.32000732421875,163.25999450683594,166.1699981689453,29344300,0.0,0.0,BABA,USD
2025-09-18 00:00:00-04:00,162.5,164.7899932861328,161.3000030517578,162.47999572753906,19529600,0.0,0.0,BABA,USD
2025-09-19 00:00:00-04:00,164.69000244140625,166.25,162.61000061035156,162.80999755859375,18183200,0.0,0.0,BABA,USD
2025-09-22 00:00:00-04:00,163.75999450683594,167.43499755859375,163.02999877929688,164.25,18667700,0.0,0.0,BABA,USD
2025-09-23 00:00:00-04:00,165.00999450683594,167.8300018310547,162.8000030517578,163.0800018310547,18278600,0.0,0.0,BABA,USD
2025-09-24 00:00:00-04:00,175.97999572753906,180.16000366210938,175.0,176.44000244140625,52642300,0.0,0.0,BABA,USD
2025-09-25 00:00:00-04:00,173.39999389648438,175.77000427246094,170.43499755859375,175.47000122070312,20712200,0.0,0.0,BABA,USD
2025-09-26 00:00:00-04:00,172.1699981689453,172.75999450683594,169.6999969482422,171.91000366210938,15971100,0.0,0.0,BABA,USD
2025-09-29 00:00:00-04:00,178.0800018310547,181.343994140625,177.58999633789062,179.89999389648438,21576300,0.0,0.0,BABA,USD
2025-09-30 00:00:00-04:00,181.66000366210938,182.14999389648438,177.10000610351562,178.72999572753906,18681500,0.0,0.0,BABA,USD
2025-10-01 00:00:00-04:00,179.97999572753906,183.0800018310547,178.8699951171875,182.77999877929688,14966900,0.0,0.0,BABA,USD
2025-10-02 00:00:00-04:00,188.5800018310547,192.6699981689453,188.3000030517578,189.33999633789062,23687800,0.0,0.0,BABA,USD
2025-10-03 00:00:00-04:00,190.72000122070312,191.07000732421875,187.13499450683594,188.02999877929688,13990900,0.0,0.0,BABA,USD
2025-10-06 00:00:00-04:00,186.5,189.61000061035156,186.30999755859375,187.22000122070312,10973500,0.0,0.0,BABA,USD
2025-10-07 00:00:00-04:00,187.40499877929688,188.66000366210938,180.44000244140625,181.3300018310547,16942200,0.0,0.0,BABA,USD
2025-10-08 00:00:00-04:00,180.7899932861328,182.08999633789062,177.3000030517578,181.1199951171875,15883700,0.0,0.0,BABA,USD
2025-10-09 00:00:00-04:00,178.52000427246094,178.77999877929688,172.3000030517578,173.67999267578125,21211600,0.0,0.0,BABA,USD
2025-10-10 00:00:00-04:00,170.02999877929688,172.92999267578125,157.25,159.00999450683594,50296800,0.0,0.0,BABA,USD
2025-10-13 00:00:00-04:00,167.77999877929688,168.7899932861328,165.02999877929688,166.80999755859375,25703100,0.0,0.0,BABA,USD
2025-10-14 00:00:00-04:00,160.0500030517578,166.5,160.0,162.86000061035156,18583200,0.0,0.0,BABA,USD
2025-10-15 00:00:00-04:00,168.07000732421875,168.10000610351562,164.60000610351562,165.91000366210938,15337400,0.0,0.0,BABA,USD
2025-10-16 00:00:00-04:00,166.52000427246094,168.3000030517578,164.4600067138672,165.08999633789062,10979700,0.0,0.0,BABA,USD
2025-10-17 00:00:00-04:00,161.75999450683594,169.10000610351562,161.14999389648438,167.0500030517578,17765700,0.0,0.0,BABA,USD
2025-10-20 00:00:00-04:00,167.2899932861328,174.97000122070312,165.7899932861328,173.47000122070312,20120500,0.0,0.0,BABA,USD
2025-10-21 00:00:00-04:00,170.52000427246094,170.94000244140625,166.4199981689453,166.6699981689453,15662500,0.0,0.0,BABA,USD
2025-10-22 00:00:00-04:00,167.0,169.6699981689453,163.5800018310547,165.86000061035156,15016500,0.0,0.0,BABA,USD
2025-10-23 00:00:00-04:00,168.97000122070312,173.24000549316406,168.31700134277344,171.89999389648438,12792100,0.0,0.0,BABA,USD
2025-10-24 00:00:00-04:00,174.39999389648438,176.44000244140625,173.36199951171875,174.6999969482422,11841000,0.0,0.0,BABA,USD
2025-10-27 00:00:00-04:00,179.74000549316406,180.0,177.6199951171875,179.4499969482422,12580800,0.0,0.0,BABA,USD
2025-10-28 00:00:00-04:00,177.47999572753906,179.3800048828125,175.24000549316406,176.72000122070312,11906900,0.0,0.0,BABA,USD
2025-10-29 00:00:00-04:00,180.2949981689453,182.5,178.08999633789062,179.97000122070312,12068900,0.0,0.0,BABA,USD
2025-10-30 00:00:00-04:00,174.32000732421875,176.3800048828125,173.77999877929688,173.92999267578125,10756300,0.0,0.0,BABA,USD
2025-10-31 00:00:00-04:00,170.52999877929688,171.4499969482422,168.1199951171875,170.42999267578125,13181400,0.0,0.0,BABA,USD
2025-11-03 00:00:00-05:00,168.30999755859375,168.94000244140625,165.5800018310547,167.69000244140625,9702300,0.0,0.0,BABA,USD
2025-11-04 00:00:00-05:00,162.60000610351562,166.5,162.1999969482422,164.3000030517578,9693100,0.0,0.0,BABA,USD
2025-11-05 00:00:00-05:00,164.39999389648438,166.8800048828125,163.60000610351562,164.82000732421875,8631400,0.0,0.0,BABA,USD
2025-11-06 00:00:00-05:00,169.0,170.5500030517578,165.52000427246094,167.61000061035156,12438900,0.0,0.0,BABA,USD
2025-11-07 00:00:00-05:00,162.9600067138672,166.3800048828125,161.21600341796875,166.33999633789062,11581200,0.0,0.0,BABA,USD
2025-11-10 00:00:00-05:00,167.6199951171875,168.0,163.63999938964844,165.88999938964844,9348700,0.0,0.0,BABA,USD
2025-11-11 00:00:00-05:00,164.58999633789062,165.5800018310547,160.16000366210938,160.8000030517578,11354400,0.0,0.0,BABA,USD
2025-11-12 00:00:00-05:00,160.97999572753906,161.19000244140625,156.1999969482422,157.91000366210938,13920800,0.0,0.0,BABA,USD
2025-11-13 00:00:00-05:00,164.0,164.0,158.5,159.83999633789062,17213000,0.0,0.0,BABA,USD
2025-11-14 00:00:00-05:00,156.94000244140625,162.6199951171875,151.77999877929688,153.8000030517578,33991000,0.0,0.0,BABA,USD
2025-11-17 00:00:00-05:00,157.97999572753906,161.02499389648438,156.89999389648438,157.7100067138672,16911400,0.0,0.0,BABA,USD
2025-11-18 00:00:00-05:00,157.30999755859375,161.27999877929688,156.6999969482422,159.72000122070312,12438900,0.0,0.0,BABA,USD
2025-11-19 00:00:00-05:00,159.3249969482422,160.97000122070312,158.04100036621094,158.88999938964844,7949900,0.0,0.0,BABA,USD
2025-11-20 00:00:00-05:00,159.0,161.38999938964844,153.0,153.27999877929688,13466900,0.0,0.0,BABA,USD
2025-11-21 00:00:00-05:00,151.97999572753906,155.8800048828125,148.63999938964844,152.92999267578125,16240800,0.0,0.0,BABA,USD
2025-11-24 00:00:00-05:00,160.0,161.5,158.6999969482422,160.72999572753906,21796600,0.0,0.0,BABA,USD
2025-11-25 00:00:00-05:00,165.1999969482422,166.3699951171875,156.14999389648438,157.00999450683594,27097500,0.0,0.0,BABA,USD
2025-11-26 00:00:00-05:00,159.09500122070312,161.4600067138672,150.0,157.60000610351562,21453100,0.0,0.0,BABA,USD
2025-11-28 00:00:00-05:00,156.16000366210938,158.69000244140625,155.67999267578125,157.3000030517578,7185500,0.0,0.0,BABA,USD
2025-12-01 00:00:00-05:00,160.5,164.85000610351562,159.41000366210938,164.25999450683594,15321200,0.0,0.0,BABA,USD
2025-12-02 00:00:00-05:00,161.1999969482422,161.72999572753906,159.1199951171875,161.1300048828125,9878500,0.0,0.0,BABA,USD
2025-12-03 00:00:00-05:00,157.39999389648438,158.4550018310547,156.52999877929688,158.0800018310547,6968000,0.0,0.0,BABA,USD
2025-12-04 00:00:00-05:00,158.27000427246094,158.8000030517578,156.41000366210938,157.44000244140625,6666300,0.0,0.0,BABA,USD
2025-12-05 00:00:00-05:00,159.14999389648438,159.49000549316406,157.67999267578125,158.32000732421875,6277100,0.0,0.0,BABA,USD
2025-12-08 00:00:00-05:00,157.57000732421875,158.74000549316406,156.41299438476562,158.1300048828125,7342000,0.0,0.0,BABA,USD
2025-12-09 00:00:00-05:00,154.44000244140625,156.60000610351562,154.3000030517578,155.9600067138672,6458100,0.0,0.0,BABA,USD
2025-12-10 00:00:00-05:00,159.63999938964844,160.74000549316406,157.5,158.82000732421875,10928600,0.0,0.0,BABA,USD
2025-12-11 00:00:00-05:00,155.14999389648438,157.0500030517578,153.36000061035156,156.89999389648438,8171200,0.0,0.0,BABA,USD
2025-12-12 00:00:00-05:00,157.76499938964844,158.9499969482422,153.8000030517578,155.67999267578125,6708400,0.0,0.0,BABA,USD
2025-12-15 00:00:00-05:00,153.17999267578125,153.2050018310547,149.5800018310547,150.08999633789062,11233100,0.0,0.0,BABA,USD
2025-12-16 00:00:00-05:00,148.9499969482422,149.97000122070312,147.50999450683594,149.2899932861328,9051900,0.0,0.0,BABA,USD
2025-12-17 00:00:00-05:00,150.60000610351562,151.38999938964844,146.75,147.08999633789062,8271000,0.0,0.0,BABA,USD
2025-12-18 00:00:00-05:00,148.64999389648438,149.1999969482422,147.11599731445312,147.32000732421875,6597400,0.0,0.0,BABA,USD
2025-12-19 00:00:00-05:00,149.00999450683594,151.47000122070312,148.8800048828125,149.7899932861328,9004200,0.0,0.0,BABA,USD
2025-12-22 00:00:00-05:00,150.40499877929688,151.82000732421875,149.1199951171875,150.9600067138672,6779100,0.0,0.0,BABA,USD
2025-12-23 00:00:00-05:00,150.5749969482422,151.3000030517578,149.27000427246094,151.22999572753906,5373300,0.0,0.0,BABA,USD
2025-12-24 00:00:00-05:00,150.5,150.7899932861328,149.91799926757812,150.05999755859375,3274200,0.0,0.0,BABA,USD
2025-12-26 00:00:00-05:00,150.2899932861328,152.97999572753906,150.05999755859375,152.24000549316406,6037200,0.0,0.0,BABA,USD
2025-12-29 00:00:00-05:00,147.72000122070312,148.75,147.2100067138672,148.49000549316406,8900000,0.0,0.0,BABA,USD
2025-12-30 00:00:00-05:00,148.83999633789062,149.10000610351562,147.35000610351562,147.36000061035156,6832300,0.0,0.0,BABA,USD
2025-12-31 00:00:00-05:00,146.69000244140625,147.3699951171875,145.63999938964844,146.5800018310547,6116000,0.0,0.0,BABA,USD
2026-01-02 00:00:00-05:00,152.6199951171875,156.64999389648438,151.80099487304688,155.74000549316406,15778300,0.0,0.0,BABA,USD
2026-01-05 00:00:00-05:00,155.77499389648438,156.5500030517578,152.1699981689453,156.25999450683594,14744000,0.0,0.0,BABA,USD
2026-01-06 00:00:00-05:00,155.22000122070312,155.83999633789062,150.86000061035156,150.89999389648438,12998100,0.0,0.0,BABA,USD
2026-01-07 00:00:00-05:00,148.3800048828125,148.3800048828125,146.61000061035156,146.75,12613200,0.0,0.0,BABA,USD
2026-01-08 00:00:00-05:00,146.09500122070312,155.2899932861328,145.27000427246094,154.47000122070312,20981700,0.0,0.0,BABA,USD
2026-01-09 00:00:00-05:00,151.3300018310547,151.57000732421875,148.52000427246094,150.9600067138672,11437900,0.0,0.0,BABA,USD
2026-01-12 00:00:00-05:00,157.47000122070312,167.69000244140625,157.47000122070312,166.30999755859375,35379000,0.0,0.0,BABA,USD
2026-01-13 00:00:00-05:00,165.5,170.67999267578125,164.91000366210938,167.00999450683594,18850400,0.0,0.0,BABA,USD
2026-01-14 00:00:00-05:00,171.57000732421875,172.8000030517578,169.84500122070312,169.89999389648438,17475100,0.0,0.0,BABA,USD
2026-01-15 00:00:00-05:00,169.64500427246094,173.3000030517578,167.33999633789062,170.92999267578125,12607000,0.0,0.0,BABA,USD
2026-01-16 00:00:00-05:00,169.77999877929688,169.85000610351562,163.4949951171875,165.39999389648438,18598300,0.0,0.0,BABA,USD
2026-01-20 00:00:00-05:00,161.8300018310547,166.1750030517578,161.67999267578125,162.38999938964844,9885000,0.0,0.0,BABA,USD
2026-01-21 00:00:00-05:00,167.5749969482422,169.86500549316406,165.66000366210938,168.6699981689453,11713700,0.0,0.0,BABA,USD
2026-01-22 00:00:00-05:00,176.42999267578125,181.10000610351562,174.77000427246094,177.17999267578125,32031100,0.0,0.0,BABA,USD
2026-01-23 00:00:00-05:00,175.43499755859375,175.61000061035156,171.94000244140625,173.22999572753906,13064100,0.0,0.0,BABA,USD
2026-01-26 00:00:00-05:00,169.7899932861328,172.99000549316406,168.67999267578125,171.3699951171875,10166100,0.0,0.0,BABA,USD
2026-01-27 00:00:00-05:00,174.0500030517578,176.4600067138672,172.2209930419922,172.72000122070312,8931300,0.0,0.0,BABA,USD
2026-01-28 00:00:00-05:00,176.25,177.8699951171875,174.56300354003906,175.66000366210938,9001500,0.0,0.0,BABA,USD
2026-01-29 00:00:00-05:00,178.33999633789062,180.75,171.60000610351562,174.25,12062500,0.0,0.0,BABA,USD
2026-01-30 00:00:00-05:00,172.6999969482422,174.0,169.47000122070312,169.55999755859375,10846100,0.0,0.0,BABA,USD
2026-02-02 00:00:00-05:00,167.97999572753906,169.55999755859375,167.33999633789062,168.38999938964844,6551800,0.0,0.0,BABA,USD
2026-02-03 00:00:00-05:00,163.8800048828125,165.35000610351562,160.61000061035156,163.64999389648438,10066600,0.0,0.0,BABA,USD
2026-02-04 00:00:00-05:00,162.3300018310547,162.85000610351562,156.77999877929688,159.13999938964844,11851400,0.0,0.0,BABA,USD
2026-02-05 00:00:00-05:00,161.13999938964844,161.47000122070312,156.7100067138672,157.75999450683594,10936700,0.0,0.0,BABA,USD
2026-02-06 00:00:00-05:00,160.4600067138672,162.86000061035156,159.5,162.50999450683594,10972100,0.0,0.0,BABA,USD
2026-02-09 00:00:00-05:00,161.88999938964844,165.02999877929688,160.88999938964844,163.0,7260500,0.0,0.0,BABA,USD
2026-02-10 00:00:00-05:00,163.74000549316406,168.2550048828125,162.3000030517578,166.50999450683594,10990000,0.0,0.0,BABA,USD
2026-02-11 00:00:00-05:00,164.08999633789062,165.1999969482422,161.3800048828125,164.32000732421875,8756900,0.0,0.0,BABA,USD
2026-02-12 00:00:00-05:00,163.1199951171875,163.3699951171875,156.9600067138672,158.72999572753906,11457800,0.0,0.0,BABA,USD
2026-02-13 00:00:00-05:00,152.85499572753906,158.11000061035156,152.85499572753906,155.72999572753906,16045600,0.0,0.0,BABA,USD
2026-02-17 00:00:00-05:00,156.375,158.1300048828125,153.4600067138672,155.42999267578125,6803600,0.0,0.0,BABA,USD
2026-02-18 00:00:00-05:00,156.8800048828125,157.5,155.57000732421875,155.77000427246094,4506600,0.0,0.0,BABA,USD
2026-02-19 00:00:00-05:00,155.22500610351562,155.5,153.14999389648438,154.27000427246094,6582500,0.0,0.0,BABA,USD
2026-02-20 00:00:00-05:00,150.85000610351562,155.49000549316406,150.42999267578125,154.4499969482422,8758700,0.0,0.0,BABA,USD
2026-02-23 00:00:00-05:00,155.5,156.3300018310547,152.57000732421875,152.77999877929688,6751000,0.0,0.0,BABA,USD
2026-02-24 00:00:00-05:00,152.10000610351562,153.72999572753906,150.89999389648438,153.11000061035156,6655200,0.0,0.0,BABA,USD
2026-02-25 00:00:00-05:00,152.8000030517578,153.5500030517578,150.96099853515625,152.27999877929688,5813400,0.0,0.0,BABA,USD
2026-02-26 00:00:00-05:00,148.35499572753906,149.05999755859375,145.60000610351562,148.0500030517578,10256400,0.0,0.0,BABA,USD
2026-02-27 00:00:00-05:00,145.4600067138672,146.39999389648438,143.3300018310547,144.11000061035156,9780300,0.0,0.0,BABA,USD
2026-03-02 00:00:00-05:00,139.19000244140625,143.0,139.05499267578125,142.55999755859375,9428300,0.0,0.0,BABA,USD
2026-03-03 00:00:00-05:00,136.3800048828125,137.0800018310547,133.39999389648438,135.58999633789062,18476800,0.0,0.0,BABA,USD
2026-03-04 00:00:00-05:00,134.98500061035156,135.11700439453125,132.72000122070312,133.27000427246094,14293900,0.0,0.0,BABA,USD
2026-03-05 00:00:00-05:00,129.6999969482422,131.63499450683594,128.60000610351562,130.35000610351562,18612900,0.0,0.0,BABA,USD
2026-03-06 00:00:00-05:00,129.3000030517578,132.42999267578125,128.8000030517578,130.7899932861328,10957000,0.0,0.0,BABA,USD
2026-03-09 00:00:00-04:00,130.24000549316406,132.91000366210938,128.5500030517578,132.63999938964844,10072400,0.0,0.0,BABA,USD
2026-03-10 00:00:00-04:00,135.7100067138672,139.22000122070312,134.55999755859375,136.85000610351562,15264300,0.0,0.0,BABA,USD
2026-03-11 00:00:00-04:00,135.57000732421875,136.74000549316406,134.82000732421875,136.2899932861328,6685100,0.0,0.0,BABA,USD
2026-03-12 00:00:00-04:00,135.3800048828125,136.0,133.4499969482422,134.1999969482422,7591800,0.0,0.0,BABA,USD
2026-03-13 00:00:00-04:00,136.07000732421875,137.1999969482422,134.6999969482422,135.2100067138672,6438400,0.0,0.0,BABA,USD
2026-03-16 00:00:00-04:00,138.8000030517578,138.8000030517578,136.5,136.7100067138672,9972300,0.0,0.0,BABA,USD
2026-03-17 00:00:00-04:00,137.875,138.22000122070312,135.97000122070312,136.57000732421875,10005700,0.0,0.0,BABA,USD
2026-03-18 00:00:00-04:00,138.44500732421875,139.16000366210938,134.3699951171875,134.42999267578125,17158600,0.0,0.0,BABA,USD
2026-03-19 00:00:00-04:00,123.0199966430664,126.91999816894531,121.16000366210938,124.9000015258789,33440500,0.0,0.0,BABA,USD
2026-03-20 00:00:00-04:00,125.71499633789062,126.4800033569336,122.08999633789062,122.41000366210938,15479300,0.0,0.0,BABA,USD
2026-03-23 00:00:00-04:00,123.23999786376953,127.2699966430664,123.0999984741211,126.05999755859375,15583900,0.0,0.0,BABA,USD
2026-03-24 00:00:00-04:00,124.36000061035156,125.75,123.91999816894531,125.4800033569336,8516200,0.0,0.0,BABA,USD
2026-03-25 00:00:00-04:00,129.47999572753906,130.64999389648438,128.33999633789062,129.8699951171875,12843000,0.0,0.0,BABA,USD
2026-03-26 00:00:00-04:00,126.72000122070312,127.05000305175781,124.58999633789062,125.41000366210938,9240000,0.0,0.0,BABA,USD
2026-03-27 00:00:00-04:00,123.97000122070312,124.44000244140625,122.2300033569336,122.69000244140625,8105000,0.0,0.0,BABA,USD
2026-03-30 00:00:00-04:00,123.27999877929688,123.77999877929688,121.55000305175781,121.9800033569336,7226700,0.0,0.0,BABA,USD
2026-03-31 00:00:00-04:00,121.98999786376953,125.77999877929688,121.37999725341797,125.45999908447266,9486100,0.0,0.0,BABA,USD
2026-04-01 00:00:00-04:00,125.4800033569336,126.38999938964844,123.12000274658203,123.7300033569336,10297400,0.0,0.0,BABA,USD
2026-04-02 00:00:00-04:00,120.2699966430664,122.8479995727539,120.13999938964844,122.05000305175781,8830200,0.0,0.0,BABA,USD
2026-04-06 00:00:00-04:00,122.05000305175781,123.6500015258789,121.69999694824219,122.30999755859375,3987600,0.0,0.0,BABA,USD
2026-04-07 00:00:00-04:00,121.1500015258789,121.9800033569336,117.93000030517578,119.72000122070312,10879200,0.0,0.0,BABA,USD
2026-04-08 00:00:00-04:00,128.11000061035156,129.33999633789062,124.86000061035156,125.31999969482422,17638100,0.0,0.0,BABA,USD
2026-04-09 00:00:00-04:00,124.5199966430664,127.77999877929688,123.95999908447266,127.68000030517578,10014600,0.0,0.0,BABA,USD
2026-04-10 00:00:00-04:00,129.13499450683594,129.75999450683594,127.05000305175781,127.33000183105469,9356300,0.0,0.0,BABA,USD
2026-04-13 00:00:00-04:00,125.98999786376953,128.08999633789062,125.55000305175781,128.00999450683594,5550200,0.0,0.0,BABA,USD
2026-04-14 00:00:00-04:00,128.47000122070312,132.8800048828125,128.47000122070312,131.35000610351562,11718500,0.0,0.0,BABA,USD
2026-04-15 00:00:00-04:00,132.6999969482422,133.60000610351562,131.3699951171875,133.27999877929688,8749500,0.0,0.0,BABA,USD
2026-04-16 00:00:00-04:00,137.8000030517578,140.89999389648438,135.73500061035156,138.58999633789062,17122200,0.0,0.0,BABA,USD
2026-04-17 00:00:00-04:00,141.14999389648438,143.77999877929688,139.8800048828125,141.00999450683594,12886500,0.0,0.0,BABA,USD
2026-04-20 00:00:00-04:00,140.46499633789062,140.92999267578125,138.8730010986328,140.1699981689453,7823300,0.0,0.0,BABA,USD
2026-04-21 00:00:00-04:00,139.25,139.25,134.4600067138672,135.3800048828125,11388200,0.0,0.0,BABA,USD
2026-04-22 00:00:00-04:00,136.91000366210938,137.3300018310547,135.3800048828125,136.4199981689453,9258300,0.0,0.0,BABA,USD
2026-04-23 00:00:00-04:00,133.77999877929688,133.89999389648438,129.61500549316406,131.6999969482422,10749900,0.0,0.0,BABA,USD
2026-04-24 00:00:00-04:00,133.67999267578125,136.1999969482422,133.0,135.82000732421875,9046800,0.0,0.0,BABA,USD
2026-04-27 00:00:00-04:00,133.0,133.40499877929688,132.08999633789062,132.52000427246094,6462100,0.0,0.0,BABA,USD
2026-04-28 00:00:00-04:00,129.5,130.9199981689453,128.9499969482422,130.85000610351562,6088100,0.0,0.0,BABA,USD
2026-04-29 00:00:00-04:00,131.9499969482422,132.02999877929688,129.9600067138672,130.42999267578125,6386000,0.0,0.0,BABA,USD
2026-04-30 00:00:00-04:00,130.14999389648438,132.63999938964844,129.35000610351562,131.8800048828125,7416600,0.0,0.0,BABA,USD
2026-05-01 00:00:00-04:00,131.7550048828125,133.14999389648438,131.36000061035156,131.5,6199300,0.0,0.0,BABA,USD
2026-05-04 00:00:00-04:00,133.97999572753906,136.11500549316406,133.25999450683594,133.27000427246094,8317200,0.0,0.0,BABA,USD
2026-05-05 00:00:00-04:00,134.625,134.72000122070312,132.1699981689453,132.25999450683594,6919300,0.0,0.0,BABA,USD
2026-05-06 00:00:00-04:00,137.30499267578125,142.1999969482422,136.74000549316406,141.44000244140625,16958900,0.0,0.0,BABA,USD
2026-05-07 00:00:00-04:00,143.76499938964844,143.9499969482422,140.44000244140625,141.0,10698800,0.0,0.0,BABA,USD
2026-05-08 00:00:00-04:00,142.0500030517578,143.8000030517578,139.3699951171875,140.05999755859375,10062000,0.0,0.0,BABA,USD
2026-05-11 00:00:00-04:00,137.66000366210938,138.85000610351562,136.22000122070312,137.3000030517578,9859200,0.0,0.0,BABA,USD
2026-05-12 00:00:00-04:00,136.49000549316406,136.97000122070312,133.82000732421875,134.77999877929688,16129000,0.0,0.0,BABA,USD
2026-05-13 00:00:00-04:00,132.05999755859375,146.8699951171875,130.3300018310547,145.80999755859375,40214600,0.0,0.0,BABA,USD
2026-05-14 00:00:00-04:00,140.97999572753906,143.97999572753906,138.61000061035156,141.1199951171875,19422000,0.0,0.0,BABA,USD
2026-05-15 00:00:00-04:00,135.8800048828125,135.8800048828125,131.9499969482422,132.58999633789062,17985100,0.0,0.0,BABA,USD
2026-05-18 00:00:00-04:00,133.94500732421875,134.8800048828125,132.57000732421875,133.25999450683594,10379400,0.0,0.0,BABA,USD
2026-05-19 00:00:00-04:00,135.34500122070312,136.77999877929688,134.7899932861328,135.63999938964844,11084200,0.0,0.0,BABA,USD
2026-05-20 00:00:00-04:00,135.86000061035156,135.88999938964844,132.72999572753906,134.47000122070312,7035400,0.0,0.0,BABA,USD
2026-05-21 00:00:00-04:00,129.5500030517578,131.7550048828125,128.08999633789062,131.47000122070312,12621500,0.0,0.0,BABA,USD
2026-05-22 00:00:00-04:00,126.92500305175781,130.75,126.92500305175781,130.0,11868400,0.0,0.0,BABA,USD
2026-05-26 00:00:00-04:00,130.10000610351562,130.24000549316406,129.0749969482422,129.47000122070312,5599000,0.0,0.0,BABA,USD
2026-05-27 00:00:00-04:00,126.31999969482422,129.0,126.25,127.76000213623047,8272800,0.0,0.0,BABA,USD
2026-05-28 00:00:00-04:00,124.72000122070312,126.56999969482422,123.54000091552734,126.16000366210938,11541300,0.0,0.0,BABA,USD
2026-05-29 00:00:00-04:00,124.38999938964844,125.04000091552734,123.43000030517578,124.22000122070312,12504300,0.0,0.0,BABA,USD
2026-06-01 00:00:00-04:00,124.19999694824219,126.3499984741211,123.98999786376953,125.4000015258789,9297800,0.0,0.0,BABA,USD
2026-06-02 00:00:00-04:00,132.25,134.08999633789062,130.52000427246094,130.82000732421875,15355100,0.0,0.0,BABA,USD
2026-06-03 00:00:00-04:00,128.75999450683594,128.88999938964844,126.83000183105469,127.20999908447266,8646200,0.0,0.0,BABA,USD
2026-06-04 00:00:00-04:00,126.62000274658203,128.1699981689453,125.94000244140625,125.94999694824219,6928100,0.0,0.0,BABA,USD
2026-06-05 00:00:00-04:00,125.01000213623047,125.19999694824219,120.45999908447266,121.05999755859375,12475131,0.0,0.0,BABA,USD
