Date,Open,High,Low,Close,Volume,Dividends,Stock Splits,Ticker,Currency
0.0,0.23733267185121104,0.23919583715028975,0.2398377121082598,203.11419677734372,0.08414747192816864,0.0,0.0,0.0,0.0
0.004,0.23913121507520818,0.23958149758072406,0.23717729474784113,200.65396118164065,0.1345258532936803,0.0,0.0,0.0,0.0
0.008,0.23422731729786583,0.2374604515520422,0.23789812248983053,201.86915588378903,0.0996225492613413,0.0,0.0,0.0,0.0
0.012,0.23797964585993714,0.2376532610959029,0.23506731214255758,197.99452209472656,0.11174429981458457,0.0,0.0,0.0,0.0
0.016,0.23226055410198992,0.23145714391898697,0.23369122102977521,198.4128570556641,0.07896071430695834,0.0,0.0,0.0,0.0
0.02,0.2331015654584882,0.23234411783392855,0.2315156723484416,195.6737060546875,0.09343378474811959,0.0,0.0,0.0,0.0
0.024,0.22995737342392508,0.23018449332660335,0.23264275354038985,197.63592529296875,0.07726467085263264,0.0,0.0,0.0,0.0
0.028,0.22982797559898688,0.2297988410925199,0.23087351809228776,194.86691284179688,0.06927375223566311,0.0,0.0,0.0,0.0
0.032,0.22819766273617376,0.2287447511274287,0.23069004987663697,195.8032073974609,0.08181994538659486,0.0,0.0,0.0,0.0
0.036000000000000004,0.23117367580355624,0.23405385923330124,0.2330359464328259,200.20574951171875,0.18048327740297926,0.0,0.0,0.0,0.0
0.04,0.23556002519094993,0.23482515598689124,0.2357881090196474,200.70376586914065,0.10181326406143594,0.0,0.0,0.0,0.0
0.044,0.23680217405612458,0.23629062829606323,0.23741318877650272,199.50851440429688,0.09845475647222192,0.0,0.0,0.0,0.0
0.048,0.2353271214864172,0.23658629336554615,0.23796362525774115,200.76353454589844,0.07055840105642457,0.0,0.0,0.0,0.0
0.052000000000000005,0.23530123733199532,0.23526223102028765,0.23644339662072464,200.20574951171875,0.09219000675615906,0.0,0.0,0.0,0.0
0.056,0.23589641985068038,0.23600779701896207,0.23715106174691866,200.2854156494141,0.13515138804434235,0.0,0.0,0.0,0.0
0.06,0.23605168667445176,0.24136832698206967,0.2361812479307064,204.3592529296875,0.1710797247877355,0.0,0.0,0.0,0.0
0.064,0.24208132453667452,0.2449677320469164,0.24519787529888357,206.9987945556641,0.14589734590977985,0.0,0.0,0.0,0.0
0.068,0.24497970203758368,0.24901705305624233,0.24781899310289582,211.6005401611328,0.12508373243153992,0.0,0.0,0.0,0.0
0.07200000000000001,0.24917195220815413,0.25070104216934197,0.252628715379646,212.7061462402344,0.06178959351945997,0.0,0.0,0.0,0.0
0.076,0.2498577379458699,0.25273214645064745,0.24868396736670376,209.1203765869141,0.09109608846980191,0.0,0.0,0.0,0.0
0.08,0.24651945419350502,0.2465617403742622,0.24822525601620818,209.1801300048828,0.07693501787667024,0.0,0.0,0.0,0.0
0.084,0.24578192763104906,0.24643321482624253,0.2466132919625947,210.30567932128903,0.08825700498182781,0.0,0.0,0.0,0.0
0.088,0.24704995328454976,0.24919702664258742,0.250295945176917,211.57066345214844,0.07999495734562961,0.0,0.0,0.0,0.0
0.092,0.2471276103440912,0.2474616211614536,0.2500731591156383,210.3256072998047,0.0710191093191054,0.0,0.0,0.0,0.0
0.096,0.246299472526541,0.24589329595239,0.24703264718819148,207.79562377929688,0.06924285926178071,0.0,0.0,0.0,0.0
0.1,0.24538080430583536,0.24715307691179966,0.24884121687901137,208.28369140625,0.07587467890975048,0.0,0.0,0.0,0.0
0.10400000000000001,0.2467782493714269,0.247808692353905,0.2484742814886828,209.32955932617188,0.08584140468241541,0.0,0.0,0.0,0.0
0.108,0.24712760597841987,0.24703739991677437,0.2497192993470914,209.1901092529297,0.0869497141056743,0.0,0.0,0.0,0.0
0.112,0.24751575174165646,0.24702452047500661,0.24986344914645306,210.3455047607422,0.08868912285253056,0.0,0.0,0.0,0.0
0.116,0.24910729024201617,0.2521536797262525,0.25239284315662663,211.640380859375,0.09329965935219543,0.0,0.0,0.0,0.0
0.12,0.2504529341461422,0.2510866980415495,0.25317914833362376,213.5527801513672,0.0837568005317429,0.0,0.0,0.0,0.0
0.124,0.2528596354549078,0.2513438186984143,0.2534150836068471,213.3037872314453,0.08487969297372887,0.0,0.0,0.0,0.0
0.128,0.25143630497361313,0.2520379791436072,0.2548828785333204,212.91531372070312,0.08302477136800802,0.0,0.0,0.0,0.0
0.132,0.25247143975361863,0.2514595103013421,0.25471250161154335,213.03485107421875,0.07198427490064838,0.0,0.0,0.0,0.0
0.136,0.25160452183685583,0.2509581671404682,0.25426691831393766,213.2041778564453,0.06735838785495499,0.0,0.0,0.0,0.0
0.14,0.2517985820012066,0.25090671760583255,0.2513312700970973,210.4351501464844,0.09336547481829269,0.0,0.0,0.0,0.0
0.14400000000000002,0.24884848709972318,0.24779583540904893,0.24726856457047688,208.22393798828125,0.08204598217686476,0.0,0.0,0.0,0.0
0.148,0.24443627807920898,0.24451782477068207,0.2465346717959396,206.7498016357422,0.14956132936496133,0.0,0.0,0.0,0.0
0.152,0.2475157533720695,0.2493255754037123,0.23911690685610884,201.58029174804688,0.1951065913133946,0.0,0.0,0.0,0.0
0.156,0.23928647895725585,0.2419982418863404,0.23935280106318638,202.5464630126953,0.13883686226396375,0.0,0.0,0.0,0.0
0.16,0.2378502291873414,0.23873305752549778,0.23998187453087053,202.1181488037109,0.07944137827947625,0.0,0.0,0.0,0.0
0.164,0.24073568817132868,0.25163949619742754,0.24447708951942235,212.4073486328125,0.20287511889477602,0.0,0.0,0.0,0.0
0.168,0.257879993533636,0.2586711508180435,0.2588800688322869,219.16053771972656,0.16784075957571856,0.0,0.0,0.0,0.0
0.17200000000000001,0.2604031284733645,0.2717189643725838,0.26237925865456213,228.4437255859375,0.2131808998528458,0.0,0.0,0.0,0.0
0.176,0.269911646194315,0.27020274895958535,0.2699347017783836,226.53909301757807,0.11331043927314395,0.13,0.0,0.0,0.0
0.18,0.2700282387290076,0.2717985963968968,0.2729655487954443,229.00213623046875,0.10145233434794045,0.0,0.0,0.0,0.0
0.184,0.273992106008901,0.2772038013409109,0.277373978287172,232.6717529296875,0.12879990774321834,0.0,0.0,0.0,0.0
0.188,0.2778652859767726,0.2773582361794405,0.2779250597809774,232.1233062744141,0.09433371050904137,0.0,0.0,0.0,0.0
0.192,0.27778756611605676,0.2762771964042971,0.275943863290133,230.9366607666016,0.10224384687753582,0.0,0.0,0.0,0.0
0.196,0.27480817966631016,0.27478431273351017,0.2769541329049158,230.23863220214844,0.06662578304574404,0.0,0.0,0.0,0.0
0.2,0.2742641221742137,0.274462573132591,0.2759569879550124,229.90956115722656,0.07032219452941077,0.0,0.0,0.0,0.0
0.20400000000000001,0.272580119608058,0.27137387862908735,0.27125987070638813,225.3723907470703,0.07581250919833499,0.0,0.0,0.0,0.0
0.20800000000000002,0.26777426632325396,0.26629039636696566,0.26864889552263804,224.26551818847656,0.05347228391755912,0.0,0.0,0.0,0.0
0.212,0.26764473568748215,0.26959788201292645,0.2707875457220673,227.11746215820312,0.07622294442277244,0.0,0.0,0.0,0.0
0.216,0.26804630176663224,0.26986815314569385,0.2718634112008433,226.5191650390625,0.05416670424352413,0.0,0.0,0.0,0.0
0.22,0.26855148934570594,0.27011266829421055,0.26984286539982716,228.6630859375,0.09943546448161876,0.0,0.0,0.0,0.0
0.224,0.27080548064973153,0.2719272863309456,0.27452686803798465,229.83978271484372,0.05469706560880937,0.0,0.0,0.0,0.0
0.228,0.27366825388177546,0.27515753658016656,0.27594385015385653,231.90391540527344,0.06777419577050242,0.0,0.0,0.0,0.0
0.232,0.2758574364421442,0.2751189363261259,0.2786073007207926,231.485107421875,0.07035251185781709,0.0,0.0,0.0,0.0
0.23600000000000002,0.27163449627667136,0.27186292728211436,0.27283431561568044,229.07192993164065,0.07928883222831787,0.0,0.0,0.0,0.0
0.24,0.28194574477316486,0.28215860133277665,0.2825303197573536,237.79725646972656,0.12217864159564318,0.0,0.0,0.0,0.0
0.244,0.28355196786707987,0.2835098554165826,0.2856529504264526,239.10353088378903,0.08595442307755037,0.0,0.0,0.0,0.0
0.248,0.2855598377228638,0.285337379061804,0.28794905088632594,239.0138092041016,0.10000209151189637,0.0,0.0,0.0,0.0
0.252,0.28465308280638374,0.28383162873250545,0.2851281557640089,237.20892333984372,0.08873690142704431,0.0,0.0,0.0,0.0
0.256,0.2816737119474243,0.28206851057870047,0.28121828340495814,233.6888885498047,0.12196008819656218,0.0,0.0,0.0,0.0
0.26,0.27544292243977764,0.27388344589760505,0.27149603286295204,226.1501922607422,0.15482349654353672,0.0,0.0,0.0,0.0
0.264,0.26856447764371605,0.2713481584664057,0.27241447857503853,229.38107299804688,0.09105694457742919,0.0,0.0,0.0,0.0
0.268,0.27159566081824477,0.27657320121065865,0.27552403029596567,233.40968322753903,0.10183226036214622,0.0,0.0,0.0,0.0
0.272,0.28167370142905146,0.2813091998712462,0.2834093806614354,236.03224182128903,0.0766483464295877,0.0,0.0,0.0,0.0
0.276,0.28190686195144316,0.28520868097084057,0.28510192767290465,237.4781494140625,0.11640933075265068,0.0,0.0,0.0,0.0
0.28,0.28422560937706703,0.28376730092980135,0.286951897771281,238.3157958984375,0.08395616574828825,0.0,0.0,0.0,0.0
0.28400000000000003,0.2855209850863109,0.2851829379904873,0.2855348855867412,237.20892333984372,0.0796227066044381,0.0,0.0,0.0,0.0
0.28800000000000003,0.28715315313921647,0.2917464250968433,0.2902057682312883,244.8074188232422,0.3089055617138961,0.0,0.0,0.0,0.0
0.292,0.2963115009963109,0.3050535813417551,0.30058400661205603,255.3575592041016,0.19718447960017965,0.0,0.0,0.0,0.0
0.296,0.3061305030791634,0.305954446775484,0.30774778366171945,253.7122344970703,0.110372920408762,0.0,0.0,0.0,0.0
0.3,0.3052755285036711,0.3038953076710244,0.30441516669032676,251.59820556640625,0.07588887816482685,0.0,0.0,0.0,0.0
0.304,0.3026718034966743,0.30573564867817704,0.30529423413982104,256.14532470703125,0.10063856352660373,0.0,0.0,0.0,0.0
0.308,0.30382471675042433,0.30628905695843694,0.3080101766844323,254.7393341064453,0.08312781190822445,0.0,0.0,0.0,0.0
0.312,0.30442059180572184,0.30294297089028777,0.3069999100644855,253.7122344970703,0.07171352964507043,0.0,0.0,0.0,0.0
0.316,0.30480918952973457,0.30412694922938144,0.307131101889739,253.9116668701172,0.06706346548938211,0.0,0.0,0.0,0.0
0.32,0.3050423406037546,0.3078205225271368,0.30951899997756893,254.72933959960935,0.08818888693382627,0.0,0.0,0.0,0.0
0.324,0.30703720942191537,0.3070354503541945,0.3084956010842812,256.40460205078125,0.07651537232461568,0.0,0.0,0.0,0.0
0.328,0.30456305933568567,0.30839963284946564,0.3082332074992366,257.2920837402344,0.08903642895642573,0.0,0.0,0.0,0.0
0.332,0.3088637328231228,0.30818089405521804,0.30967648374377,255.9658660888672,0.0804180567705406,0.0,0.0,0.0,0.0
0.336,0.3073351774189147,0.30603164146437206,0.31017502965424837,255.75645446777344,0.05603313875876636,0.0,0.0,0.0,0.0
0.34,0.30695948867263634,0.3074730100375804,0.31106719095335955,257.3319702148437,0.06474668433002828,0.0,0.0,0.0,0.0
0.34400000000000003,0.3086305349579707,0.30680380139094743,0.30717043986861087,253.32330322265625,0.06824871952460893,0.0,0.0,0.0,0.0
0.34800000000000003,0.30491281171962287,0.30471894771546876,0.29517838817993397,244.57806396484372,0.11368077119608191,0.0,0.0,0.0,0.0
0.352,0.2977105194876766,0.29610921698812886,0.2972251879040568,246.9613342285156,0.06790505917539552,0.0,0.0,0.0,0.0
0.356,0.2941093513428427,0.2950281643165961,0.296096817813508,247.07101440429688,0.06279160041147137,0.0,0.0,0.0,0.0
0.36,0.29785300417932087,0.2988504347525422,0.29973118504414115,248.63658142089844,0.05975142477052372,0.0,0.0,0.0,0.0
0.364,0.2962467172239359,0.29527266646800093,0.2966610030007891,246.7519073486328,0.07104060008354533,0.0,0.0,0.0,0.0
0.368,0.2959487823672012,0.30085807349668187,0.2994687689898081,251.5782470703125,0.08901992711944508,0.0,0.0,0.0,0.0
0.372,0.3061434287174971,0.31501461711311085,0.3104374526403682,261.50018310546875,0.16833619844878892,0.0,0.0,0.0,0.0
0.376,0.31390276215327806,0.3161857528636017,0.31857208878356363,262.0286865234375,0.08431671169813304,0.0,0.0,0.0,0.0
0.38,0.31490021685123104,0.3130455997069371,0.3101750538879166,257.7209167480469,0.08109194574119247,0.0,0.0,0.0,0.0
0.384,0.31138972602959586,0.31017564868090464,0.31356012315109394,258.8476867675781,0.057566466425189776,0.0,0.0,0.0,0.0
0.388,0.31300893192934176,0.31469286263153856,0.31509517059695036,262.0785522460937,0.06811766423789047,0.0,0.0,0.0,0.0
0.392,0.31778887696780084,0.32111475697346936,0.3222720311688383,268.0516357421875,0.08084806394116441,0.0,0.0,0.0,0.0
0.396,0.323112852378673,0.3221057220610275,0.32686416040215327,268.2410888671875,0.07441349880966108,0.0,0.0,0.0,0.0
0.4,0.3234885518555549,0.32406191126231937,0.3254996540504397,268.93914794921875,0.09274185888588422,0.0,0.0,0.0,0.0
0.404,0.3269990266395549,0.32757532511179965,0.32729719119153505,270.63433837890625,0.12881525828924686,0.0,0.0,0.0,0.0
0.40800000000000003,0.33347591798833714,0.3316678315063886,0.32818936148178063,269.60723876953125,0.1600547707482297,0.0,0.0,0.0,0.0
0.41200000000000003,0.32496534027333607,0.3233412543307905,0.3243713533380502,268.2909851074219,0.0910300811218793,0.0,0.0,0.0,0.0
0.41600000000000004,0.3222579419963239,0.3241648676161778,0.3261688253831613,269.2781982421875,0.08926515209225062,0.0,0.0,0.0,0.0
0.42,0.32262061706214334,0.3244351270397269,0.32526348322909976,269.3778991699219,0.07853569606379379,0.0,0.0,0.0,0.0
0.424,0.32168801266780767,0.3266229626036698,0.326523103901814,269.0089416503906,0.09296693626702734,0.0,0.0,0.0,0.0
0.428,0.32416214692005696,0.32519445176943235,0.3250535763065149,267.7126159667969,0.08725538185346712,0.0,0.0,0.0,0.0
0.432,0.3234117514621049,0.32738914729883983,0.3262990437609978,268.9303283691406,0.07398675363006833,0.13,0.0,0.0,0.0
0.436,0.3245139259936968,0.3301974512646864,0.32937221982588294,274.73956298828125,0.08338109591769496,0.0,0.0,0.0,0.0
0.44,0.3312435022259724,0.3299656169802169,0.3318675816042587,272.962890625,0.08758273224752523,0.0,0.0,0.0,0.0
0.444,0.33008941371562905,0.331215113787923,0.33237968932821293,272.4438171386719,0.0898945244794198,0.0,0.0,0.0,0.0
0.448,0.32612175840368296,0.330261862673099,0.3291095979120472,271.90484619140625,0.0857278106418044,0.0,0.0,0.0,0.0
0.452,0.3232302543946511,0.32321534800720775,0.32402704792868975,266.9639892578125,0.08109770219595316,0.0,0.0,0.0,0.0
0.456,0.3247472874541772,0.3234987461099234,0.32348857589702495,266.94403076171875,0.0823622034250522,0.0,0.0,0.0,0.0
0.46,0.3189643448697267,0.3254310958358625,0.3237250048681096,268.0619812011719,0.07228303490272837,0.0,0.0,0.0,0.0
0.464,0.3258364843209732,0.3295791028165108,0.32427659966261535,265.7562561035156,0.08264292653554868,0.0,0.0,0.0,0.0
0.468,0.31950891207937243,0.32687384118299406,0.3239482481730098,270.98651123046875,0.10798514297402628,0.0,0.0,0.0,0.0
0.47200000000000003,0.3259272820647064,0.3316016182527806,0.33081690127967234,275.4083557128906,0.12056299662614184,0.0,0.0,0.0,0.0
0.47600000000000003,0.3315935273660006,0.33595571002284363,0.3365297773190465,276.45635986328125,0.08473558972288617,0.0,0.0,0.0,0.0
0.48,0.3337848941460954,0.3348607773403487,0.3383422066141844,277.0353088378906,0.058864546973726194,0.0,0.0,0.0,0.0
0.484,0.3341738690076343,0.3341779905619543,0.3375016264426927,278.3328857421875,0.033352323237982776,0.0,0.0,0.0,0.0
0.488,0.3351463560099487,0.3398718841547547,0.33769866582967295,282.57501220703125,0.08410909556309736,0.0,0.0,0.0,0.0
0.492,0.3416165468750593,0.3449989057669592,0.34622205094525,285.6592712402344,0.09769778267119071,0.0,0.0,0.0,0.0
0.496,0.3457657985036625,0.3465705187777889,0.3471019501505579,283.623046875,0.07825861870797907,0.0,0.0,0.0,0.0
0.5,0.34304282957090226,0.3415593960422626,0.3409162273601735,280.179443359375,0.07912285444938454,0.0,0.0,0.0,0.0
0.504,0.3384268225683589,0.33693475797872047,0.340207039588873,278.26300048828125,0.08541024622083947,0.0,0.0,0.0,0.0
0.508,0.33530192244455886,0.33504109186428105,0.33771174805232407,277.3746643066406,0.06803726575306611,0.0,0.0,0.0,0.0
0.512,0.33534085386571616,0.3355048607058544,0.33872305954618914,276.6659851074219,0.05648885809398794,0.0,0.0,0.0,0.0
0.516,0.334809197827305,0.3351441342462001,0.3380926235869493,278.26300048828125,0.058110259518249975,0.0,0.0,0.0,0.0
0.52,0.3365596808278311,0.3349380335217416,0.33463861860088007,277.514404296875,0.05851263570602246,0.0,0.0,0.0,0.0
0.524,0.33500367006212545,0.33446137201997855,0.3385916739037411,277.763916015625,0.07057221654785023,0.0,0.0,0.0,0.0
0.528,0.3379211241925883,0.3356594168518867,0.33336469427520876,273.6016540527344,0.09144166763726888,0.0,0.0,0.0,0.0
0.532,0.3284168166609959,0.3296692867816563,0.33198574602239644,274.1007385253906,0.06695658731265856,0.0,0.0,0.0,0.0
0.536,0.33125643934340554,0.3305194939439848,0.33178874404709985,271.3358764648437,0.09092281918150504,0.0,0.0,0.0,0.0
0.54,0.329441128341063,0.3272603475768299,0.3256293094609403,271.68524169921875,0.09378569601582333,0.0,0.0,0.0,0.0
0.544,0.32754804858768627,0.32850990544092956,0.3295035588193821,273.1625061035156,0.2722382880610552,0.0,0.0,0.0,0.0
0.548,0.3284686461003903,0.3275823934541783,0.33030469829934034,270.4674987792969,0.06489040381722026,0.0,0.0,0.0,0.0
0.552,0.3258494744024367,0.3258046825945679,0.3290570525676478,271.8549194335937,0.05159337708366872,0.0,0.0,0.0,0.0
0.556,0.32779439308875225,0.3295790787401602,0.33252418509353976,273.3022155761719,0.029082952623801672,0.0,0.0,0.0,0.0
0.56,0.33015432271486933,0.3295018326199559,0.3333909804087255,272.8930053710937,0.03601218910107394,0.0,0.0,0.0,0.0
0.5640000000000001,0.32824826150501796,0.32820072801041844,0.332721212590991,273.2523498535156,0.0402209250584424,0.0,0.0,0.0,0.0
0.5680000000000001,0.32840379913766676,0.3278399799217998,0.33262921808609514,272.57354736328125,0.03719763501812611,0.0,0.0,0.0,0.0
0.5720000000000001,0.3287279923317011,0.327324739963601,0.33193319794962695,271.3558349609375,0.04708722429699776,0.0,0.0,0.0,0.0
0.5760000000000001,0.3276907134619012,0.3326836916376604,0.3283215987116901,270.5074462890625,0.06732020337170905,0.0,0.0,0.0,0.0
0.58,0.3255901749547895,0.32452937612958394,0.3245655452963952,266.764404296875,0.0823044469956199,0.0,0.0,0.0,0.0
0.584,0.320870411551525,0.31942806580212313,0.3192860076116182,261.8734741210937,0.09516993150394479,0.0,0.0,0.0,0.0
0.588,0.31594319691173894,0.3144427043158371,0.31625224144377395,259.84722900390625,0.08741349247756085,0.0,0.0,0.0,0.0
0.592,0.307929942134798,0.3087874893306908,0.3108545050566385,258.55963134765625,0.09146123958345524,0.0,0.0,0.0,0.0
0.596,0.3106010107575052,0.30997261798014997,0.3115374359557733,258.8890075683594,0.07146274009932953,0.0,0.0,0.0,0.0
0.6,0.3107047430465067,0.31137673595511767,0.31229911956711814,259.7673645019531,0.08156877207720326,0.0,0.0,0.0,0.0
0.604,0.31013424429219566,0.31203375730560057,0.3143873481964056,260.5658874511719,0.08246486020161789,0.0,0.0,0.0,0.0
0.608,0.31113263032519534,0.3120466426192189,0.31218094106743094,259.4779052734375,0.07150572162820938,0.0,0.0,0.0,0.0
0.612,0.31263675888894565,0.3110418704878718,0.3126274892617567,257.7311706542969,0.07029533107386086,0.0,0.0,0.0,0.0
0.616,0.30907097629059505,0.30828505887209423,0.30984323607513836,255.05612182617188,0.13314468791476455,0.0,0.0,0.0,0.0
0.62,0.30236738893881626,0.30299055279643383,0.294727017692014,246.2425079345703,0.14873451057950035,0.0,0.0,0.0,0.0
0.624,0.29714195727130166,0.2988296651763415,0.29703845199635037,247.1907501220703,0.09956325777730617,0.0,0.0,0.0,0.0
0.628,0.29779025675167514,0.298108255032095,0.30093897740093767,247.8894500732422,0.07090877726952545,0.0,0.0,0.0,0.0
0.632,0.2953526013354596,0.29606002021260824,0.2963817830794946,247.58001708984372,0.07470938058436073,0.0,0.0,0.0,0.0
0.636,0.30074660484310833,0.3052706920052891,0.30310597753922375,254.93637084960935,0.10211048900891309,0.0,0.0,0.0,0.0
0.64,0.31071774902701627,0.31221412768367146,0.31415092405220585,257.7910461425781,0.08998183070995698,0.0,0.0,0.0,0.0
0.644,0.30874682926190905,0.30823353155112226,0.30929165858219554,255.9644470214844,0.07393993446468136,0.0,0.0,0.0,0.0
0.648,0.3092006521940985,0.30925121700511204,0.30916033171927987,257.801025390625,0.12376205041848465,0.0,0.0,0.0,0.0
0.652,0.3055312065504419,0.31214971483532206,0.30623166336476076,258.99884033203125,0.17209784975307685,0.0,0.0,0.0,0.0
0.656,0.3118328136463653,0.3232153464064471,0.3154642145496587,269.50927734375,0.13654214751452592,0.0,0.0,0.0,0.0
0.66,0.32372301210569665,0.32500600166168325,0.32649607426569377,268.98028564453125,0.11827749220432113,0.0,0.0,0.0,0.0
0.664,0.32772957162260363,0.33411357966255273,0.33264237294785687,275.97723388671875,0.16845650835328743,0.0,0.0,0.0,0.0
0.668,0.335301949515788,0.33482210675701574,0.3338769211322306,275.3983459472656,0.0963697685578987,0.0,0.0,0.0,0.0
0.672,0.3339923067521392,0.3366384524207953,0.33873613023895127,277.6042175292969,0.09152667128590179,0.0,0.0,0.0,0.0
0.676,0.33535386963597763,0.3334827947369191,0.332201439729751,274.3672180175781,0.08033996086762052,0.13,0.0,0.0,0.0
0.68,0.33143436564679857,0.3298337272913877,0.3338314458444947,273.4280700683594,0.06067878963247147,0.0,0.0,0.0,0.0
0.684,0.3311877670835374,0.3360357838352696,0.33581641407765,275.24639892578125,0.09436249278284482,0.0,0.0,0.0,0.0
0.6880000000000001,0.33234285929360374,0.3302850517365374,0.3170578898430351,261.4891052246094,0.15028817771941158,0.0,0.0,0.0,0.0
0.6920000000000001,0.3147180671577775,0.31289089899729383,0.3108400895982867,255.5445556640625,0.10272738907743409,0.0,0.0,0.0,0.0
0.6960000000000001,0.3095785687358297,0.31812591457910555,0.310958405979682,263.6371154785156,0.10690734276099909,0.0,0.0,0.0,0.0
0.7000000000000001,0.31678166191584556,0.3188093075202736,0.3200419285572656,264.106689453125,0.06034568278365266,0.0,0.0,0.0,0.0
0.704,0.3154837845640542,0.3157920635504703,0.31688696538039646,260.3401184082031,0.05390229108818294,0.0,0.0,0.0,0.0
0.708,0.31077261169135767,0.3161402159481732,0.31440252614015085,264.3364562988281,0.07544140974809561,0.0,0.0,0.0,0.0
0.712,0.3166388462795277,0.3221746177534846,0.3212644117195602,265.9349670410156,0.06630342157914519,0.0,0.0,0.0,0.0
0.716,0.32231047038100286,0.3292148573721621,0.32695639463447423,271.8895263671875,0.08492823907554406,0.0,0.0,0.0,0.0
0.72,0.3273980577507712,0.32927931358620505,0.3313469642508404,273.97760009765625,0.059407380657659596,0.0,0.0,0.0,0.0
0.724,0.3315122326863184,0.33078787763274764,0.33101830441299296,272.6987609863281,0.05678013470487903,0.0,0.0,0.0,0.0
0.728,0.3287348359785425,0.32653285829859535,0.3206203255028023,263.93682861328125,0.13357392755808692,0.0,0.0,0.0,0.0
0.732,0.3152371852600293,0.31843533413666303,0.31708417403595035,264.476318359375,0.07497590443978085,0.0,0.0,0.0,0.0
0.736,0.31662592253126004,0.317184633935027,0.31699217576245137,263.5072326660156,0.06872247575141402,0.0,0.0,0.0,0.0
0.74,0.31814437986515426,0.31794537743272894,0.31868794327247246,262.2783508300781,0.07109068123996337,0.0,0.0,0.0,0.0
0.744,0.31313469108177194,0.3120269780723611,0.31320627188988276,260.0504150390625,0.0900015945379687,0.0,0.0,0.0,0.0
0.748,0.3103313180284283,0.308429497836322,0.3094203680560608,257.2229919433594,0.07361757299808251,0.0,0.0,0.0,0.0
0.752,0.30651563870269993,0.31149830058106137,0.3085133302738431,259.6407775878906,0.068050121835365,0.0,0.0,0.0,0.0
0.756,0.3090594372971224,0.3132132643115556,0.31281193646821753,260.58990478515625,0.053413951842650756,0.0,0.0,0.0,0.0
0.76,0.3135240174198185,0.3127619389288304,0.316229691545304,260.5699157714844,0.04502507031989195,0.0,0.0,0.0,0.0
0.764,0.3103702607924105,0.30866163043053435,0.3091706105720174,255.52456665039065,0.07299203824742047,0.0,0.0,0.0,0.0
0.768,0.3062431059896745,0.3052833576018512,0.3030448719463655,249.8897705078125,0.06557772451564708,0.0,0.0,0.0,0.0
0.772,0.3018693583866272,0.3021372102028163,0.30351810563167586,252.58729553222656,0.0562603268399884,0.0,0.0,0.0,0.0
0.776,0.30297253911974503,0.3037360872854723,0.3065415390807006,253.99598693847656,0.056811795206062846,0.0,0.0,0.0,0.0
0.78,0.30254425081974773,0.3034911004445418,0.30236130692607194,249.7099456787109,0.0633286776406441,0.0,0.0,0.0,0.0
0.784,0.29835218166918354,0.29948103092470935,0.30012658586908253,248.73085021972656,0.06161363788560811,0.0,0.0,0.0,0.0
0.788,0.2965092281619564,0.29608986507263935,0.2984176660063799,247.76173400878903,0.16420709344894338,0.0,0.0,0.0,0.0
0.792,0.304283353852747,0.30305269565367415,0.3040439101156628,251.25851440429688,0.07251636320236182,0.0,0.0,0.0,0.0
0.796,0.2995851475429082,0.30334925549708974,0.3030843004788749,251.4083709716797,0.08135482384193081,0.0,0.0,0.0,0.0
0.8,0.3044520838778745,0.3035684552389317,0.3057791195065559,252.3874664306641,0.04935737817278996,0.0,0.0,0.0,0.0
0.804,0.30188233413852417,0.30614728179716655,0.30468805232519125,252.6572265625,0.07491603731026963,0.0,0.0,0.0,0.0
0.808,0.3041924893913371,0.3042002645916194,0.30113877638466413,248.57098388671875,0.08662716075725009,0.0,0.0,0.0,0.0
0.812,0.2992217468815815,0.2982431771983221,0.29777353199790396,246.40298461914065,0.07040585500526618,0.0,0.0,0.0,0.0
0.8160000000000001,0.29641838678670895,0.3041873583711489,0.2998636687926127,253.55638122558597,0.08988550603362805,0.0,0.0,0.0,0.0
0.8200000000000001,0.30442611298311484,0.3050899416848832,0.308053264436971,255.3946990966797,0.07158247435835197,0.0,0.0,0.0,0.0
0.8240000000000001,0.3045818582566597,0.30502549664230866,0.3045302891771934,255.68443298339844,0.05475443827459095,0.0,0.0,0.0,0.0
0.8280000000000001,0.3075798935053939,0.31280062685954635,0.3121677665911595,258.6217041015625,0.05099451390673123,0.0,0.0,0.0,0.0
0.8320000000000001,0.3071256515084974,0.3051157651558816,0.2980233067684473,253.26666259765625,0.11396648323403767,0.0,0.0,0.0,0.0
0.836,0.31009773197394114,0.3096931513499089,0.3122598024370417,258.66168212890625,0.07345025204637168,0.0,0.0,0.0,0.0
0.84,0.31081153145227175,0.31145963562013523,0.3116551223353528,260.2502136230469,0.0486760058109492,0.0,0.0,0.0,0.0
0.844,0.3120834258745045,0.31283930223918177,0.31553298737061475,260.240234375,0.05475846779292343,0.0,0.0,0.0,0.0
0.848,0.3117589791428713,0.3102475903186062,0.3124307013715366,258.96142578125,0.06424357018394367,0.0,0.0,0.0,0.0
0.852,0.31113599094929595,0.312504052104022,0.31312740102100955,258.5917358398437,0.08753034850920292,0.0,0.0,0.0,0.0
0.856,0.3097213493242732,0.31847403773085153,0.31394242028719177,266.18475341796875,0.0904907013108023,0.0,0.0,0.0,0.0
0.86,0.3209347291054225,0.31924767625944,0.3184907115302555,263.15753173828125,0.07784492149251056,0.0,0.0,0.0,0.0
0.864,0.3211423903092184,0.3258752255987784,0.3256549860111289,269.98126220703125,0.11260066840115043,0.0,0.0,0.0,0.0
0.868,0.3255161375135688,0.32842827461110213,0.33034791551984033,272.79864501953125,0.06492571007308585,0.0,0.0,0.0,0.0
0.872,0.32703465769721135,0.32651995247123217,0.3239198015113576,265.9250183105469,0.09105924715933347,0.0,0.0,0.0,0.0
0.876,0.3222585874887265,0.3277320064830339,0.3258521860653226,272.9185791015625,0.07770312082357213,0.0,0.0,0.0,0.0
0.88,0.3316420049520986,0.33034950180802636,0.33213569281021066,273.1783142089844,0.05880352855326284,0.0,0.0,0.0,0.0
0.884,0.32866993980239434,0.3268551914468524,0.3295065879568109,270.8104858398437,0.06793230639459613,0.0,0.0,0.0,0.0
0.888,0.3200132668796632,0.3207949445540575,0.32348599741697387,267.3636474609375,0.0742830191684187,0.0,0.0,0.0,0.0
0.892,0.3281248434412752,0.3270744261212089,0.3282052211379146,270.4608154296875,0.0715047622190826,0.0,0.0,0.0,0.0
0.896,0.32190812394999085,0.3242506028346257,0.3260756568619828,269.9213256835937,0.05237222541279057,0.0,0.0,0.0,0.0
0.9,0.3257368178681979,0.33064609098500114,0.32752168538053333,271.1002502441406,0.17095576912855523,0.0,0.0,0.0,0.0
0.904,0.3365867824947476,0.3451132419914321,0.34096939739495513,279.88214111328125,0.14805889467242028,0.0,0.0,0.0,0.0
0.908,0.33762509179579797,0.3366160388947491,0.33635534594638694,276.5751647949219,0.08426394419616001,0.0,0.0,0.0,0.0
0.912,0.3340819766267089,0.3416963463773533,0.3385112425388949,283.9184265136719,0.08933595648580715,0.0,0.0,0.0,0.0
0.916,0.3405582487535195,0.34615767324219776,0.34451869072062774,287.245361328125,0.10665213993327499,0.0,0.0,0.0,0.0
0.92,0.35009740315438553,0.3514442592022337,0.3507101713957003,287.1754150390625,0.08149297875618745,0.0,0.0,0.0,0.0
0.924,0.3510578523880081,0.3548354289065652,0.3562575575413977,293.0500183105469,0.09582367288293422,0.0,0.0,0.0,0.0
0.928,0.35396374223957905,0.35404985406966805,0.3569114136306613,292.67999267578125,0.07578065681532582,0.135,0.0,0.0,0.0
0.932,0.35471717078218923,0.3558437653027156,0.35997710251019405,294.79998779296875,0.08249805575740456,0.0,0.0,0.0,0.0
0.936,0.35593827606866546,0.36313567751837034,0.3612139143723976,298.8699951171875,0.09580736292777893,0.0,0.0,0.0,0.0
0.9400000000000001,0.36414824873919016,0.36252909471598677,0.3636875380968045,298.2099914550781,0.062497829336850656,0.0,0.0,0.0,0.0
0.9440000000000001,0.3616540652738746,0.36607824019279933,0.3651874766434121,300.2300109863281,0.09998750849316929,0.0,0.0,0.0,0.0
0.9480000000000001,0.364693825356049,0.3628001093425176,0.36306913216570275,297.8399963378906,0.06088237624917466,0.0,0.0,0.0,0.0
0.9520000000000001,0.3604459631214145,0.36260652746642413,0.36496382096934965,298.9700012207031,0.07577355718778762,0.0,0.0,0.0,0.0
0.9560000000000001,0.3620177962330142,0.36556196934196855,0.3672400494884259,302.25,0.06807180448163028,0.0,0.0,0.0,0.0
0.96,0.36575905160913685,0.3690982356176657,0.3702926081335928,304.989990234375,0.07715798455773444,0.0,0.0,0.0,0.0
0.964,0.37233221514168263,0.3766611230739151,0.3774503124687873,308.82000732421875,0.0785109433083228,0.0,0.0,0.0,0.0
0.968,0.37680093243608453,0.37720319171291294,0.37985816456049865,308.3299865722656,0.08682000199173333,0.0,0.0,0.0,0.0
0.972,0.37520309305645266,0.3790616564952824,0.380687055777675,310.8500061035156,0.09148349787519659,0.0,0.0,0.0,0.0
0.976,0.37825585627264313,0.3784679528940143,0.38235808890725936,312.510009765625,0.08724195012569218,0.0,0.0,0.0,0.0
0.98,0.37968481348487076,0.3813072850298388,0.38230544750892975,312.0599975585937,0.12908446849022198,0.0,0.0,0.0,0.0
0.984,0.37689187508679484,0.3760674588585831,0.3763713846479508,306.3099975585937,0.08844984621631105,0.0,0.0,0.0,0.0
0.988,0.3740729304206867,0.3818880700440553,0.37856871129996555,315.20001220703125,0.08016976168852935,0.0,0.0,0.0,0.0
0.992,0.38280251308373925,0.38381104898981055,0.3814107445054359,310.260009765625,0.09226215432249309,0.0,0.0,0.0,0.0
0.996,0.3815684443069482,0.3794230224593022,0.38246333155029666,311.2300109863281,0.08081141451252133,0.0,0.0,0.0,0.0
1.0,0.38125664659647046,0.3815267040800355,0.3791739468430794,307.3399963378906,0.1191015747549525,0.0,0.0,0.0,0.0
0.0,0.3628621674263347,0.36904660065539535,0.358108754482523,295.1400146484375,0.3108366604042835,0.0,0.0,0.9090909090909092,0.0
0.004,0.346143467152525,0.37463487420361924,0.34588538966748955,308.5799865722656,0.2650943358212091,0.0,0.0,0.9090909090909092,0.0
0.008,0.38378979982013306,0.3978656445973015,0.3838054262091593,326.0899963378906,0.28494949958179355,0.0,0.0,0.9090909090909092,0.0
0.012,0.409069200589591,0.4077645513115325,0.3993707769761177,326.42999267578125,0.2299847588266119,0.0,0.0,0.9090909090909092,0.0
0.016,0.39436400390321474,0.40397018899635606,0.39194990580289707,319.1099853515625,0.19643633236311484,0.0,0.0,0.9090909090909092,0.0
0.02,0.38252972477530983,0.40452513683646946,0.38726582519210945,325.3099975585937,0.24217481930968207,0.0,0.0,0.9090909090909092,0.0
0.024,0.40502919028070794,0.40331197123170226,0.4045153794766401,329.1300048828125,0.15575431527834088,0.0,0.0,0.9090909090909092,0.0
0.028,0.3982741414467418,0.3971300334681464,0.38916051399575635,316.3500061035156,0.16411422264547088,0.0,0.0,0.9090909090909092,0.0
0.032,0.38686852966065444,0.3997886629289929,0.39009472816321383,322.04998779296875,0.1772677217736558,0.0,0.0,0.9090909090909092,0.0
0.036000000000000004,0.4006903853953632,0.4037120535709408,0.3931604170427467,322.1600036621094,0.2032682847549314,0.0,0.0,0.9090909090909092,0.0
0.04,0.40015777226881927,0.43620935008830336,0.4059232457681984,348.67999267578125,0.3606666435129264,0.0,0.0,0.9090909090909092,0.0
0.044,0.4373494313265775,0.43455738576907893,0.4229754048473985,340.4700012207031,0.21487368131614043,0.0,0.0,0.9090909090909092,0.0
0.048,0.41985129624212536,0.41744403897556676,0.3966076857913309,327.54998779296875,0.2246767318917763,0.0,0.0,0.9090909090909092,0.0
0.052000000000000005,0.3963515408663173,0.4020213728764977,0.40083124451238367,325.7799987792969,0.14906723366466845,0.0,0.0,0.9090909090909092,0.0
0.056,0.39622166810096127,0.39981446071716,0.3927920075616832,323.6300048828125,0.16561915180174153,0.0,0.0,0.9090909090909092,0.0
0.06,0.3902330509436215,0.39496179829809125,0.3916078370978094,317.6600036621094,0.1418797242504664,0.0,0.0,0.9090909090909092,0.0
0.064,0.3623815271921539,0.3695499529191745,0.36083233450334623,300.7099914550781,0.27310885590269746,0.0,0.0,0.9090909090909092,0.0
0.068,0.38078900949630573,0.38366906269005124,0.37479250408065967,315.6499938964844,0.2239832709749381,0.0,0.0,0.9090909090909092,0.0
0.07200000000000001,0.387751870612322,0.38575986510966903,0.38655534700595834,315.3500061035156,0.10608839113037774,0.0,0.0,0.9090909090909092,0.0
0.076,0.3531713042949205,0.3569794981570454,0.35499038405103867,293.94000244140625,0.24642231539577253,0.0,0.0,0.9090909090909092,0.0
0.08,0.3604849328797616,0.3671752172859743,0.36233231320357584,297.8099975585937,0.19282741899181066,0.0,0.0,0.9090909090909092,0.0
0.084,0.36119939166402476,0.3621418915778637,0.36127968600509314,295.8800048828125,0.13975309798004082,0.0,0.0,0.9090909090909092,0.0
0.088,0.36444700367195054,0.37547379464325115,0.36976631461116244,309.8699951171875,0.19497380909024795,0.0,0.0,0.9090909090909092,0.0
0.092,0.37463154981526287,0.3801328358002903,0.37720031601874904,313.510009765625,0.14675601707824998,0.0,0.0,0.9090909090909092,0.0
0.096,0.3874141459212146,0.39111584040658076,0.3864369339749331,316.8999938964844,0.14446686690174748,0.0,0.0,0.9090909090909092,0.0
0.1,0.3899472595011759,0.3893090105864816,0.3835817303814749,310.7799987792969,0.1435322105304362,0.0,0.0,0.9090909090909092,0.0
0.10400000000000001,0.381009824912372,0.3922773710490776,0.38637112218861563,321.6700134277344,0.18138761644588422,0.0,0.0,0.9090909090909092,0.0
0.108,0.394454946553925,0.39336146894113716,0.39221307264092314,319.4100036621094,0.13656037628793477,0.0,0.0,0.9090909090909092,0.0
0.112,0.39251938248318563,0.4018277910004042,0.3979497804501935,329.6499938964844,0.17557398090123438,0.0,0.0,0.9090909090909092,0.0
0.116,0.409069200589591,0.41099104719954394,0.40513378540774186,328.489990234375,0.14010232290218957,0.0,0.0,0.9090909090909092,0.0
0.12,0.4030156470495732,0.4076484021858764,0.39812079472592643,332.1099853515625,0.14317550221709854,0.0,0.0,0.9090909090909092,0.0
0.124,0.4045225437784949,0.4086679859145501,0.40748899610112355,332.5599975585937,0.17230968728827037,0.0,0.0,0.9090909090909092,0.0
0.128,0.37737251532097565,0.3750478751299094,0.3703057785215807,305.29998779296875,0.29590499240052026,0.0,0.0,0.9090909090909092,0.0
0.132,0.3757357061829966,0.392445155137004,0.38030551606224555,316.0599975585937,0.27913643968261975,0.0,0.0,0.9090909090909092,0.0
0.136,0.38834945976524526,0.401298640948458,0.3904104962459477,325.5899963378906,0.21091631054998894,0.0,0.0,0.9090909090909092,0.0
0.14,0.3975726461527935,0.3958265165258902,0.3937788229738484,321.20001220703125,0.16234161834282795,0.0,0.0,0.9090909090909092,0.0
0.14400000000000002,0.3931948715091017,0.3935034552408964,0.38505536830572873,319.0400085449219,0.15576582818786228,0.0,0.0,0.9090909090909092,0.0
0.148,0.38985631685046573,0.3895283902507421,0.3777924213274969,308.2699890136719,0.1583351258293852,0.0,0.0,0.9090909090909092,0.0
0.152,0.3724491244167238,0.3739637772378498,0.36689798078333824,302.6300048828125,0.16572353551473545,0.0,0.0,0.9090909090909092,0.0
0.156,0.3761773766588304,0.37759035546509984,0.37371357625982315,309.260009765625,0.14569586999315556,0.0,0.0,0.9090909090909092,0.0
0.16,0.3760085341351273,0.3780162749784416,0.3770029609670404,308.7200012207031,0.105932966851839,0.0,0.0,0.9090909090909092,0.0
0.164,0.37463154981526287,0.38836685960824524,0.3788844793826994,319.9100036621094,0.14538828342710916,0.0,0.0,0.9090909090909092,0.0
0.168,0.39009017504424937,0.3908577049811654,0.3910289021770494,322.2699890136719,0.12262169673039125,0.0,0.0,0.9090909090909092,0.0
0.17200000000000001,0.392220587906724,0.40731283401002366,0.3973708455294335,329.6499938964844,0.16971256678207078,0.0,0.0,0.9090909090909092,0.0
0.176,0.4098486354002334,0.42214183589376075,0.41469930168102576,339.0299987792969,0.19680608864057672,0.0,0.0,0.9090909090909092,0.0
0.18,0.42283908343193655,0.42036080386182867,0.4131072507257467,340.8399963378906,0.1492230417068579,0.0,0.0,0.9090909090909092,0.0
0.184,0.4182924266208405,0.4251618313186271,0.42002812899889086,339.3800048828125,0.12488628603324811,0.0,0.0,0.9090909090909092,0.0
0.188,0.4108359221366273,0.41417882671233663,0.4097652246201999,335.5799865722656,0.13862847860162664,0.0,0.0,0.9090909090909092,0.0
0.192,0.4133040993339106,0.4126688093069354,0.40531797007146264,330.5599975585937,0.13732195525277455,0.0,0.0,0.9090909090909092,0.0
0.196,0.40285976801618495,0.408758297866103,0.40869946718735123,335.1600036621094,0.10400513015248271,0.0,0.0,0.9090909090909092,0.0
0.2,0.41087489189497434,0.41428205725094114,0.40641006828028703,329.3099975585937,0.14046152567925685,0.0,0.0,0.9090909090909092,0.0
0.20400000000000001,0.4023401580236571,0.40243437380278785,0.3889763293320356,323.8999938964844,0.14338925857054563,0.0,0.0,0.9090909090909092,0.0
0.20800000000000002,0.39306495910004446,0.39408420086917684,0.3943445875066205,320.1099853515625,0.10167913866551177,0.0,0.0,0.9090909090909092,0.0
0.212,0.39251938248318563,0.4138948934987542,0.39567351177749527,340.010009765625,0.1751159589841085,0.0,0.0,0.9090909090909092,0.0
0.216,0.4149149022038574,0.4258716446596152,0.41585717152254575,346.6000061035156,0.16101974444794734,0.0,0.0,0.9090909090909092,0.0
0.22,0.42274814078122636,0.42893035645970023,0.4272910759771227,351.6700134277344,0.14179625565643633,0.0,0.0,0.9090909090909092,0.0
0.224,0.4318544575374346,0.43343457150180076,0.43444878031231715,349.6000061035156,0.12043481956680374,0.0,0.0,0.9090909090909092,0.0
0.228,0.43051644297591724,0.4310598358686005,0.4227385787853481,345.9800109863281,0.12500966604695232,0.0,0.0,0.9090909090909092,0.0
0.232,0.4257359676147388,0.42486497951799307,0.411475728760126,333.8699951171875,0.15041961676978075,0.0,0.0,0.9090909090909092,0.0
0.23600000000000002,0.4010541163545029,0.4049639355509267,0.40344962204379153,329.3599853515625,0.10675940187364925,0.0,0.0,0.9090909090909092,0.0
0.24,0.410108460218348,0.4178699191029724,0.40727847066142703,334.0899963378906,0.16497884215052705,0.0,0.0,0.9090909090909092,0.0
0.244,0.41134252899513907,0.4121396986409253,0.411186261299746,338.5299987792969,0.11120914140366543,0.0,0.0,0.9090909090909092,0.0
0.248,0.4267362178414475,0.4340540335052998,0.42855418846168,350.8399963378906,0.20384738410385717,0.0,0.0,0.9090909090909092,0.0
0.252,0.43536189436347494,0.4373708807308002,0.4287647139013765,346.3999938964844,0.13902682527106663,0.0,0.0,0.9090909090909092,0.0
0.256,0.4273078007263385,0.4274719740165693,0.4274226593961357,346.9700012207031,0.09797888954533791,0.0,0.0,0.9090909090909092,0.0
0.26,0.4300487662320513,0.4346476977206318,0.43038310563263127,347.7900085449219,0.13310420084961433,0.0,0.0,0.9090909090909092,0.0
0.264,0.4295551625075556,0.450986677623834,0.43239620746730334,368.80999755859375,0.19380467312835106,0.0,0.0,0.9090909090909092,0.0
0.268,0.4565363087976706,0.4867362678173751,0.4621848544959794,395.9400024414063,0.3173773361852089,0.0,0.0,0.9090909090909092,0.0
0.272,0.5243334602466253,0.5241765387053593,0.5045389751983986,410.0400085449219,0.3090636723379898,0.0,0.0,0.9090909090909092,0.0
0.276,0.5131226972522733,0.5210145569807335,0.5163807601443807,421.6199951171875,0.19482107115726421,0.0,0.0,0.9090909090909092,0.0
0.28,0.5147465032562362,0.5275449815071938,0.5140650606149626,425.8599853515625,0.19836666352620078,0.0,0.0,0.9090909090909092,0.0
0.28400000000000003,0.5317899647308385,0.532591225802356,0.52313058398817,416.8500061035156,0.16828151212856235,0.0,0.0,0.9090909090909092,0.0
0.28800000000000003,0.5226317147259684,0.5290420803255435,0.5299198788423011,426.0700073242188,0.17341722918422783,0.0,0.0,0.9090909090909092,0.0
0.292,0.5346998124039556,0.5490592734182659,0.5396696199329276,434.2099914550781,0.18104990443325686,0.0,0.0,0.9090909090909092,0.0
0.296,0.546092460699728,0.543883961410396,0.5325513866080749,425.8500061035156,0.1547887659331472,0.0,0.0,0.9090909090909092,0.0
0.3,0.5330370366416456,0.5480654874777593,0.5395380365139145,442.7900085449219,0.1734222181116871,0.0,0.0,0.9090909090909092,0.0
0.304,0.5400648737840411,0.5366308049558961,0.5264462693177411,423.3900146484375,0.18035452469816507,0.0,0.0,0.9090909090909092,0.0
0.308,0.5310494996785432,0.5432386622327937,0.5289988350628314,440.3999938964844,0.18972181164841645,0.0,0.0,0.9090909090909092,0.0
0.312,0.5518991925556473,0.5568028635494933,0.5533139812738853,443.2099914550781,0.1472455076147343,0.0,0.0,0.9090909090909092,0.0
0.316,0.5482228735622027,0.549085071206433,0.5449194650764874,444.7200012207031,0.1373952541100607,0.0,0.0,0.9090909090909092,0.0
0.32,0.551184694127683,0.5713995277959821,0.5549586736274938,459.4599914550781,0.18299462673324451,0.0,0.0,0.9090909090909092,0.0
0.324,0.5859211791221739,0.5823179788529507,0.548143078151009,436.0,0.25761113651413275,0.0,0.0,0.9090909090909092,0.0
0.328,0.5505222082357829,0.551369416116208,0.5231568846105239,429.8299865722656,0.25027971573091334,0.0,0.0,0.9090909090909092,0.0
0.332,0.547222623335494,0.5601196713890577,0.5496167160752629,453.25,0.15843874201507768,0.0,0.0,0.9090909090909092,0.0
0.336,0.5564068796083965,0.5589968571217795,0.5440379324609814,433.0899963378906,0.19100339035997219,0.0,0.0,0.9090909090909092,0.0
0.34,0.5430916703759008,0.5443485579130203,0.5345381878203931,438.6900024414063,0.13132046740110073,0.0,0.0,0.9090909090909092,0.0
0.34400000000000003,0.5356091596236553,0.5379214033111006,0.5357881299169626,435.5400085449219,0.1277664322318485,0.0,0.0,0.9090909090909092,0.0
0.34800000000000003,0.5417536558143833,0.5466716585839502,0.5164071009203566,413.489990234375,0.20983045130029676,0.0,0.0,0.9090909090909092,0.0
0.352,0.5248530702391532,0.5386183374509732,0.5272620704541735,435.8999938964844,0.14736313117367777,0.0,0.0,0.9090909090909092,0.0
0.356,0.5290879689834728,0.5351466247245982,0.5248410479744742,429.239990234375,0.13415513760709163,0.0,0.0,0.9090909090909092,0.0
0.36,0.5396232033082075,0.543290297195064,0.5359854849686712,435.1499938964844,0.13202294676373072,0.0,0.0,0.9090909090909092,0.0
0.364,0.5394023878921411,0.5417931983767144,0.5293804149318828,428.75,0.14282915552233014,0.0,0.0,0.9090909090909092,0.0
0.368,0.5274121900871467,0.5445163420009467,0.5323935025667079,439.30999755859375,0.1661268711116347,0.0,0.0,0.9090909090909092,0.0
0.372,0.5512756367783932,0.5552799275570405,0.5547744488101513,447.4299926757813,0.11698094671038757,0.0,0.0,0.9090909090909092,0.0
0.376,0.5537308504853616,0.5546346283794382,0.5566691376137982,442.6000061035156,0.0991228889881131,0.0,0.0,0.9090909090909092,0.0
0.38,0.5507300601615344,0.5497820053463055,0.5394985655035728,438.9700012207031,0.15594159193988877,0.0,0.0,0.9090909090909092,0.0
0.384,0.52026744366971,0.5547636960921458,0.5196306738412562,448.9800109863281,0.23784884355702082,0.0,0.0,0.9090909090909092,0.0
0.388,0.555120798295541,0.5577062587665749,0.5410380152141441,433.7200012207031,0.1764811981715197,0.0,0.0,0.9090909090909092,0.0
0.392,0.5462223731087853,0.5686505469976466,0.5522482238410367,452.4200134277344,0.1978562578707526,0.0,0.0,0.9090909090909092,0.0
0.396,0.5654482203382254,0.5774782350209335,0.5692346112875412,460.5499877929688,0.1485775512463588,0.0,0.0,0.9090909090909092,0.0
0.4,0.5754768478044483,0.5758004729135421,0.5706161368031236,461.510009765625,0.12516374715271356,0.0,0.0,0.9090909090909092,0.0
0.404,0.5606027689506677,0.562068487508916,0.5534586949272643,440.1000061035156,0.1337301193639271,0.0,0.0,0.9090909090909092,0.0
0.40800000000000003,0.5550168921545159,0.5658628498240924,0.5588269932554712,456.55999755859375,0.15423825697619953,0.0,0.0,0.9090909090909092,0.0
0.41200000000000003,0.5670200534498251,0.5866027748448546,0.5721292457377193,468.3699951171875,0.15703858033545162,0.0,0.0,0.9090909090909092,0.0
0.41600000000000004,0.5650325164867226,0.568727979748084,0.5587085802244459,444.260009765625,0.16310473236227055,0.0,0.0,0.9090909090909092,0.0
0.42,0.5619018137538381,0.5766135167931346,0.5549060322291642,462.0700073242188,0.15891480082378703,0.0,0.0,0.9090909090909092,0.0
0.424,0.5747753525104999,0.5780590200351501,0.5475115018319194,445.9100036621094,0.20506218794018888,0.0,0.0,0.9090909090909092,0.0
0.428,0.5435463439857505,0.5418060775778298,0.5301304042819975,429.5199890136719,0.19325876933521197,0.0,0.0,0.9090909090909092,0.0
0.432,0.5457287297405884,0.5551121828550503,0.5452352331592212,445.2300109863281,0.14153587201942763,0.0,0.0,0.9090909090909092,0.0
0.436,0.5454689049224738,0.54584565673137,0.5439194792763343,439.6199951171875,0.11086797551818164,0.0,0.0,0.9090909090909092,0.0
0.44,0.5490412781311922,0.5456391562682249,0.536288122817039,430.6000061035156,0.10699253829145734,0.0,0.0,0.9090909090909092,0.0
0.444,0.5243334602466253,0.5226278049247393,0.4965260388700519,401.989990234375,0.22295536003650357,0.0,0.0,0.9090909090909092,0.0
0.448,0.47648961794538996,0.506740542323046,0.47868441943039525,404.3500061035156,0.19716394824486652,0.0,0.0,0.9090909090909092,0.0
0.452,0.49264973846832477,0.5219308707848667,0.4996838401582561,408.9200134277344,0.19084643102683063,0.0,0.0,0.9090909090909092,0.0
0.456,0.5012754149903522,0.5024944627063608,0.4930655997334799,401.25,0.1495425249460764,0.0,0.0,0.9090909090909092,0.0
0.46,0.5023146349754081,0.5062113922710997,0.4993680720755223,403.989990234375,0.13296220829885055,0.0,0.0,0.9090909090909092,0.0
0.464,0.5132915794196776,0.5283580647727225,0.4944208246267085,395.2300109863281,0.21259527652185792,0.0,0.0,0.9090909090909092,0.0
0.468,0.49730034106414717,0.4946218048624257,0.47997387269092834,391.0899963378906,0.18748139945555448,0.0,0.0,0.9090909090909092,0.0
0.47200000000000003,0.4971054922724118,0.5190399430727081,0.5027758698137648,417.7799987792969,0.18046965379337895,0.0,0.0,0.9090909090909092,0.0
0.47600000000000003,0.5130187911112483,0.5174396137157539,0.5091704545644785,419.3999938964844,0.13270873240755468,0.0,0.0,0.9090909090909092,0.0
0.48,0.5253986864997133,0.5257768680623134,0.5235648052555509,426.5799865722656,0.11648972923747504,0.0,0.0,0.9090909090909092,0.0
0.484,0.5288281441653582,0.5335075396064892,0.5358144706929383,430.1700134277344,0.06427849267615854,0.0,0.0,0.9090909090909092,0.0
0.488,0.5271783715370645,0.5344496905847255,0.5346171298410766,430.1400146484375,0.10497797100703994,0.0,0.0,0.9090909090909092,0.0
0.492,0.534310114820485,0.5385021489393811,0.5304461723647315,429.239990234375,0.12776010013161174,0.0,0.0,0.9090909090909092,0.0
0.496,0.535985893716811,0.5528536357334423,0.5422747869227257,446.739990234375,0.1625797436880953,0.0,0.0,0.9090909090909092,0.0
0.5,0.5591608482481253,0.5615135396688028,0.5610637909178277,454.5299987792969,0.13269127116144724,0.0,0.0,0.9090909090909092,0.0
0.504,0.5631748919326773,0.5669856640913706,0.5693135533082246,455.0,0.10298988341452171,0.0,0.0,0.9090909090909092,0.0
0.508,0.5559262393742157,0.5552154133936547,0.5477220272716159,439.5799865722656,0.1274323659739029,0.0,0.0,0.9090909090909092,0.0
0.512,0.5430527006175536,0.5586226119566441,0.5483141325803639,445.1700134277344,0.11438747195886972,0.0,0.0,0.9090909090909092,0.0
0.516,0.5541335512028485,0.564417385968013,0.5587217104588119,451.4500122070313,0.11609541208636753,0.0,0.0,0.9090909090909092,0.0
0.52,0.5578748065789711,0.5545959120042194,0.5544060393290877,446.8900146484375,0.1021302528369248,0.0,0.0,0.9090909090909092,0.0
0.524,0.5567576074335199,0.5723287601871668,0.5561691848673435,458.9599914550781,0.1782635884472558,0.0,0.0,0.9090909090909092,0.0
0.528,0.5844922219099464,0.5965403585483681,0.590365615434415,475.30999755859375,0.21450143057494891,0.0,0.0,0.9090909090909092,0.0
0.532,0.5880905617429957,0.6090978947234456,0.5879577633427038,489.8800048828125,0.20119615292290705,0.0,0.0,0.9090909090909092,0.0
0.536,0.6088882817277368,0.6139763549306814,0.5884446260084144,467.260009765625,0.19905148976089795,0.0,0.0,0.9090909090909092,0.0
0.54,0.5958198941793396,0.6082718928708652,0.5975496203919634,483.3699951171875,0.1773266294940402,0.0,0.0,0.9090909090909092,0.0
0.544,0.6087583693186794,0.6077943777811893,0.5996548346353068,481.2000122070313,0.1929400536232949,0.0,0.0,0.9090909090909092,0.0
0.548,0.6110447008582436,0.6185579633372831,0.6136149640589983,488.7300109863281,0.16149196562014956,0.0,0.0,0.9090909090909092,0.0
0.552,0.6104211450809894,0.6097044775258291,0.610338749739769,485.55999755859375,0.106436272879749,0.0,0.0,0.9090909090909092,0.0
0.556,0.6092260460625454,0.6083235278331355,0.602391585044118,485.3999938964844,0.07393494553722209,0.0,0.0,0.9090909090909092,0.0
0.56,0.6050041504522419,0.6059875479610901,0.598470664171433,475.1900024414063,0.10750524652880979,0.0,0.0,0.9090909090909092,0.0
0.5640000000000001,0.5839206390250553,0.5805756631962372,0.5789711819901798,459.6400146484375,0.12186242034745576,0.0,0.0,0.9090909090909092,0.0
0.5680000000000001,0.573645189874734,0.57247070710099,0.5721687167480609,454.4299926757813,0.10838368152529164,0.0,0.0,0.9090909090909092,0.0
0.5720000000000001,0.5671629689928985,0.5639914664546714,0.5662083532647282,449.7200012207031,0.08888752865994913,0.0,0.0,0.9090909090909092,0.0
0.5760000000000001,0.5693713213720674,0.5663016485385496,0.5477877989043116,438.0700073242188,0.158842653257453,0.0,0.0,0.9090909090909092,0.0
0.58,0.5566276950244626,0.565282064809876,0.5599848630969912,451.6700134277344,0.12508181361328635,0.0,0.0,0.9090909090909092,0.0
0.584,0.5545362519203351,0.5532795158608478,0.5392090980431928,432.9599914550781,0.16567057613093705,0.0,0.0,0.9090909090909092,0.0
0.588,0.5409222481113777,0.5405283978096769,0.542511653138398,431.4100036621094,0.10951635994037079,0.0,0.0,0.9090909090909092,0.0
0.592,0.5305169261957003,0.5386183374509732,0.533406618601227,435.7999877929688,0.10416727029490892,0.0,0.0,0.9090909090909092,0.0
0.596,0.540987224137757,0.5543119787906371,0.5413274826745241,445.010009765625,0.12391267765138947,0.0,0.0,0.9090909090909092,0.0
0.6,0.5478461791127482,0.5610876201554611,0.5513403504495549,448.9599914550781,0.1130101442164611,0.0,0.0,0.9090909090909092,0.0
0.604,0.559498612582934,0.5578740428545012,0.5591691021141808,447.2000122070313,0.09779314793839287,0.0,0.0,0.9090909090909092,0.0
0.608,0.5498986524585288,0.5476783237255723,0.5463668023783873,439.2000122070313,0.10458634020148741,0.0,0.0,0.9090909090909092,0.0
0.612,0.5477162667036909,0.5495496677090572,0.5508798285598201,438.5700073242188,0.08963164637868146,0.0,0.0,0.9090909090909092,0.0
0.616,0.5455988173315311,0.5519889175056433,0.5477351976596039,437.5,0.11026815293211738,0.0,0.0,0.9090909090909092,0.0
0.62,0.5324264839984075,0.5306682468566007,0.52428845382969,419.25,0.1159607110449673,0.0,0.0,0.9090909090909092,0.0
0.624,0.5224238628002169,0.5403090181454164,0.5271567876575142,431.4400024414063,0.12543334111733936,0.0,0.0,0.9090909090909092,0.0
0.628,0.539960967643016,0.5548927638048535,0.5442747585230318,449.3599853515625,0.13200088035381471,0.0,0.0,0.9090909090909092,0.0
0.632,0.5559002331061834,0.5586742075329784,0.5592875151452059,449.05999755859375,0.10364976501192256,0.0,0.0,0.9090909090909092,0.0
0.636,0.5527435637489678,0.5491367061687032,0.5464457443990708,435.2000122070313,0.08950039921013764,0.0,0.0,0.9090909090909092,0.0
0.64,0.5428838184501493,0.5394313813305658,0.5417221927779415,430.8999938964844,0.06711872745508476,0.0,0.0,0.9090909090909092,0.0
0.644,0.5357390720327125,0.5403864508958537,0.5409459028054728,431.4599914550781,0.09997714687460003,0.0,0.0,0.9090909090909092,0.0
0.648,0.5433904253086611,0.5429289312310441,0.5205780182430797,416.55999755859375,0.15145654615400703,0.0,0.0,0.9090909090909092,0.0
0.652,0.5272173412954114,0.5424772139295353,0.5312093321028342,430.4100036621094,0.1532602353123577,0.0,0.0,0.9090909090909092,0.0
0.656,0.5219432225660361,0.5260478826888442,0.5204201342017127,421.80999755859375,0.10742619121676293,0.0,0.0,0.9090909090909092,0.0
0.66,0.5258143507075148,0.527867631095995,0.5193543767688642,421.9599914550781,0.10387062099290784,0.0,0.0,0.9090909090909092,0.0
0.664,0.520864993178932,0.5218534380344293,0.5002627750790162,406.010009765625,0.13787284797337293,0.0,0.0,0.9090909090909092,0.0
0.668,0.49041537982112376,0.4937184096453441,0.48493425037410803,397.2099914550781,0.13444372787242773,0.0,0.0,0.9090909090909092,0.0
0.672,0.49541671024206974,0.5097863355360794,0.49838125666335703,411.1099853515625,0.11498172997199867,0.0,0.0,0.9090909090909092,0.0
0.676,0.5071600863629657,0.5184333602703244,0.5109335599491123,417.3200073242188,0.0992612357841951,0.0,0.0,0.9090909090909092,0.0
0.68,0.5177732602043944,0.5261769504015519,0.52370951890893,425.2099914550781,0.11838398661739395,0.0,0.0,0.9090909090909092,0.0
0.684,0.5306078292027093,0.5379214033111006,0.5276962515679324,428.2699890136719,0.10478301907247778,0.0,0.0,0.9090909090909092,0.0
0.6880000000000001,0.5336475892848838,0.5377665378102259,0.5197622572602693,417.0700073242188,0.11355470483682271,0.0,0.0,0.9090909090909092,0.0
0.6920000000000001,0.5128758755681748,0.5220599384975744,0.5156571115702416,417.4400024414063,0.09340845634717254,0.0,0.0,0.9090909090909092,0.0
0.6960000000000001,0.5103427223445122,0.5087151562310714,0.502012750229284,410.6300048828125,0.1092285372023361,0.0,0.0,0.9090909090909092,0.0
0.7000000000000001,0.5087189163405493,0.5128192495479973,0.5139466074303155,411.3200073242188,0.0828305869607473,0.0,0.0,0.9090909090909092,0.0
0.704,0.5037046224292885,0.510689770139097,0.5067494320847793,411.7099914550781,0.09261310618107003,0.0,0.0,0.9090909090909092,0.0
0.708,0.505068603615137,0.509979956798109,0.5085783492557306,411.8200073242188,0.10583875287558898,0.0,0.0,0.9090909090909092,0.0
0.712,0.5037565953216517,0.500945768311677,0.4934998210008608,399.8299865722656,0.12841902231988578,0.0,0.0,0.9090909090909092,0.0
0.716,0.4936370252047186,0.5049724288781655,0.49823654300997805,409.3800048828125,0.1071191802961926,0.0,0.0,0.9090909090909092,0.0
0.72,0.5100699340360828,0.5172589110407759,0.5173281045462041,417.3999938964844,0.099885619243905,0.0,0.0,0.9090909090909092,0.0
0.724,0.5130187911112483,0.5127031004223412,0.5061573669296533,408.5799865722656,0.0975692218482019,0.0,0.0,0.9090909090909092,0.0
0.728,0.4981057424991206,0.5001971992095341,0.4988549087874578,402.510009765625,0.10387752873862068,0.0,0.0,0.9090909090909092,0.0
0.732,0.48207553438524303,0.4968674727829182,0.48588159477593146,403.3200073242188,0.10042020200934808,0.0,0.0,0.9090909090909092,0.0
0.736,0.4879082328654933,0.4862845505158663,0.4821185579446135,392.4299926757813,0.11486698464043552,0.0,0.0,0.9090909090909092,0.0
0.74,0.49149360920822777,0.5017588121912695,0.4942102991870119,405.9400024414063,0.12578160663036134,0.0,0.0,0.9090909090909092,0.0
0.744,0.49632605746176944,0.5021330967423409,0.5005785833153719,405.5499877929688,0.09435213116427558,0.0,0.0,0.9090909090909092,0.0
0.748,0.4918053672750043,0.4940410592341452,0.4937234766749233,396.7300109863281,0.11762490211628382,0.0,0.0,0.9090909090909092,0.0
0.752,0.4813610359572787,0.49306019188069017,0.4768686726474319,398.6799926757813,0.12331285506532519,0.0,0.0,0.9090909090909092,0.0
0.756,0.4971704286550898,0.49951318365671304,0.49896019158411714,399.239990234375,0.10842244165401364,0.0,0.0,0.9090909090909092,0.0
0.76,0.497248368171784,0.5121481525822279,0.5041705657173351,407.8200073242188,0.1147568444726809,0.0,0.0,0.9090909090909092,0.0
0.764,0.5010155901722377,0.499397034531057,0.4943024115956833,395.010009765625,0.11171340684070219,0.0,0.0,0.9090909090909092,0.0
0.768,0.4932083578629009,0.4912662806476428,0.4881183924382881,391.2000122070313,0.10697450139987384,0.0,0.0,0.9090909090909092,0.0
0.772,0.489376159836068,0.49582209126607735,0.49399981390093733,395.55999755859375,0.10613828040497042,0.0,0.0,0.9090909090909092,0.0
0.776,0.48868766767613586,0.4911630107231021,0.49213142571964424,399.2699890136719,0.0846901137302767,0.0,0.0,0.9090909090909092,0.0
0.78,0.49298750280313336,0.49497029162533,0.49122355232816256,392.7799987792969,0.09229362294185155,0.0,0.0,0.9090909090909092,0.0
0.784,0.47774969299021314,0.4745788139815361,0.47335563226615207,380.2999877929688,0.12342683286958692,0.0,0.0,0.9090909090909092,0.0
0.788,0.4681108027511622,0.4650542312043127,0.45457979865903797,367.9599914550781,0.14558975934373344,0.0,0.0,0.9090909090909092,0.0
0.792,0.45932924719574647,0.47207505002156436,0.4654611089688307,380.8500061035156,0.1378711210369447,0.0,0.0,0.9090909090909092,0.0
0.796,0.4638369342484955,0.4748498679940031,0.47017149020197213,383.0299987792969,0.10985426383482351,0.0,0.0,0.9090909090909092,0.0
0.8,0.4812830964405845,0.4861426036020431,0.481618565044537,385.9500122070313,0.10055260046884404,0.0,0.0,0.9090909090909092,0.0
0.804,0.47038413115671024,0.47092643796611916,0.46432953974966457,372.1099853515625,0.10125412042234723,0.0,0.0,0.9090909090909092,0.0
0.808,0.4549125027937077,0.4521094918911122,0.44801419963259137,361.8299865722656,0.1138085644917693,0.0,0.0,0.9090909090909092,0.0
0.812,0.44993713899709264,0.44879268405154793,0.438369741338624,355.2799987792969,0.1251079095415348,0.0,0.0,0.9090909090909092,0.0
0.8160000000000001,0.44428632581826283,0.4565878697591095,0.45002730146726344,371.75,0.1396535113126808,0.0,0.0,0.9090909090909092,0.0
0.8200000000000001,0.46652596650554634,0.4692486758587276,0.46723734458783045,381.260009765625,0.10731931304003939,0.0,0.0,0.9090909090909092,0.0
0.8240000000000001,0.4477807595102871,0.45265156053011,0.44743526471183137,360.5899963378906,0.15403754858687668,0.0,0.0,0.9090909090909092,0.0
0.8280000000000001,0.4456892767624582,0.4493476318916612,0.43113309498274605,352.82000732421875,0.14380333954966484,0.0,0.0,0.9090909090909092,0.0
0.8320000000000001,0.4247097111199979,0.4239228285397567,0.41876497636071164,346.6499938964844,0.13769727610317176,0.0,0.0,0.9090909090909092,0.0
0.836,0.44724814638374305,0.445191903612465,0.42196228881287945,343.25,0.14599271117698198,0.0,0.0,0.9090909090909092,0.0
0.84,0.42043584261733125,0.4250327636059194,0.4187781467486995,345.6199951171875,0.11399718432609471,0.0,0.0,0.9090909090909092,0.0
0.844,0.42451486232826263,0.4269428239646231,0.4260016227165896,348.95001220703125,0.09322022027649786,0.0,0.0,0.9090909090909092,0.0
0.848,0.42942525009849836,0.43467353489473504,0.4336724903398485,352.4200134277344,0.09759800412200535,0.0,0.0,0.9090909090909092,0.0
0.852,0.43929799853133294,0.4492314827660051,0.44183014032157414,364.2000122070313,0.10980571773300832,0.0,0.0,0.9090909090909092,0.0
0.856,0.45119721404191593,0.48410343614469564,0.45200093229159377,391.9500122070313,0.21309723937699038,0.0,0.0,0.9090909090909092,0.0
0.86,0.4862454571031834,0.4833419878414372,0.47739496616986227,388.8999938964844,0.11658969966848576,0.0,0.0,0.9090909090909092,0.0
0.864,0.4889864622525974,0.5029848963830883,0.4903551499470226,400.6199951171875,0.16863745291459856,0.0,0.0,0.9090909090909092,0.0
0.868,0.49763806575525454,0.49978419828324394,0.4859868374189688,392.5,0.11867890898296683,0.0,0.0,0.9090909090909092,0.0
0.872,0.48519323398411157,0.48320004092761415,0.48189486211692906,386.4200134277344,0.09167480405507698,0.0,0.0,0.9090909090909092,0.0
0.876,0.4781394302173851,0.4819868753228469,0.4820001047599664,387.510009765625,0.11437864539490333,0.0,0.0,0.9090909090909092,0.0
0.88,0.46217415848618554,0.4729397682493633,0.45975074193553617,373.7200012207031,0.1750261582898417,0.0,0.0,0.9090909090909092,0.0
0.884,0.4598618603222904,0.4687582421820001,0.4628296012030569,376.2999877929688,0.11539657847841932,0.0,0.0,0.9090909090909092,0.0
0.888,0.45803020239257614,0.466202843259758,0.45400086373827797,378.6700134277344,0.12276963761774107,0.0,0.0,0.9090909090909092,0.0
0.892,0.4613947236755432,0.46815165937961645,0.46521111251879244,376.0199890136719,0.09231530558811682,0.0,0.0,0.9090909090909092,0.0
0.896,0.4623300375195738,0.4605500161622122,0.46192172781157514,372.7999877929688,0.08180094908588456,0.0,0.0,0.9090909090909092,0.0
0.9,0.4588875767199127,0.4713265203053576,0.45946127447515617,381.6300048828125,0.09272132753057108,0.0,0.0,0.9090909090909092,0.0
0.904,0.47154026041680713,0.4881946502605061,0.4734477045212016,390.8200073242188,0.12008808910838462,0.0,0.0,0.9090909090909092,0.0
0.908,0.4815948941510622,0.48409055694358016,0.48134222781852304,392.510009765625,0.08828713042840879,0.0,0.0,0.9090909090909092,0.0
0.912,0.48803814527455064,0.4937442074335112,0.48686841018809673,389.3699951171875,0.08639805385777449,0.0,0.0,0.9090909090909092,0.0
0.916,0.47642468156271195,0.49317634100634633,0.480315941396016,398.7300109863281,0.0973061518656382,0.0,0.0,0.9090909090909092,0.0
0.92,0.5040034170057501,0.5114382998553038,0.5041310947069934,411.7900085449219,0.11808465096983789,0.0,0.0,0.9090909090909092,0.0
0.924,0.5156948202342829,0.5312748296589844,0.5229069283141075,428.3500061035156,0.11953489380588196,0.0,0.0,0.9090909090909092,0.0
0.928,0.523073385201802,0.5544539650903964,0.523446352070904,445.0,0.1451052577347084,0.0,0.0,0.9090909090909092,0.0
0.932,0.5480799976628306,0.5526987308466313,0.530630397182074,433.4500122070313,0.11093724485713533,0.0,0.0,0.9090909090909092,0.0
0.936,0.5419225379817877,0.5599260895129642,0.5410906164588518,445.2699890136719,0.12573881698330683,0.0,0.0,0.9090909090909092,0.0
0.9400000000000001,0.5546791278197072,0.5580934619046979,0.5554981375379121,443.2999877929688,0.08311649088052842,0.0,0.0,0.9090909090909092,0.0
0.9440000000000001,0.5384281042897634,0.5357402889399301,0.5302882883233645,422.239990234375,0.09581580572809462,0.0,0.0,0.9090909090909092,0.0
0.9480000000000001,0.5193191266916632,0.5182784947694496,0.5083546534280462,409.989990234375,0.09540421921270502,0.0,0.0,0.9090909090909092,0.0
0.9520000000000001,0.49839153394156605,0.49827422026377877,0.49296035709044256,404.1099853515625,0.08394196649321188,0.0,0.0,0.9090909090909092,0.0
0.9560000000000001,0.5041592960391384,0.513541981476037,0.5097493894852385,417.260009765625,0.0816280635612384,0.0,0.0,0.9090909090909092,0.0
0.96,0.5230993518261331,0.525789786649365,0.5183149199583693,417.8500061035156,0.07652822840691456,0.0,0.0,0.9090909090909092,0.0
0.964,0.5237359107374033,0.5316749119982229,0.528327827887022,426.010009765625,0.08318230634662568,0.0,0.0,0.9090909090909092,0.0
0.968,0.5335956560362218,0.5364372230798027,0.535709187896279,433.5899963378906,0.0823268971691866,0.0,0.0,0.9090909090909092,0.0
0.972,0.550002598243255,0.549859438096743,0.5480772663646916,440.3599853515625,0.0804034737518135,0.0,0.0,0.9090909090909092,0.0
0.976,0.5431566067585787,0.5477428378889581,0.5491035527871985,442.1000061035156,0.056952636465874486,0.0,0.0,0.9090909090909092,0.0
0.98,0.546053490941381,0.5440130291231038,0.5383670364380286,435.7900085449219,0.08140183488914314,0.0,0.0,0.9090909090909092,0.0
0.984,0.5299972765594713,0.5292098644134698,0.5216437756759283,415.8800048828125,0.08094342920836657,0.0,0.0,0.9090909090909092,0.0
0.988,0.5179551455058149,0.5225245743861348,0.5193017353705345,423.739990234375,0.06685565747252108,0.0,0.0,0.9090909090909092,0.0
0.992,0.5185787012830692,0.5343722578342881,0.5223937650260431,423.7000122070313,0.08010452186790816,0.0,0.0,0.9090909090909092,0.0
0.996,0.5200595917439587,0.525015419759055,0.5239200443486265,418.4500122070313,0.06249475922764495,0.0,0.0,0.9090909090909092,0.0
1.0,0.5209754405306664,0.522859985018243,0.4863289462776785,391.0,0.11143782616312525,0.0,0.0,0.9090909090909092,0.0
0.0,0.5804974571527937,0.5808197140229495,0.5869515322418607,466.6525573730469,0.024046054708194754,0.0,0.0,0.6363636363636364,0.0
0.004,0.579994920102442,0.5809349981080593,0.5867427309451198,469.0038146972656,0.02631851116589124,0.0,0.0,0.6363636363636364,0.0
0.008,0.5819150996018242,0.5801283113623376,0.5845758355937181,467.1882934570313,0.024219323996491633,0.0,0.0,0.6363636363636364,0.0
0.012,0.5804072606307284,0.5835469365803475,0.5881002525145786,468.8748168945313,0.026182850715364227,0.0,0.0,0.6363636363636364,0.0
0.016,0.5868509711387819,0.5898847463664305,0.5931387535301453,475.07525634765625,0.031078523607508797,0.0,0.0,0.6363636363636364,0.0
0.02,0.5886424213757934,0.5882971273557261,0.592146800041985,471.1962890625,0.02697973593606958,0.0,0.0,0.6363636363636364,0.0
0.024,0.5870958807489484,0.590230476567945,0.5950706967587641,475.3431701660156,0.024699412323533478,0.0,0.0,0.6363636363636364,0.0
0.028,0.5873407610926853,0.5877337514967773,0.593869792653632,474.25189208984375,0.0242926228537778,0.0,0.0,0.6363636363636364,0.0
0.032,0.5906915310673264,0.590627413119383,0.5943658334915556,476.4344482421875,0.02834593453260753,0.0,0.0,0.6363636363636364,0.0
0.036000000000000004,0.5961429437408121,0.5937770981547358,0.5975116599988549,473.616943359375,0.0668176648711005,0.0,0.0,0.6363636363636364,0.0
0.04,0.5909621052566134,0.5992698664252689,0.5918204162121011,482.1487731933594,0.042425263468137346,0.0,0.0,0.6363636363636364,0.0
0.044,0.6048033235274334,0.6045194048544917,0.6104735248799026,486.2261962890625,0.03751615884821783,0.0,0.0,0.6363636363636364,0.0
0.048,0.6087855933332765,0.6079892346161451,0.6138543929196116,488.3691101074219,0.028285683639445607,0.0,0.0,0.6363636363636364,0.0
0.052000000000000005,0.6099969852143393,0.6124449036604288,0.6183185531491819,493.508056640625,0.03612175362335247,0.0,0.0,0.6363636363636364,0.0
0.056,0.615886582221341,0.6140581807075023,0.6186057628771484,492.0100402832031,0.06099021383502499,0.0,0.0,0.6363636363636364,0.0
0.06,0.6152293343254313,0.6159275392161483,0.6216079883502784,493.4683837890625,0.04915072144688106,0.0,0.0,0.6363636363636364,0.0
0.064,0.614494745007728,0.6124577129562753,0.6159298538105188,488.1508483886719,0.0329873640061548,0.0,0.0,0.6363636363636364,0.0
0.068,0.606143654288345,0.6066320679133198,0.6129537377457852,487.198486328125,0.026030112782380488,0.0,0.0,0.6363636363636364,0.0
0.07200000000000001,0.6110667067424536,0.6151209510325121,0.6191409924254223,494.8870849609375,0.021550055923958,0.0,0.0,0.6363636363636364,0.0
0.076,0.615667524484192,0.6133539999670324,0.6214775072446477,493.7759399414063,0.021543915705546594,0.0,0.0,0.6363636363636364,0.0
0.08,0.6154870554879522,0.612649786483369,0.6200154818079239,492.68463134765625,0.0174472387341863,0.0,0.0,0.6363636363636364,0.0
0.084,0.619430633066044,0.6236353581395203,0.6273644851331139,499.5200500488281,0.030519955613896158,0.0,0.0,0.6363636363636364,0.0
0.088,0.6229746931417947,0.6206392894448359,0.6247668916029446,497.5061340332031,0.02636110893112037,0.0,0.0,0.6363636363636364,0.0
0.092,0.6170722624620796,0.6213947346180402,0.6248321730055744,499.3315734863281,0.026298555456054168,0.0,0.0,0.6363636363636364,0.0
0.096,0.6210029406345061,0.6200375479491564,0.6290483991014486,499.033935546875,0.017854411967592694,0.0,0.0,0.6363636363636364,0.0
0.1,0.6229360691778514,0.6255815409212587,0.6313457905865704,501.811767578125,0.023358350246117224,0.0,0.0,0.6363636363636364,0.0
0.10400000000000001,0.6257197783081356,0.6235585739393724,0.6301710063468086,501.61334228515625,0.023794305753327086,0.0,0.0,0.6363636363636364,0.0
0.108,0.6263641437812022,0.6320730255413085,0.6350398424788953,507.6451721191406,0.028301034185474125,0.0,0.0,0.6363636363636364,0.0
0.112,0.6377051175441752,0.6336991043122396,0.6374024641819895,506.0082092285156,0.03541332592413645,0.0,0.0,0.6363636363636364,0.0
0.116,0.6276915221281586,0.6304341572935465,0.6349484261901598,506.0181274414063,0.021707399020750293,0.0,0.0,0.6363636363636364,0.0
0.12,0.6331816615097304,0.6292946563021637,0.6345829846545222,501.26611328125,0.0213270892428938,0.0,0.0,0.6363636363636364,0.0
0.124,0.6277430835292427,0.6236481665138541,0.6286176202836596,501.861328125,0.02617786178790496,0.0,0.0,0.6363636363636364,0.0
0.128,0.6303463426644514,0.6324570846925301,0.6372327462783969,506.8316345214844,0.025622172021672666,0.0,0.0,0.6363636363636364,0.0
0.132,0.6351146911012808,0.638372387795471,0.6412270391969461,509.6392211914063,0.031414508683707945,0.0,0.0,0.6363636363636364,0.0
0.136,0.6371896714541402,0.6341600262273892,0.6409138053682197,508.4388122558594,0.02217021798351006,0.0,0.0,0.6363636363636364,0.0
0.14,0.6390583829875189,0.6375145998904332,0.6427934872927364,508.5082702636719,0.026317167993113746,0.0,0.0,0.6363636363636364,0.0
0.14400000000000002,0.6385943716782816,0.6353764004453349,0.6400261981173425,509.1729431152344,0.04533495946784262,0.0,0.0,0.6363636363636364,0.0
0.148,0.6902216344456114,0.6859509755702722,0.6693437928413308,529.2723388671875,0.09375998385122557,0.0,0.0,0.6363636363636364,0.0
0.152,0.6641503845153528,0.6607918013107271,0.6549330768469799,519.9568481445312,0.05031851423600044,0.0,0.0,0.6363636363636364,0.0
0.156,0.6554770328520209,0.663928642991999,0.6644227501817046,531.3954467773438,0.04335589032111615,0.0,0.0,0.6363636363636364,0.0
0.16,0.6669598183897919,0.6627123249150515,0.6632610399029054,523.5679931640625,0.03150258244154656,0.0,0.0,0.6363636363636364,0.0
0.164,0.6588664377163114,0.6555422108235984,0.6590709234340203,520.7802124023438,0.03569347338915687,0.0,0.0,0.6363636363636364,0.0
0.168,0.6535824876979226,0.6509200647818174,0.6506123229086188,516.7127075195312,0.025568636992398218,0.0,0.0,0.6363636363636364,0.0
0.17200000000000001,0.648169781881894,0.6465283855537752,0.6530402760698089,517.9031982421875,0.024516932707619492,0.0,0.0,0.6363636363636364,0.0
0.176,0.6477831684741562,0.6502799383890427,0.6534449204914656,517.6353759765625,0.03346514975129237,0.0,0.0,0.6363636363636364,0.0
0.18,0.6496518599502293,0.6546203246959241,0.6573348375237786,525.046142578125,0.030534346750797893,0.0,0.0,0.6363636363636364,0.0
0.184,0.6604258515299034,0.6568226573942145,0.652988127844181,516.454833984375,0.03236144549184205,0.0,0.0,0.6363636363636364,0.0
0.188,0.6481181908563551,0.6481800452657707,0.6539931494517053,518.3396606445312,0.03360848547483364,0.0,0.0,0.6363636363636364,0.0
0.192,0.6483888637315999,0.6483720609644412,0.6526095125712386,516.0479736328125,0.04309550668410744,0.0,0.0,0.6363636363636364,0.0
0.196,0.6468681803623303,0.6441725169605186,0.64600459215199,513.0023193359375,0.04030803940715424,0.0,0.0,0.6363636363636364,0.0
0.2,0.6383753049402907,0.6343648559756256,0.6388644363941808,505.7304382324219,0.03593390131632851,0.0,0.0,0.6363636363636364,0.0
0.20400000000000001,0.6317639817470481,0.6290385206624063,0.633499534287016,501.7125244140625,0.04791116485507837,0.0,0.0,0.6363636363636364,0.0
0.20800000000000002,0.624866692098225,0.6257922111423302,0.6323331953286193,501.066650390625,0.030105107107475507,0.415,0.0,0.6363636363636364,0.0
0.212,0.6255895206914995,0.6297678397153186,0.6319278260709955,504.0378112792969,0.04138948537486321,0.0,0.0,0.6363636363636364,0.0
0.216,0.6286618168886745,0.6265103600966687,0.6341636151662811,501.0865173339844,0.03623630707309028,0.0,0.0,0.6363636363636364,0.0
0.22,0.6257314857543096,0.6223935904957909,0.6268286764218471,498.8804626464844,0.05388387043294871,0.0,0.0,0.6363636363636364,0.0
0.224,0.6226851017327598,0.6253561561099245,0.6286460927746901,503.5509033203125,0.02786891631477139,0.0,0.0,0.6363636363636364,0.0
0.228,0.6292555848925611,0.630229512163327,0.6359679136809663,506.4326477050781,0.02928442854042595,0.0,0.0,0.6363636363636364,0.0
0.232,0.6312822450744743,0.6283186211255755,0.6346473385649232,503.5011901855469,0.034937267115427086,0.0,0.0,0.6363636363636364,0.0
0.23600000000000002,0.62071003076495,0.6237017084382465,0.6246059622864656,501.9410705566406,0.0295001037121266,0.0,0.0,0.6363636363636364,0.0
0.24,0.6249957437175028,0.6259973687632401,0.6318101702973212,502.1696472167969,0.026079042647846384,0.0,0.0,0.6363636363636364,0.0
0.244,0.6256540327507607,0.6264590137701946,0.6328953277425529,504.7731323242188,0.024475678115167855,0.0,0.0,0.6363636363636364,0.0
0.248,0.6318115166679279,0.6313580935875602,0.6188007788498017,491.884765625,0.05610797267065538,0.0,0.0,0.6363636363636364,0.0
0.252,0.6176635563552967,0.6175458366586992,0.6222786592064127,495.0646362304688,0.026896267342039523,0.0,0.0,0.6363636363636364,0.0
0.256,0.6219492643274372,0.6188924330041488,0.6257696427189706,495.2733154296875,0.022366896854500426,0.0,0.0,0.6363636363636364,0.0
0.26,0.6239501432354662,0.6201492813310292,0.6244883121804041,497.2209777832031,0.03618488274389475,0.0,0.0,0.6363636363636364,0.0
0.264,0.6230077937668475,0.6200723352895477,0.6260049854409541,497.8569641113281,0.030946125148012843,0.0,0.0,0.6363636363636364,0.0
0.268,0.628687623370074,0.6321019406082755,0.6338106150208854,506.6910095214844,0.040047655770145525,0.0,0.0,0.6363636363636364,0.0
0.272,0.6314501014839856,0.6358467476434884,0.6379291467318204,512.1166381835938,0.027611602786968385,0.0,0.0,0.6363636363636364,0.0
0.276,0.6418932582768307,0.638103945756515,0.6400211397286402,505.8364562988281,0.03253931994394748,0.0,0.0,0.6363636363636364,0.0
0.28,0.6338123665457231,0.6304860372181902,0.636530131935903,506.8102416992188,0.025064947200837524,0.0,0.0,0.6363636363636364,0.0
0.28400000000000003,0.6349354261071701,0.6327688526042184,0.6387920847085562,505.2501525878906,0.03100771921395226,0.0,0.0,0.6363636363636364,0.0
0.28800000000000003,0.6337350039549363,0.6407587317776617,0.6422569590833574,514.6705322265625,0.09540402733087966,0.0,0.0,0.6363636363636364,0.0
0.292,0.6402280510240181,0.6387580072128961,0.6451725342377697,511.21240234375,0.03310997649255757,0.0,0.0,0.6363636363636364,0.0
0.296,0.6379173254542819,0.6347182355162431,0.6383344551299582,506.0252380371094,0.03270760030478509,0.0,0.0,0.6363636363636364,0.0
0.3,0.633502562945097,0.6320121402857262,0.637824550094967,506.9394226074219,0.020684477009775035,0.0,0.0,0.6363636363636364,0.0
0.304,0.630817516185589,0.6288444455698252,0.6353664774152088,503.8390502929688,0.025007190771405233,0.0,0.0,0.6363636363636364,0.0
0.308,0.6330894812061245,0.6338845895345614,0.6374322901171321,508.2411804199219,0.025825758638375867,0.0,0.0,0.6363636363636364,0.0
0.312,0.6349482784788358,0.6376165025638005,0.64038713435605,511.3613586425781,0.028521122639157973,0.0,0.0,0.6363636363636364,0.0
0.316,0.63719445149308,0.6392966162598238,0.6414070353249386,514.6903686523438,0.03257059668148058,0.0,0.0,0.6363636363636364,0.0
0.32,0.6392080849320081,0.6423103619074341,0.6440610841191892,516.439208984375,0.03814303677165736,0.0,0.0,0.6363636363636364,0.0
0.324,0.6428743184582831,0.6437083472545643,0.6427406536558113,512.4942626953125,0.0354386543250835,0.0,0.0,0.6363636363636364,0.0
0.328,0.6421771197252563,0.6422847386864475,0.6483888688162825,514.0940551757812,0.023713523504852018,0.0,0.0,0.6363636363636364,0.0
0.332,0.6441264165820455,0.6558021589399627,0.6525728715897682,525.2435302734375,0.03575660250969914,0.0,0.0,0.6363636363636364,0.0
0.336,0.6566220011738059,0.654224637811671,0.6568090502825301,520.682373046875,0.022759678951005086,0.0,0.0,0.6363636363636364,0.0
0.34,0.6501547092885678,0.6505695098231421,0.6589663096338523,521.5468139648438,0.020357702261192993,0.0,0.0,0.6363636363636364,0.0
0.34400000000000003,0.6489413189991735,0.647209458997122,0.6515268143021246,519.1123046875,0.029913800927595116,0.0,0.0,0.6363636363636364,0.0
0.34800000000000003,0.6454560278782648,0.6462476737651066,0.6413677932244956,507.7443237304688,0.04102414237938452,0.0,0.0,0.6363636363636364,0.0
0.352,0.6412864750164576,0.6370522724669,0.6440481065620693,510.81488037109375,0.022124550109075224,0.0,0.0,0.6363636363636364,0.0
0.356,0.6333089514792262,0.6356031471477078,0.6366216681871489,510.3379211425781,0.022892269292326396,0.0,0.0,0.6363636363636364,0.0
0.36,0.6394147830913983,0.6380526471370397,0.6418515666398237,510.1987915039063,0.022912225002163465,0.0,0.0,0.6363636363636364,0.0
0.364,0.6363425343810946,0.637616597718862,0.6394066248052337,508.3902587890625,0.02457181090967144,0.0,0.0,0.6363636363636364,0.0
0.368,0.6317728162256734,0.6358595822941333,0.6383344576396269,510.3478698730469,0.03283846370967819,0.0,0.0,0.6363636363636364,0.0
0.372,0.6389629670118969,0.6399892341982971,0.6463362265833352,513.5376586914062,0.02285638739098474,0.0,0.0,0.6363636363636364,0.0
0.376,0.6426935754152514,0.6399763736149663,0.6458262692984044,514.4021606445312,0.024622851475216253,0.0,0.0,0.6363636363636364,0.0
0.38,0.6474052771306369,0.648363736263594,0.6519322241149712,517.2640380859375,0.031101741308376923,0.0,0.0,0.6363636363636364,0.0
0.384,0.6490962385057095,0.6467221332777472,0.6531088274109697,517.2838745117188,0.021624314190370947,0.0,0.0,0.6363636363636364,0.0
0.388,0.6495221283148459,0.648517512478173,0.65585452840095,520.3146362304688,0.02451961905317448,0.0,0.0,0.6363636363636364,0.0
0.392,0.6611272380670229,0.6603549476620146,0.6667066697565894,528.1749877929688,0.03066425074656421,0.0,0.0,0.6363636363636364,0.0
0.396,0.6846467463971126,0.6849013866220874,0.6820824743521159,538.6585083007812,0.05225479373567242,0.0,0.0,0.6363636363636364,0.0
0.4,0.6781149811357418,0.6753470330720739,0.6768002616451542,538.1417846679688,0.06383735635966405,0.0,0.0,0.6363636363636364,0.0
0.404,0.6594490515645018,0.6608550607567273,0.6576981656626841,522.4512329101562,0.07343163950931211,0.0,0.0,0.6363636363636364,0.0
0.40800000000000003,0.6573836332522912,0.6536090588656702,0.6485196188741128,514.5512084960938,0.05996786746952581,0.0,0.0,0.6363636363636364,0.0
0.41200000000000003,0.6456754047164469,0.6480174480126002,0.6478528406750172,513.776123046875,0.03764874918953914,0.0,0.0,0.6363636363636364,0.0
0.41600000000000004,0.6352840089353325,0.6359493913018164,0.6390274433210931,511.0931701660156,0.03493170254249175,0.0,0.0,0.6363636363636364,0.0
0.42,0.6372718955806305,0.6350260220920466,0.6373799900563674,503.96826171875,0.03889521352705466,0.0,0.0,0.6363636363636364,0.0
0.424,0.6274096500565034,0.6233169852522835,0.6232984929615304,493.9715576171875,0.04730385887782519,0.0,0.0,0.6363636363636364,0.0
0.428,0.616166198877549,0.6152117370901864,0.6199513747442644,493.6933288574219,0.04080539709847816,0.0,0.0,0.6363636363636364,0.0
0.432,0.6201549850548781,0.6247918397522704,0.6272078402730823,502.8155517578125,0.044799801056923466,0.0,0.0,0.6363636363636364,0.0
0.436,0.6262995231589267,0.6283186756252487,0.631849421237845,505.4786987304688,0.02921611861059905,0.0,0.0,0.6363636363636364,0.0
0.44,0.6321858574025689,0.6309733833539993,0.6276262405653578,507.9232177734375,0.04570816961816092,0.0,0.0,0.6363636363636364,0.0
0.444,0.6334122055808395,0.6333203039223083,0.6304634817207202,500.1226196289063,0.0432102520156706,0.0,0.0,0.6363636363636364,0.0
0.448,0.6178185146891993,0.6308836015376758,0.6254296958159962,506.96923828125,0.04941302390214333,0.0,0.0,0.6363636363636364,0.0
0.452,0.6310111725708313,0.6315504457895739,0.6351964939325634,504.296142578125,0.03135137956316567,0.0,0.0,0.6363636363636364,0.0
0.456,0.6141266090600077,0.6198286649445425,0.6114920265320951,490.6824035644531,0.05960079753761891,0.0,0.0,0.6363636363636364,0.0
0.46,0.6073237214638675,0.6098381449102852,0.6063274709861142,484.0543518066406,0.03931927236109243,0.0,0.0,0.6363636363636364,0.0
0.464,0.6118832607214466,0.6089452532857643,0.5979072955025477,476.308837890625,0.04614489265267221,0.455,0.0,0.6363636363636364,0.0
0.468,0.5935056979108128,0.5901218334790748,0.5884365681422655,470.0268249511719,0.05567508727265121,0.0,0.0,0.6363636363636364,0.0
0.47200000000000003,0.5889792039106151,0.5875263629671815,0.5881090929843926,471.89849853515625,0.06076340951745366,0.0,0.0,0.6363636363636364,0.0
0.47600000000000003,0.5877764335565129,0.5904173104453777,0.5840090514162807,474.8752136230469,0.048480670112736324,0.0,0.0,0.6363636363636364,0.0
0.48,0.6036062868239569,0.6021868355258382,0.6053739025357624,483.3475341796875,0.04404685677422474,0.0,0.0,0.6363636363636364,0.0
0.484,0.6052746265199391,0.6077375016788111,0.6125129354530245,489.8286743164063,0.02232122898006559,0.0,0.0,0.6363636363636364,0.0
0.488,0.6063609570904119,0.6041783443846585,0.6098930699197411,484.5820007324219,0.04069832703992926,0.0,0.0,0.6363636363636364,0.0
0.492,0.604136528632097,0.6088553375610832,0.6120806789202757,487.82757568359375,0.03225303226051565,0.0,0.0,0.6363636363636364,0.0
0.496,0.590686345810976,0.5969573468520448,0.5975143476419715,475.6119689941406,0.061135852140470535,0.0,0.0,0.6363636363636364,0.0
0.5,0.5951352830278254,0.5932055617904404,0.599204148612477,478.7081909179688,0.03754033595821274,0.0,0.0,0.6363636363636364,0.0
0.504,0.598704686267546,0.5958780499421822,0.6023348397016319,481.0178833007813,0.038097752660873244,0.0,0.0,0.6363636363636364,0.0
0.508,0.6017698407058226,0.6073134772885441,0.6095394372135146,488.8430480957031,0.03686433628748195,0.0,0.0,0.6363636363636364,0.0
0.512,0.6072145330319948,0.6070821804586505,0.6149362743701117,489.8385925292969,0.022914911347718458,0.0,0.0,0.6363636363636364,0.0
0.516,0.6006575885591209,0.5969702312545417,0.5973571467074849,476.4382934570313,0.06332541564961303,0.0,0.0,0.6363636363636364,0.0
0.52,0.5910872571613263,0.5992572825943878,0.5983788559221302,481.3265075683594,0.04205147767234298,0.0,0.0,0.6363636363636364,0.0
0.524,0.5952128535643916,0.594657455080766,0.5990076449705707,476.4084167480469,0.03548700854507333,0.0,0.0,0.6363636363636364,0.0
0.528,0.5955749726668713,0.5924346054867012,0.5940037400714373,472.7148742675781,0.04024491028661196,0.0,0.0,0.6363636363636364,0.0
0.532,0.5849829652281638,0.5887984258940707,0.5918554948294199,474.2779235839844,0.03444604964251456,0.0,0.0,0.6363636363636364,0.0
0.536,0.5914493834011384,0.5915094873206005,0.5972523515331147,474.0090942382813,0.04177900548033681,0.0,0.0,0.6363636363636364,0.0
0.54,0.5931047829109207,0.6038443045169659,0.6010380364408023,481.8342590332031,0.04954311977973501,0.0,0.0,0.6363636363636364,0.0
0.544,0.604964181761454,0.6015957645041783,0.6070636320370606,483.7656555175781,0.13063736810283175,0.0,0.0,0.6363636363636364,0.0
0.548,0.6033605491422374,0.6027264906314245,0.6073256609232898,482.7701110839844,0.027264680446723914,0.0,0.0,0.6363636363636364,0.0
0.552,0.6018861999367141,0.6015700461611189,0.6100109572791111,484.6915283203125,0.0228909261195489,0.0,0.0,0.6363636363636364,0.0
0.556,0.6027914750090974,0.6032789527116886,0.6101288442719441,485.8563232421875,0.0059521742225572055,0.0,0.0,0.6363636363636364,0.0
0.56,0.6041235559749412,0.6019426688427826,0.6116090592863895,485.5476989746094,0.011682341173176992,0.0,0.0,0.6363636363636364,0.0
0.5640000000000001,0.6017309851502547,0.6022382196151302,0.6092774178071274,484.9404296875,0.015618221174888577,0.0,0.0,0.6363636363636364,0.0
0.5680000000000001,0.6031147786812795,0.6039470566279495,0.6110064906435443,485.3187255859375,0.02147272754833935,0.0,0.0,0.6363636363636364,0.0
0.5720000000000001,0.6055850071754355,0.6019684236505903,0.6081246986944726,481.4758605957031,0.024652401276321147,0.0,0.0,0.6363636363636364,0.0
0.5760000000000001,0.6011231732194723,0.5974970167908089,0.5909123420898194,470.84320068359375,0.04378301926435962,0.0,0.0,0.6363636363636364,0.0
0.58,0.5877635494404666,0.586459969689868,0.5900478267091903,470.7536315917969,0.04316650295948933,0.0,0.0,0.6363636363636364,0.0
0.584,0.5874272537515981,0.5898905390573989,0.5903752778861955,476.3885192871094,0.038920925691652425,0.0,0.0,0.6363636363636364,0.0
0.588,0.5951352468064756,0.603972796268066,0.6011166247534404,481.3265075683594,0.04376882000928324,0.0,0.0,0.6363636363636364,0.0
0.592,0.5970492960302471,0.5949272674049289,0.5983788680186027,475.9902648925781,0.029566494823699933,0.0,0.0,0.6363636363636364,0.0
0.596,0.5877635152050714,0.5912782221528551,0.5935845935224637,477.1550903320313,0.03019663473817053,0.0,0.0,0.6363636363636364,0.0
0.6,0.5911390073251102,0.5927815022299688,0.598143087622033,475.06439208984375,0.03984617985352125,0.0,0.0,0.6363636363636364,0.0
0.604,0.588565352082034,0.5860873165860943,0.5853975970130945,468.5832824707031,0.04948996851411128,0.0,0.0,0.6363636363636364,0.0
0.608,0.5779345364976982,0.5763479627626169,0.5738964895176756,457.3433227539063,0.048796315715447694,0.0,0.0,0.6363636363636364,0.0
0.612,0.5749082469852358,0.5712726788792826,0.5722328586768617,454.6353759765625,0.03928185540514792,0.0,0.0,0.6363636363636364,0.0
0.616,0.5667734663057089,0.5699107086276292,0.5729926304943396,457.8211669921875,0.060428959495857366,0.0,0.0,0.6363636363636364,0.0
0.62,0.5582249163645505,0.5617003774959538,0.5635612356418155,452.5048828125,0.04485448737715006,0.0,0.0,0.6363636363636364,0.0
0.624,0.5600096434648982,0.5564195407219501,0.5496760572442394,442.1410217285156,0.06759344309101664,0.0,0.0,0.6363636363636364,0.0
0.628,0.5535690401036941,0.5566122367608587,0.5575617765077193,449.1398620605469,0.04335665784841758,0.0,0.0,0.6363636363636364,0.0
0.632,0.559065486843163,0.5800740758672098,0.5651985785072027,463.8841857910156,0.06763124381061186,0.0,0.0,0.6363636363636364,0.0
0.636,0.5764472870884852,0.5841214706760939,0.580223408655882,468.1950073242188,0.05092025564031828,0.0,0.0,0.6363636363636364,0.0
0.64,0.5872979459258029,0.5951970740480523,0.5948421004113204,478.4493103027344,0.050771930989317746,0.0,0.0,0.6363636363636364,0.0
0.644,0.5995970851240915,0.5963149318280659,0.6011821321738962,479.4946899414063,0.06547295703900247,0.0,0.0,0.6363636363636364,0.0
0.648,0.5437012774135265,0.5433266306530049,0.5265428416157727,431.57806396484375,0.24196566812004355,0.0,0.0,0.6363636363636364,0.0
0.652,0.5426408400054831,0.5396005233160476,0.5336557662435363,428.38232421875,0.10709481130437234,0.0,0.0,0.6363636363636364,0.0
0.656,0.5310917577418226,0.5282164844582747,0.5281540715098046,421.4929809570313,0.07572808119517815,0.0,0.0,0.6363636363636364,0.0
0.66,0.5204480202838485,0.5170508816479178,0.5102212341874793,409.3868713378906,0.1125774507002823,0.0,0.0,0.6363636363636364,0.0
0.664,0.5062089324627216,0.5141599069719139,0.5111119677721373,412.3536682128906,0.08108638116825713,0.0,0.0,0.6363636363636364,0.0
0.668,0.5016048346936288,0.4993838233628013,0.48894813200452963,391.9246520996094,0.12191269338569916,0.0,0.0,0.6363636363636364,0.0
0.672,0.4909093878608661,0.49101931388794184,0.4897341014677295,399.3615417480469,0.09740190089649106,0.0,0.0,0.6363636363636364,0.0
0.676,0.4982552461469392,0.507851209576971,0.5001479514244119,411.7662963867188,0.08198457999275069,0.0,0.0,0.6363636363636364,0.0
0.68,0.5173570601877454,0.5191452475341672,0.5156443348900764,411.437744140625,0.0807899237480814,0.0,0.0,0.6363636363636364,0.0
0.684,0.5129081562070764,0.5098684391210054,0.500331362742189,402.57720947265625,0.0762482728237195,0.0,0.0,0.6363636363636364,0.0
0.6880000000000001,0.4984492122421325,0.4966856113858583,0.4964015794042504,400.0584106445313,0.07300815632075042,0.0,0.0,0.6363636363636364,0.0
0.6920000000000001,0.4977379392954279,0.49583760642321084,0.49645396561458494,399.5407409667969,0.0601313507847295,0.0,0.0,0.6363636363636364,0.0
0.6960000000000001,0.4909740444794091,0.4893875038376524,0.49184306230890756,395.1004943847656,0.056269153403954796,0.0,0.0,0.6363636363636364,0.0
0.7000000000000001,0.48956437062729113,0.4920086653317215,0.49418783367428915,397.828369140625,0.039277250241339365,0.0,0.0,0.6363636363636364,0.0
0.704,0.49405796503230553,0.49559744249402393,0.4958322951891421,397.5988464355469,0.04889168098264985,0.455,0.0,0.6363636363636364,0.0
0.708,0.48812117178682585,0.49004698412399395,0.4938497836509022,396.37152099609375,0.05998475307015717,0.0,0.0,0.6363636363636364,0.0
0.712,0.48668234139571026,0.48391697430103364,0.4780160632956639,383.6390686035156,0.07768220570460828,0.0,0.0,0.6363636363636364,0.0
0.716,0.4726052556231904,0.4761901519732702,0.47619113087278137,388.1593017578125,0.059734347288067,0.0,0.0,0.6363636363636364,0.0
0.72,0.4808881716583017,0.49178552072602655,0.48728521876263536,399.7342224121094,0.07842517213238846,0.0,0.0,0.6363636363636364,0.0
0.724,0.4992688195130715,0.4995381299610846,0.498549983723165,400.851806640625,0.060734435361824844,0.0,0.0,0.6363636363636364,0.0
0.728,0.48134187695549396,0.48579723076921677,0.48691761997763533,391.8912048339844,0.09328008740600907,0.0,0.0,0.6363636363636364,0.0
0.732,0.48390838010150367,0.4914249286248248,0.48790228110885764,397.6886291503906,0.06278565207488533,0.0,0.0,0.6363636363636364,0.0
0.736,0.48427136481138194,0.49852076950573565,0.4905806295090948,403.0570068359375,0.0680130886430712,0.0,0.0,0.6363636363636364,0.0
0.74,0.4948097382842795,0.5040969631800309,0.5006112405628877,404.32427978515625,0.06342481043514768,0.0,0.0,0.6363636363636364,0.0
0.744,0.49889292076674935,0.5048438786465327,0.5059810420986354,409.79241943359375,0.06955217276425532,0.0,0.0,0.6363636363636364,0.0
0.748,0.5050889409152027,0.5066983344604395,0.5113771316740562,408.0761413574219,0.054436873853626014,0.0,0.0,0.6363636363636364,0.0
0.752,0.49954104177355346,0.5030409561850675,0.5047994332910626,408.5251770019531,0.05253340614608999,0.0,0.0,0.6363636363636364,0.0
0.756,0.5061648157459164,0.5030281251710087,0.5040510852169885,404.8830871582031,0.055554585486327364,0.0,0.0,0.6363636363636364,0.0
0.76,0.5003835956406119,0.5014956164290499,0.5022917774875222,404.0049743652344,0.04366884957827253,0.0,0.0,0.6363636363636364,0.0
0.764,0.49916513447624383,0.49777383430392763,0.5024493253942328,400.9914855957031,0.04703023539486689,0.0,0.0,0.6363636363636364,0.0
0.768,0.4944597922398943,0.49607392237692116,0.4926550314526434,394.6951293945313,0.0462321988832094,0.0,0.0,0.6363636363636364,0.0
0.772,0.49066181060977104,0.4907037645517921,0.49336399838434913,399.0856323242188,0.04793169621039151,0.0,0.0,0.6363636363636364,0.0
0.776,0.49351349924939153,0.4955587809853701,0.49725019179615687,398.5467834472656,0.045043107211475454,0.0,0.0,0.6363636363636364,0.0
0.78,0.4894433491388344,0.48731682507905016,0.48838806204532265,390.9432678222656,0.04442946913398551,0.0,0.0,0.6363636363636364,0.0
0.784,0.4803307958369912,0.4802209776536329,0.4832151856667605,388.1792297363281,0.042952554724216885,0.0,0.0,0.6363636363636364,0.0
0.788,0.47604027950394084,0.47315094409615666,0.474103611135091,381.0447082519531,0.09229381482367689,0.0,0.0,0.6363636363636364,0.0
0.792,0.47229413554266336,0.4734213739646041,0.47615174897239493,382.1722717285156,0.05166648405912953,0.0,0.0,0.6363636363636364,0.0
0.796,0.47029789514335607,0.4673171474971105,0.46324583475650116,371.9344177246094,0.07671377813203425,0.0,0.0,0.6363636363636364,0.0
0.8,0.4632464252524057,0.4603501199907024,0.4603311967695135,370.2381286621094,0.054546822139555265,0.0,0.0,0.6363636363636364,0.0
0.804,0.4553393677647923,0.4573366495287928,0.45450187001104503,365.1790771484375,0.06539850689076417,0.0,0.0,0.6363636363636364,0.0
0.808,0.44377689234536494,0.44153522460206185,0.4431057972554481,355.9989318847656,0.06740712583859552,0.0,0.0,0.6363636363636364,0.0
0.812,0.44377689607069104,0.44528271821433124,0.44280381718759076,358.1842041015625,0.08067306771643933,0.0,0.0,0.6363636363636364,0.0
0.8160000000000001,0.44721191218072276,0.4549928049639063,0.45171848424591887,369.3699951171875,0.0815315470030841,0.0,0.0,0.6363636363636364,0.0
0.8200000000000001,0.45880029043473125,0.4563965258604411,0.45845373400029166,368.57171630859375,0.051162026740267416,0.0,0.0,0.6363636363636364,0.0
0.8240000000000001,0.4506599078025742,0.45594581011287594,0.4531364093874559,372.6528625488281,0.04095755938598583,0.0,0.0,0.6363636363636364,0.0
0.8280000000000001,0.4588002734176497,0.456061705294752,0.46016048429678086,372.0741271972656,0.025698157224513823,0.0,0.0,0.6363636363636364,0.0
0.8320000000000001,0.45471714247274897,0.4544133197942272,0.45630053355939154,371.48541259765625,0.03586156186816913,0.0,0.0,0.6363636363636364,0.0
0.836,0.4736940945851031,0.4705753272951568,0.46266817501000707,373.52099609375,0.05816110820196944,0.0,0.0,0.6363636363636364,0.0
0.84,0.4575170292157708,0.45576551303007423,0.45694385618250066,372.26373291015625,0.05311557560422148,0.0,0.0,0.6363636363636364,0.0
0.844,0.45813924534398415,0.4585214514085764,0.46085635128586777,370.0684814453125,0.048655858219286766,0.0,0.0,0.6363636363636364,0.0
0.848,0.45895584291869557,0.4699829462956621,0.46215612095826236,383.539306640625,0.06330545993977596,0.0,0.0,0.6363636363636364,0.0
0.852,0.47750503347200585,0.4830541990364221,0.4825062285540614,392.2604064941406,0.06668008560231992,0.0,0.0,0.6363636363636364,0.0
0.856,0.4905710694044734,0.508398253918105,0.4959110524193568,410.3312683105469,0.08118424089918892,0.0,0.0,0.6363636363636364,0.0
0.86,0.5189068055957344,0.5167046462338283,0.5161430122486771,419.3517456054688,0.07461996365374463,0.0,0.0,0.6363636363636364,0.0
0.864,0.5253361779065068,0.5305614524542099,0.5273683859025207,421.8762817382813,0.08790931511428192,0.0,0.0,0.6363636363636364,0.0
0.868,0.5205789591424055,0.5199370167407849,0.5216046800916595,417.1664733886719,0.04764099524497648,0.0,0.0,0.6363636363636364,0.0
0.872,0.5193993895672415,0.5248951009065534,0.5227863425705175,423.2433166503906,0.05621101321087179,0.0,0.0,0.6363636363636364,0.0
0.876,0.5271119926482286,0.5332916164991979,0.5312808487773324,431.984375,0.0510871928283784,0.0,0.0,0.6363636363636364,0.0
0.88,0.518945715069524,0.5203620037579877,0.515184557816686,414.8514709472656,0.06822185606905902,0.0,0.0,0.6363636363636364,0.0
0.884,0.5151606912108317,0.5220232949508748,0.5209482194070176,423.7023010253906,0.047401526726931625,0.0,0.0,0.6363636363636364,0.0
0.888,0.5221733461902914,0.5248049345346807,0.5226156475669357,423.9018859863281,0.053944505089761355,0.0,0.0,0.6363636363636364,0.0
0.892,0.5250120982428333,0.5284237034205786,0.52895697568003,428.3222961425781,0.053120948295331455,0.0,0.0,0.6363636363636364,0.0
0.896,0.5250250248734203,0.5244314785568963,0.5268432005456116,423.5426330566406,0.0681840553494638,0.0,0.0,0.6363636363636364,0.0
0.9,0.5071758813160282,0.5084626833261183,0.4975915910036078,406.8987121582031,0.13077801748081805,0.0,0.0,0.6363636363636364,0.0
0.904,0.5097553669474966,0.5119268396963031,0.5139110423159072,413.5443115234375,0.0549137001896368,0.0,0.0,0.6363636363636364,0.0
0.908,0.5081221320258212,0.5166531135299172,0.5143836679219866,412.72607421875,0.04857027892517779,0.0,0.0,0.6363636363636364,0.0
0.912,0.5130219220896172,0.5115018917838192,0.5117578620476083,410.4909362792969,0.04403112246454551,0.0,0.0,0.6363636363636364,0.0
0.916,0.5035334439910938,0.5136139060328185,0.506913208413531,413.0653381347656,0.05282890415713893,0.0,0.0,0.6363636363636364,0.0
0.92,0.5192308695052615,0.5259253688821794,0.5248344765244567,419.8606262207031,0.06176388135486221,0.0,0.0,0.6363636363636364,0.0
0.924,0.5157051371737712,0.5138843408844245,0.5185850059039359,414.2228393554688,0.05877321122485652,0.0,0.0,0.6363636363636364,0.0
0.928,0.5033649243403733,0.5062347432288086,0.5074252601594677,411.7681579589844,0.06313679581528764,0.0,0.0,0.6363636363636364,0.0
0.932,0.5119330611634993,0.5098534714539249,0.50892198491715,406.8887023925781,0.0687710218532292,0.0,0.0,0.6363636363636364,0.0
0.936,0.4973115341425188,0.498018530713083,0.5015565656156843,404.3342590332031,0.051641539421833194,0.0,0.0,0.6363636363636364,0.0
0.9400000000000001,0.49897071048401226,0.5051401077441404,0.5013596312013021,408.5451354980469,0.04667256767240246,0.0,0.0,0.6363636363636364,0.0
0.9440000000000001,0.5116608265676151,0.5261700334655106,0.5171539213818069,421.0081481933594,0.0921364717268846,0.0,0.0,0.6363636363636364,0.0
0.9480000000000001,0.5147070204022668,0.522242220921463,0.5206987836171583,422.6246643066406,0.05720035590240967,0.0,0.0,0.6363636363636364,0.0
0.9520000000000001,0.531921034271101,0.5320038198379644,0.5218541349886703,416.5178833007813,0.05807265068048011,0.0,0.0,0.6363636363636364,0.0
0.9560000000000001,0.5115312381696171,0.5183530266572038,0.5150401187663484,420.1499938964844,0.04818171822883097,0.0,0.0,0.6363636363636364,0.0
0.96,0.526437906484769,0.5250025011720033,0.5220121851569918,419.0899963378906,0.05495418725478702,0.455,0.0,0.6363636363636364,0.0
0.964,0.519669894160488,0.5224987372120315,0.5228279461398021,418.5700073242188,0.03767868275429474,0.0,0.0,0.6363636363636364,0.0
0.968,0.5156298442079038,0.5165232605256846,0.5184728039997363,416.0299987792969,0.05304400368336352,0.0,0.0,0.6363636363636364,0.0
0.972,0.5085890435751933,0.5115802861550631,0.5139466074303155,412.6700134277344,0.050172492166904184,0.0,0.0,0.6363636363636364,0.0
0.976,0.5111481634231869,0.5290678781137105,0.5180123222636234,426.989990234375,0.08538088830155993,0.0,0.0,0.6363636363636364,0.0
0.98,0.536570440092017,0.5559639431098614,0.5439194792763343,450.239990234375,0.14755808310823995,0.0,0.0,0.6363636363636364,0.0
0.984,0.5785166078866226,0.5766006375920192,0.5780106672003685,460.5199890136719,0.097619878650096,0.0,0.0,0.6363636363636364,0.0
0.988,0.5551857743219202,0.5600551572256718,0.5545376227481009,441.30999755859375,0.06578265430512778,0.0,0.0,0.6363636363636364,0.0
0.992,0.5442348361456828,0.5431354316941892,0.53324873455986,427.3399963378906,0.06962067457590758,0.0,0.0,0.6363636363636364,0.0
0.996,0.5408053388363365,0.5376632678856853,0.5360907677653304,428.0499877929688,0.04633101802326797,0.0,0.0,0.6363636363636364,0.0
1.0,0.5311014725709062,0.5290420803255435,0.5202885507826996,416.6700134277344,0.060692025640784554,0.0,0.0,0.6363636363636364,0.0
0.0,0.19581763224865772,0.19920001508798424,0.19903370448097285,173.07984924316406,0.06327859648422605,0.0,0.0,0.36363636363636365,0.0
0.004,0.20089396966709172,0.2020084821796671,0.20395216403865563,175.6939697265625,0.0502384995148268,0.105,0.0,0.36363636363636365,0.0
0.008,0.2030455185083866,0.20798336896202047,0.20466106381014745,178.1983184814453,0.11323368654300137,0.0,0.0,0.36363636363636365,0.0
0.012,0.2076727027475013,0.2070304821946059,0.207076616223681,176.95114135742188,0.05544022391841492,0.0,0.0,0.36363636363636365,0.0
0.016,0.20301960142114062,0.20233039657765808,0.20445102282498354,175.30484008789062,0.034899466395831864,0.0,0.0,0.36363636363636365,0.0
0.02,0.19817209738086827,0.2028583402744302,0.20135281039464065,174.2771453857422,0.04779622764168985,0.0,0.0,0.36363636363636365,0.0
0.024,0.20114024069142927,0.20261370524604524,0.20431974946393994,176.37245178222656,0.047270663322038525,0.0,0.0,0.36363636363636365,0.0
0.028,0.20239746482268187,0.20315451805688528,0.2042278471090005,175.5542755126953,0.042634414657775885,0.0,0.0,0.36363636363636365,0.0
0.032,0.2027992669879431,0.20212436466565178,0.2024161911633358,172.93020629882812,0.04980024142571266,0.0,0.0,0.36363636363636365,0.0
0.036000000000000004,0.20012924431190268,0.19926566653241412,0.1922551612842139,166.2652130126953,0.13989336359437637,0.0,0.0,0.36363636363636365,0.0
0.04,0.19017501358575814,0.190251782215406,0.1877128687445068,164.81846618652344,0.10537593391282922,0.0,0.0,0.36363636363636365,0.0
0.044,0.19101752320671786,0.19138499822915675,0.19313475453829432,166.3949432373047,0.07247453296443411,0.0,0.0,0.36363636363636365,0.0
0.048,0.19193774611028225,0.19671602415322215,0.1949988869900266,170.29611206054688,0.06279351922972494,0.0,0.0,0.36363636363636365,0.0
0.052000000000000005,0.19815915184529564,0.1984286924620081,0.198136495928803,173.1497039794922,0.05572785477462424,0.0,0.0,0.36363636363636365,0.0
0.056,0.19959782008355964,0.20485425195257534,0.2004863603035085,178.1284637451172,0.20221715611562874,0.0,0.0,0.36363636363636365,0.0
0.06,0.20898179876947845,0.20813791995591133,0.2042278723714373,175.8336639404297,0.11632835662235026,0.0,0.0,0.36363636363636365,0.0
0.064,0.20244931659659313,0.20151913477267097,0.20284940446129351,175.44451904296875,0.06360997639661665,0.0,0.0,0.36363636363636365,0.0
0.068,0.2021900704459507,0.20508605160373425,0.2048711136904679,178.23822021484375,0.050608831437764755,0.0,0.0,0.36363636363636365,0.0
0.07200000000000001,0.20602660719994814,0.2061290855646405,0.20747044505959997,179.126220703125,0.036334358685847425,0.0,0.0,0.36363636363636365,0.0
0.076,0.20675245576590165,0.20565266709960459,0.20567192540726476,176.39239501953125,0.06029253151802893,0.0,0.0,0.36363636363636365,0.0
0.08,0.20518415454016153,0.20391426676034663,0.20190420773073023,173.96786499023438,0.07231757363129254,0.0,0.0,0.36363636363636365,0.0
0.084,0.2018142281738712,0.20583294260853638,0.2018517067503086,176.2227783203125,0.07727407306207511,0.0,0.0,0.36363636363636365,0.0
0.088,0.202306729784552,0.20453232541165375,0.20396527538540415,177.2205047607422,0.050845805492079975,0.0,0.0,0.36363636363636365,0.0
0.092,0.20381023340706297,0.2083954284964583,0.20672214804150363,179.7847442626953,0.06049842071663639,0.0,0.0,0.36363636363636365,0.0
0.096,0.20927987338903087,0.21127987258466077,0.2109230855908317,181.1516571044922,0.05714758840043664,0.0,0.0,0.36363636363636365,0.0
0.1,0.21161291604687282,0.21198812618152135,0.2134436860854408,181.59068298339844,0.05889697500221144,0.0,0.0,0.36363636363636365,0.0
0.10400000000000001,0.21217023885748398,0.2121297530436137,0.21400815761572609,182.55848693847656,0.05823670964115988,0.0,0.0,0.36363636363636365,0.0
0.108,0.210744513411025,0.21178208770119497,0.21197333989847367,183.1671295166016,0.056103751270497534,0.0,0.0,0.36363636363636365,0.0
0.112,0.21496985094701868,0.21482103345370168,0.21621366416552484,184.64378356933597,0.05998340989737968,0.0,0.0,0.36363636363636365,0.0
0.116,0.21607156109629674,0.21980440705267196,0.21941686381943382,189.6724548339844,0.08260359076135061,0.0,0.0,0.36363636363636365,0.0
0.12,0.2228762228495993,0.22155568915771226,0.22113665676368643,190.90966796875,0.0804105733793517,0.0,0.0,0.36363636363636365,0.0
0.124,0.22287621077136174,0.22268885565660612,0.22339463316751546,189.8021545410156,0.10731566728535762,0.0,0.0,0.36363636363636365,0.0
0.128,0.2300437691698468,0.2296681629482682,0.22578392800253036,191.73779296875,0.13840013922945246,0.0,0.0,0.36363636363636365,0.0
0.132,0.2234983407157617,0.22500670820183027,0.226125244790043,192.7455139160156,0.07105767756600206,0.0,0.0,0.36363636363636365,0.0
0.136,0.22566287521597933,0.22464616616564897,0.22557388465978231,192.1468811035156,0.0678985351933334,0.0,0.0,0.36363636363636365,0.0
0.14,0.22408160794296275,0.22705415557969816,0.22720176195214084,195.30975341796875,0.07413411887194209,0.0,0.0,0.36363636363636365,0.0
0.14400000000000002,0.22819033527449312,0.22921749400639702,0.23062815628910768,196.08799743652344,0.05697259217571156,0.0,0.0,0.36363636363636365,0.0
0.148,0.22833290099003417,0.22714429445462925,0.22590207876338406,191.4683990478516,0.09320717231237362,0.0,0.0,0.36363636363636365,0.0
0.152,0.21967478234949922,0.220499774236384,0.22160924900517262,188.7046356201172,0.061552427583319407,0.0,0.0,0.36363636363636365,0.0
0.156,0.22130787314736186,0.22621712867095134,0.2246286432084373,194.601318359375,0.0552494933840106,0.0,0.0,0.36363636363636365,0.0
0.16,0.2270367636098436,0.22955226481980578,0.22957789352007676,194.23216247558597,0.055354836506131294,0.0,0.0,0.36363636363636365,0.0
0.164,0.22676457505611064,0.2279684106997975,0.2292890831562678,195.6489715576172,0.036091052531295444,0.0,0.0,0.36363636363636365,0.0
0.168,0.2300826546906588,0.22914020639030008,0.23015553999718477,196.07801818847656,0.04522251671818374,0.0,0.0,0.36363636363636365,0.0
0.17200000000000001,0.23029002425687584,0.23566881791115035,0.2338838569720407,200.96697998046875,0.06986014309395243,0.0,0.0,0.36363636363636365,0.0
0.176,0.23511162540085578,0.23421373712241128,0.2363782004466133,200.5479431152344,0.04428344706488925,0.0,0.0,0.36363636363636365,0.0
0.18,0.23566894690452278,0.23810258178851462,0.23837363197189007,202.88267517089844,0.05304381180153816,0.0,0.0,0.36363636363636365,0.0
0.184,0.23924625152323875,0.23814120308059317,0.23433021403625084,201.5057830810547,0.04910064029046303,0.0,0.0,0.36363636363636365,0.0
0.188,0.235837430422712,0.23802530421215523,0.23921380073084716,202.4835662841797,0.0431283184762434,0.0,0.0,0.36363636363636365,0.0
0.192,0.23888333754142232,0.24060070549491236,0.23927945439731044,203.44140625,0.061742774354073,0.0,0.0,0.36363636363636365,0.0
0.196,0.239336969623143,0.23909410473589104,0.24086794558307253,203.0423126220703,0.03026494466799743,0.0,0.0,0.36363636363636365,0.0
0.2,0.23782051844491553,0.2367376297359366,0.23754658722997576,201.11666870117188,0.04122830464156379,0.0,0.0,0.36363636363636365,0.0
0.20400000000000001,0.2348394184658698,0.2339561895882012,0.23313558367083778,198.8717193603516,0.05027610835259667,0.0,0.0,0.36363636363636365,0.0
0.20800000000000002,0.2335692308450733,0.23550142805455898,0.236850782471863,199.30075073242188,0.032659629848445976,0.0,0.0,0.36363636363636365,0.0
0.212,0.23743166221382078,0.2433048506219903,0.23930571192081931,205.62648010253903,0.07689299575691719,0.0,0.0,0.36363636363636365,0.0
0.216,0.2422273286161647,0.24585451719124823,0.24453064381949405,208.02110290527344,0.05214388604061639,0.0,0.0,0.36363636363636365,0.0
0.22,0.24362714440748412,0.24241637226837526,0.2450820155546337,206.67413330078125,0.049333201062795054,0.0,0.0,0.36363636363636365,0.0
0.224,0.2412811668029049,0.2437813288603966,0.24501637406402169,207.01336669921875,0.03889252718149967,0.0,0.0,0.36363636363636365,0.0
0.228,0.2432901647130588,0.24804360170862877,0.24665737046434486,211.1640167236328,0.05676900555900836,0.0,0.0,0.36363636363636365,0.0
0.232,0.2475155033969052,0.2511726768890842,0.25098958097459434,212.43115234375,0.0709473455164221,0.0,0.0,0.36363636363636365,0.0
0.23600000000000002,0.24483253999747806,0.24734822034036302,0.24573840361636753,210.87466430664065,0.08590376627565627,0.0,0.0,0.36363636363636365,0.0
0.24,0.2678646579534307,0.2726256973093004,0.270143255420676,230.1412353515625,0.19299896134367933,0.0,0.0,0.36363636363636365,0.0
0.244,0.27232329970086167,0.27399064624798153,0.27187614866463367,231.7775421142578,0.09388835279238904,0.0,0.0,0.36363636363636365,0.0
0.248,0.27562841705461866,0.27835593324065155,0.27947722022912425,234.47146606445312,0.08411139814500163,0.0,0.0,0.36363636363636365,0.0
0.252,0.28013971458568426,0.28168204341237046,0.28207523925896394,233.72247314453125,0.057028813550541,0.105,0.0,0.36363636363636365,0.0
0.256,0.2784532632641484,0.2846979617909045,0.28149710970536884,239.30491638183597,0.06774790796042858,0.0,0.0,0.36363636363636365,0.0
0.26,0.2845893860868663,0.28623167558335794,0.2875676417037443,238.84552001953125,0.06214515054184549,0.0,0.0,0.36363636363636365,0.0
0.264,0.2858607508233406,0.28699210460987384,0.28546529726005054,240.0438995361328,0.05343026179780606,0.0,0.0,0.36363636363636365,0.0
0.268,0.2864963913569534,0.2867729876836389,0.28776472754708965,240.4733123779297,0.046085601168637066,0.0,0.0,0.36363636363636365,0.0
0.272,0.29206174661458095,0.3000867865662875,0.29651576735742324,251.2686462402344,0.10674366756397002,0.0,0.0,0.36363636363636365,0.0
0.276,0.30168757955837017,0.3008987468756989,0.3028359540025432,250.8192596435547,0.060166081395119024,0.0,0.0,0.36363636363636365,0.0
0.28,0.30057191736560895,0.2990428245709845,0.2986443917087994,249.19146728515625,0.06016281940408796,0.0,0.0,0.36363636363636365,0.0
0.28400000000000003,0.3011686616939492,0.30212317465861593,0.3032695731355783,251.6880798339844,0.054658689243738075,0.0,0.0,0.36363636363636365,0.0
0.28800000000000003,0.3032054079444179,0.30471375428818204,0.3059106466508744,254.3744354248047,0.10134718310764511,0.0,0.0,0.36363636363636365,0.0
0.292,0.30473617752418214,0.30443019207499694,0.30392654671714747,252.18739318847656,0.05667536722823441,0.0,0.0,0.36363636363636365,0.0
0.296,0.3029329686731858,0.30260004398718404,0.3041630644040633,251.31858825683597,0.045810058867425195,0.0,0.0,0.36363636363636365,0.0
0.3,0.3011427147536184,0.30000945013816166,0.2988546215715996,246.80470275878903,0.04882835998028222,0.0,0.0,0.36363636363636365,0.0
0.304,0.29172445106159584,0.2924568227310197,0.29136502248740004,245.45654296875,0.054238276164382086,0.0,0.0,0.36363636363636365,0.0
0.308,0.2951882063246143,0.29623313003692153,0.2982370676872605,246.2055206298828,0.030220044320864017,0.0,0.0,0.36363636363636365,0.0
0.312,0.29620007726086667,0.2984628227774714,0.29403236368351776,243.71890258789065,0.05708848879822685,0.0,0.0,0.36363636363636365,0.0
0.316,0.2896617734440206,0.28833249185285753,0.28940719840046036,242.77020263671875,0.061345387093759786,0.0,0.0,0.36363636363636365,0.0
0.32,0.28698937549239856,0.2922119360072428,0.2885662598539585,244.5677490234375,0.05546209844650555,0.0,0.0,0.36363636363636365,0.0
0.324,0.29269739529997174,0.2928692260856864,0.2934147930911348,245.35667419433597,0.04361358761256987,0.0,0.0,0.36363636363636365,0.0
0.328,0.29184121917793265,0.29221193621438296,0.29257386908924427,245.01715087890625,0.05275925105453454,0.0,0.0,0.36363636363636365,0.0
0.332,0.292217415794115,0.2986819492489752,0.2964106490891806,250.0902404785156,0.05015944420277994,0.0,0.0,0.36363636363636365,0.0
0.336,0.29674493427356347,0.297547752909623,0.2976457786957466,245.42657470703125,0.039196467992864296,0.0,0.0,0.36363636363636365,0.0
0.34,0.29245094539637,0.29183816131823415,0.2954120485368062,244.2881317138672,0.03560021882203363,0.0,0.0,0.36363636363636365,0.0
0.34400000000000003,0.29181525523072266,0.2902270874267347,0.28927578178215757,241.2023162841797,0.048235637021756136,0.0,0.0,0.36363636363636365,0.0
0.34800000000000003,0.2878715258002361,0.28936358225142766,0.2849265681655958,236.2490692138672,0.05838273171025613,0.0,0.0,0.36363636363636365,0.0
0.352,0.28628883837410707,0.2898919931931986,0.2900116201683373,243.8187561035156,0.0426766286593543,0.0,0.0,0.36363636363636365,0.0
0.356,0.28761204410775565,0.2932687588994851,0.29106277103770006,245.1169891357422,0.03714390810702631,0.0,0.0,0.36363636363636365,0.0
0.36,0.29542169221276293,0.2997001171561736,0.29826333711099895,250.68942260742188,0.04653863415830366,0.0,0.0,0.36363636363636365,0.0
0.364,0.30128541870159725,0.30595101985499173,0.3036637542623468,251.1188507080078,0.048437304820205765,0.0,0.0,0.36363636363636365,0.0
0.368,0.29997514295464617,0.3024195826442633,0.3006547466123177,252.9563446044922,0.05165017410397423,0.0,0.0,0.36363636363636365,0.0
0.372,0.30507349200151673,0.3064278982441062,0.30909044299123845,256.2019348144531,0.037601738142326806,0.0,0.0,0.36363636363636365,0.0
0.376,0.30513835073655143,0.30327023631930977,0.2958456255794157,250.1202087402344,0.08549908750597951,0.0,0.0,0.36363636363636365,0.0
0.38,0.30465835003919683,0.3051777125661791,0.3025994316334508,251.3485412597656,0.061930818542922324,0.0,0.0,0.36363636363636365,0.0
0.384,0.3028551398771078,0.30347645581216076,0.3059632204024373,252.73666381835935,0.03290293600299796,0.0,0.0,0.36363636363636365,0.0
0.388,0.30752532798674415,0.3120343851666525,0.3105226769867079,259.5673828125,0.04969969534922588,0.0,0.0,0.36363636363636365,0.0
0.392,0.3182149487481872,0.322938049273031,0.32229581302737675,268.9046630859375,0.06232571133950591,0.0,0.0,0.36363636363636365,0.0
0.396,0.3245327465502743,0.32369850346820445,0.32521286439527775,267.1071472167969,0.051778734926963055,0.0,0.0,0.36363636363636365,0.0
0.4,0.32201600067297154,0.32964005662560014,0.32675021081718786,274.197509765625,0.07833844154732734,0.0,0.0,0.36363636363636365,0.0
0.404,0.3529432169382034,0.35058383527218,0.34303027142934034,281.09814453125,0.13838920196540713,0.0,0.0,0.36363636363636365,0.0
0.40800000000000003,0.3420719478860063,0.34337914683740794,0.33904891203072773,280.8085021972656,0.07006372971065562,0.0,0.0,0.36363636363636365,0.0
0.41200000000000003,0.3407357674777076,0.34277340592898736,0.34268860994699757,283.3350830078125,0.051869686912182016,0.0,0.0,0.36363636363636365,0.0
0.41600000000000004,0.33369150437386175,0.3372828739268447,0.33803715975264165,277.1634521484375,0.05243074936952429,0.0,0.0,0.36363636363636365,0.0
0.42,0.3364417358758144,0.3439204684125909,0.33945622766511013,283.9242553710937,0.054218896100021084,0.0,0.0,0.36363636363636365,0.0
0.424,0.3448221907881834,0.3464079566997107,0.3444493551066786,284.3636779785156,0.0660451486422154,0.0,0.0,0.36363636363636365,0.0
0.428,0.3420719913589708,0.3405179474119406,0.33663125712070086,278.45172119140625,0.06087585226711254,0.0,0.0,0.36363636363636365,0.0
0.432,0.3436416925489438,0.34956560300459105,0.3467093367773208,289.7064208984375,0.05143085317759181,0.0,0.0,0.36363636363636365,0.0
0.436,0.34796165642885546,0.35100917638606544,0.35256969775629743,290.914794921875,0.03278915008056158,0.0,0.0,0.36363636363636365,0.0
0.44,0.3530599472498093,0.3511251482699245,0.34779996482739306,286.3210144042969,0.042359831765690796,0.0,0.0,0.36363636363636365,0.0
0.444,0.3409433395395213,0.3393064053328385,0.3393248550857889,278.19207763671875,0.05130939198214117,0.0,0.0,0.36363636363636365,0.0
0.448,0.32676405126499786,0.33379013894472964,0.3307315268601047,276.0350036621094,0.05544099144571634,0.0,0.0,0.36363636363636365,0.0
0.452,0.34540598380616416,0.353625510078308,0.34764228975781203,284.63330078125,0.09578030759040367,0.0,0.0,0.36363636363636365,0.0
0.456,0.34818219122580274,0.3469879186430806,0.34058628779154565,283.8943176269531,0.08904237729301179,0.0,0.0,0.36363636363636365,0.0
0.46,0.3471962521424564,0.3663335394392278,0.35166304350434496,292.4127502441406,0.12557706060453136,0.0,0.0,0.36363636363636365,0.0
0.464,0.3697430115980919,0.36969743628641755,0.35434353635357074,289.05731201171875,0.11373085235249994,0.0,0.0,0.36363636363636365,0.0
0.468,0.3592091204589153,0.3664753538858564,0.36114992058017575,299.25347900390625,0.13697253844880045,0.0,0.0,0.36363636363636365,0.0
0.47200000000000003,0.3782920985940083,0.38652978091367746,0.3818448942944719,318.14776611328125,0.15813211485815806,0.0,0.0,0.36363636363636365,0.0
0.47600000000000003,0.39785510181853617,0.39858047493242,0.3924223293597775,323.0011901855469,0.1647846577432663,0.0,0.0,0.36363636363636365,0.0
0.48,0.39068116548645454,0.3929998168644919,0.3912923691325417,319.5159606933594,0.09329198407918117,0.0,0.0,0.36363636363636365,0.0
0.484,0.39417086749875885,0.3960286253423509,0.39129237801226274,319.7456359863281,0.044640731023702966,0.0,0.0,0.36363636363636365,0.0
0.488,0.3868152915572356,0.3870066864080998,0.38748186989236,314.4628295898437,0.07373845854805708,0.0,0.0,0.36363636363636365,0.0
0.492,0.38556982798215195,0.38511203518480436,0.38750809079460424,315.38153076171875,0.06351441924758913,0.0,0.0,0.36363636363636365,0.0
0.496,0.3844671628509791,0.3892363162945992,0.3877577412220359,319.19635009765625,0.07499586014961793,0.0,0.0,0.36363636363636365,0.0
0.5,0.39269195384571665,0.3902416412239211,0.38854615593953856,317.1890869140625,0.054661375589293064,0.0,0.0,0.36363636363636365,0.0
0.504,0.3891373440388704,0.39127271356038645,0.3944195687971754,320.8341064453125,0.05007693501787667,0.0,0.0,0.36363636363636365,0.0
0.508,0.39013545206685174,0.38803724301134224,0.384241037716975,313.49932861328125,0.05978174209893004,0.105,0.0,0.36363636363636365,0.0
0.512,0.3801657934597455,0.3848774635235533,0.38513508946067515,316.85693359375,0.05265256475963635,0.0,0.0,0.36363636363636365,0.0
0.516,0.38465732140066305,0.38915925124814854,0.38879031644298334,319.9847412109375,0.05885974992809228,0.0,0.0,0.36363636363636365,0.0
0.52,0.3901743646154423,0.3889141934321192,0.38079616469977084,312.210205078125,0.07598481907750508,0.0,0.0,0.36363636363636365,0.0
0.524,0.3818923472745787,0.3808536529314034,0.37679910002991296,309.07244873046875,0.0636784782082689,0.0,0.0,0.36363636363636365,0.0
0.528,0.3788027625209682,0.37640421783775846,0.3759050000341967,308.003173828125,0.050652964257596744,0.0,0.0,0.36363636363636365,0.0
0.532,0.37053367333415976,0.3755658861589958,0.3728940306592421,306.3543395996094,0.05340282269678009,0.0,0.0,0.36363636363636365,0.0
0.536,0.3745059483543458,0.37210952275175274,0.3643870877263683,296.5112609863281,0.0790102198179003,0.0,0.0,0.36363636363636365,0.0
0.54,0.366340706273743,0.3667831075868066,0.3684762371314007,302.2472229003906,0.059030716634484885,0.0,0.0,0.36363636363636365,0.0
0.544,0.36635371349724083,0.3710262136468217,0.37076403891069454,306.9439392089844,0.10973587274857857,0.0,0.0,0.36363636363636365,0.0
0.548,0.3769334492252114,0.37474050459482516,0.376457203880301,309.56207275390625,0.045429940971394064,0.0,0.0,0.36363636363636365,0.0
0.552,0.3766089300429541,0.38094392614329164,0.3817428529114651,314.1288757324219,0.043604761048603474,0.0,0.0,0.36363636363636365,0.0
0.556,0.38328130297513857,0.3811244626043323,0.385161414810809,313.8690490722656,0.014090841845051206,0.0,0.0,0.36363636363636365,0.0
0.56,0.38290485883414005,0.38113735749288546,0.3856347189804945,313.2894592285156,0.01562896655710854,0.0,0.0,0.36363636363636365,0.0
0.5640000000000001,0.3788676570044046,0.3797573852895674,0.38345210530283047,313.33941650390625,0.032366434419301315,0.0,0.0,0.36363636363636365,0.0
0.5680000000000001,0.3803345783709995,0.38353623548166305,0.3858714119203679,313.6292419433594,0.028066554594888535,0.0,0.0,0.36363636363636365,0.0
0.5720000000000001,0.38078890870326715,0.38047961240783856,0.38453027777328824,312.7798156738281,0.026141596122912586,0.0,0.0,0.36363636363636365,0.0
0.5760000000000001,0.3860463456059429,0.39069400077190114,0.3830708196311883,314.9283142089844,0.05613598741715742,0.0,0.0,0.36363636363636365,0.0
0.58,0.38703293942339245,0.3862058650851552,0.3887246072436692,316.3173522949219,0.052655634868842054,0.0,0.0,0.36363636363636365,0.0
0.584,0.38539725335318664,0.38868205974645104,0.38497731013513126,314.1188659667969,0.054606113623590406,0.0,0.0,0.36363636363636365,0.0
0.588,0.3827490595042226,0.3954013405096033,0.3881460555624106,321.7535095214844,0.062074729911939665,0.0,0.0,0.36363636363636365,0.0
0.592,0.401714763846422,0.40077935734020614,0.39775743755090914,325.2110595703125,0.05591858530902855,0.0,0.0,0.36363636363636365,0.0
0.596,0.3992742773541482,0.4014370787449357,0.403411189118591,328.3388671875,0.04501605187410019,0.0,0.0,0.36363636363636365,0.0
0.6,0.397599671041918,0.4055770070423068,0.4023593361939993,331.62652587890625,0.059809564963606725,0.0,0.0,0.36363636363636365,0.0
0.604,0.4094776302348905,0.41389551641542904,0.4136931790776191,335.7336730957031,0.05902994910718346,0.0,0.0,0.36363636363636365,0.0
0.608,0.4096204057680923,0.40877544360371015,0.40956463904402224,335.603759765625,0.04945120838538927,0.0,0.0,0.36363636363636365,0.0
0.612,0.412982538983442,0.4102843775732222,0.40990644590339675,332.5458984375,0.0492915627066927,0.0,0.0,0.36363636363636365,0.0
0.616,0.4087766040177623,0.40636370426120805,0.4059093934995727,329.7678527832031,0.07212396486950787,0.0,0.0,0.36363636363636365,0.0
0.62,0.3911999230078437,0.3974390919560712,0.3963505897063721,321.77349853515625,0.06256709867580432,0.0,0.0,0.36363636363636365,0.0
0.624,0.3912648555421797,0.4035651242119705,0.3949305949697579,328.1490173339844,0.06261622042309557,0.0,0.0,0.36363636363636365,0.0
0.628,0.4088285583194975,0.4070085673776536,0.40728996503654996,330.3074951171875,0.04509165331329063,0.0,0.0,0.36363636363636365,0.0
0.632,0.4062841865346926,0.4051256237996069,0.4055806977839603,327.6993103027344,0.04706112836874928,0.0,0.0,0.36363636363636365,0.0
0.636,0.40020893756411824,0.40789844492578564,0.40498900349026695,333.02557373046875,0.04468582325266173,0.0,0.0,0.36363636363636365,0.0
0.64,0.41002279403742464,0.4105681031116896,0.4135090947206832,334.31463623046875,0.036231701909281724,0.0,0.0,0.36363636363636365,0.0
0.644,0.4109185335757426,0.4100909499113641,0.4114842739847784,335.7736511230469,0.04735739390709964,0.0,0.0,0.36363636363636365,0.0
0.648,0.41642258172683566,0.41621696516373624,0.4043841946621125,338.0120544433594,0.07105710192052599,0.0,0.0,0.36363636363636365,0.0
0.652,0.41603316774141486,0.41326357236658023,0.4119444667632103,337.7622375488281,0.05424518391009492,0.0,0.0,0.36363636363636365,0.0
0.656,0.411126240189744,0.41949276632702415,0.4163359946969045,343.4482421875,0.05612965531692066,0.0,0.0,0.36363636363636365,0.0
0.66,0.42556142087814486,0.4248707632079636,0.41875524457992164,339.47100830078125,0.06476548874891322,0.0,0.0,0.36363636363636365,0.0
0.664,0.41987561097888854,0.417532431396847,0.4069875252368245,332.80572509765625,0.13021964136903075,0.0,0.0,0.36363636363636365,0.0
0.668,0.3799710680041256,0.40383591465805063,0.37798240662953275,331.0169677734375,0.16396666552177175,0.0,0.0,0.36363636363636365,0.0
0.672,0.39939111949119815,0.4008567568086291,0.3956800474643655,322.63287353515625,0.10289969895660418,0.0,0.0,0.36363636363636365,0.0
0.676,0.3912777871224639,0.39740038193947896,0.3921825856890797,324.09185791015625,0.07077791386463235,0.0,0.0,0.36363636363636365,0.0
0.68,0.3913297108728195,0.38962353752654194,0.3886982461318339,318.3558654785156,0.06987587740363166,0.0,0.0,0.36363636363636365,0.0
0.684,0.3887334629150766,0.388836819796764,0.38218988403086435,310.7412414550781,0.08184239556016155,0.0,0.0,0.36363636363636365,0.0
0.6880000000000001,0.3798023083007263,0.3826204950612345,0.37895541047162334,308.7826232910156,0.0863610206654807,0.0,0.0,0.36363636363636365,0.0
0.6920000000000001,0.37414249196511423,0.37280598522459946,0.3743666480870955,305.50494384765625,0.06858969352826735,0.0,0.0,0.36363636363636365,0.0
0.6960000000000001,0.3641598501285984,0.36740216752467814,0.36455802873284576,301.8075256347656,0.07002477770010827,0.0,0.0,0.36363636363636365,0.0
0.7000000000000001,0.3668210105382419,0.36861448752361026,0.37113217802029824,303.1166076660156,0.049367739791359215,0.0,0.0,0.36363636363636365,0.0
0.704,0.3664705269082337,0.368730552403669,0.36954124445732867,302.636962890625,0.04428728470139638,0.0,0.0,0.36363636363636365,0.0
0.708,0.36971583936825514,0.38295582122961286,0.37461644728882526,314.7584228515625,0.09681762073828067,0.0,0.0,0.36363636363636365,0.0
0.712,0.388837304777379,0.386850694235988,0.382465995409729,311.2708740234375,0.05501079239326717,0.0,0.0,0.36363636363636365,0.0
0.716,0.3777642648153773,0.37750045402101007,0.377285584427828,310.6813049316406,0.04386744726751646,0.0,0.0,0.36363636363636365,0.0
0.72,0.3797633620744811,0.3792673275289049,0.38190060905782675,312.67987060546875,0.05221046903401508,0.0,0.0,0.36363636363636365,0.0
0.724,0.38051633055065887,0.37862251251660256,0.3725785112537383,307.1637878417969,0.0646206179707691,0.0,0.0,0.36363636363636365,0.0
0.728,0.36948221515482277,0.37762942394945065,0.3744849866342402,311.54071044921875,0.08037296454158184,0.0,0.0,0.36363636363636365,0.0
0.732,0.36830088052618737,0.37262538747105184,0.37119788491850725,306.3043518066406,0.06147183721666969,0.0,0.0,0.36363636363636365,0.0
0.736,0.3622775428414902,0.36675732072970707,0.3651628369466962,303.3664245605469,0.06282805795828911,0.0,0.0,0.36363636363636365,0.0
0.74,0.36785955455407754,0.36873057043307894,0.3704747794128549,302.9167785644531,0.0513903661124416,0.0,0.0,0.36363636363636365,0.0
0.744,0.36805423189146047,0.36593189046838415,0.3668458060389143,300.6683349609375,0.06331793225842412,0.0,0.0,0.36363636363636365,0.0
0.748,0.35903222957655395,0.36235948581878125,0.3631511655412164,298.3099975585937,0.04379318900110351,0.0,0.0,0.36363636363636365,0.0
0.752,0.35705543557041536,0.37072436276278686,0.36197703395687836,306.3599853515625,0.05096035894181778,0.105,0.0,0.36363636363636365,0.0
0.756,0.3723971911680619,0.37422191266326527,0.37709507337571174,307.0400085449219,0.039308526978872466,0.0,0.0,0.36363636363636365,0.0
0.76,0.3731506197106721,0.37668696024801834,0.3775555952654465,308.70001220703125,0.041008599951530646,0.0,0.0,0.36363636363636365,0.0
0.764,0.37324156236138234,0.373486262148174,0.3711215395043911,303.54998779296875,0.04254864348184155,0.0,0.0,0.36363636363636365,0.0
0.768,0.3734883840454808,0.3718730142041683,0.37034524953192244,302.2799987792969,0.040178519175038625,0.0,0.0,0.36363636363636365,0.0
0.772,0.3700329201118036,0.3703242804235483,0.373739876882177,305.5599975585937,0.03984579608987054,0.0,0.0,0.36363636363636365,0.0
0.776,0.37199445080687393,0.37668696024801834,0.3770029609670404,310.9200134277344,0.036843804932168815,0.0,0.0,0.36363636363636365,0.0
0.78,0.37642419834292884,0.37804207276660867,0.3788844793826994,307.69000244140625,0.03311093590168435,0.0,0.0,0.36363636363636365,0.0
0.784,0.3695912496359699,0.3723505292938441,0.372858344266671,307.1300048828125,0.04283166917424232,0.0,0.0,0.36363636363636365,0.0
0.788,0.37147484081434606,0.36969189983299766,0.36749004593846424,301.0,0.07984241129447124,0.0,0.0,0.36363636363636365,0.0
0.792,0.36712303279498526,0.3696661020448306,0.370989956085378,302.0599975585937,0.05098875745197054,0.0,0.0,0.36363636363636365,0.0
0.796,0.3633428473042168,0.3618450791631658,0.3570429568960525,290.44000244140625,0.0654516581563879,0.0,0.0,0.36363636363636365,0.0
0.8,0.35586033655197136,0.35678591628095196,0.35560878998214035,290.92999267578125,0.051245495334297474,0.0,0.0,0.36363636363636365,0.0
0.804,0.3486766203761876,0.34639661527592963,0.34147760612909406,280.9200134277344,0.06970433505176299,0.0,0.0,0.36363636363636365,0.0
0.808,0.334867767775495,0.3353232593321502,0.3354909420234074,274.3399963378906,0.06358330482289211,0.0,0.0,0.36363636363636365,0.0
0.812,0.33375060827374514,0.3323806966577212,0.33306991954370824,273.5,0.06214534242367085,0.0,0.0,0.36363636363636365,0.0
0.8160000000000001,0.3358550545118888,0.34656435997791984,0.3396223883357889,287.5599975585937,0.07890468481395425,0.0,0.0,0.36363636363636365,0.0
0.8200000000000001,0.3524828121349883,0.3626194066675396,0.3571482396927117,297.3900146484375,0.06702547288796154,0.0,0.0,0.36363636363636365,0.0
0.8240000000000001,0.352287963343253,0.35947034352996554,0.3558851272081544,295.7699890136719,0.03628984210236473,0.0,0.0,0.36363636363636365,0.0
0.8280000000000001,0.35901700590918695,0.36274847438024727,0.3634243712587783,299.989990234375,0.027231101127286536,0.0,0.0,0.36363636363636365,0.0
0.8320000000000001,0.3679284738736599,0.36921438474332174,0.3667663973643252,305.4599914550781,0.039242711512775204,0.0,0.0,0.36363636363636365,0.0
0.836,0.3909475493715859,0.39044470405487525,0.38952892347681983,317.32000732421875,0.05908655424566361,0.0,0.0,0.36363636363636365,0.0
0.84,0.38504987486495634,0.38716661259052965,0.38431854934360177,318.489990234375,0.040266976696527956,0.0,0.0,0.36363636363636365,0.0
0.844,0.3903889299770097,0.3901220544660741,0.39123942761674596,317.239990234375,0.03146612489472883,0.0,0.0,0.36363636363636365,0.0
0.848,0.38664771424458827,0.3898639584265949,0.3901210287855677,321.3099975585937,0.03091695911055866,0.0,0.0,0.36363636363636365,0.0
0.852,0.39658539906010093,0.40491233997459253,0.40101546932972637,332.9100036621094,0.04790809474587267,0.0,0.0,0.36363636363636365,0.0
0.856,0.4071076698945207,0.41031995023377454,0.4104231015616433,337.1199951171875,0.04253041470843268,0.0,0.0,0.36363636363636365,0.0
0.86,0.4147200534121221,0.4134173784090783,0.4151861241931144,336.0199890136719,0.03413117156710462,0.0,0.0,0.36363636363636365,0.0
0.864,0.4132910961998945,0.41656644154665234,0.41744922247782473,341.67999267578125,0.04380278309237133,0.0,0.0,0.36363636363636365,0.0
0.868,0.41733114615247885,0.41537907373005223,0.4179360449899134,337.4200134277344,0.030759232250115655,0.0,0.0,0.36363636363636365,0.0
0.872,0.41334306909225765,0.4127204442692057,0.41101520687039117,332.2900085449219,0.039086135943284334,0.0,0.0,0.36363636363636365,0.0
0.876,0.412472691630905,0.4133399456586409,0.4160413963398884,339.32000732421875,0.033654345231093834,0.0,0.0,0.36363636363636365,0.0
0.88,0.4178767227693377,0.4161018056580919,0.4173702804571413,338.8900146484375,0.030502302485963362,0.0,0.0,0.36363636363636365,0.0
0.884,0.4146940867877912,0.42037368306294415,0.4163308638002684,344.3999938964844,0.04542264946203052,0.0,0.0,0.36363636363636365,0.0
0.888,0.4241121616107759,0.4305823207789246,0.42598849248222365,350.3399963378906,0.04954964376179713,0.0,0.0,0.36363636363636365,0.0
0.892,0.4274506766257107,0.4296014928114057,0.4304488772653268,349.7799987792969,0.04810515738051375,0.0,0.0,0.36363636363636365,0.0
0.896,0.4261776380905726,0.43395080296669536,0.42793578253057823,349.94000244140625,0.06259645659508387,0.0,0.0,0.36363636363636365,0.0
0.9,0.4606023253745859,0.4727332677862182,0.45636924481964763,384.7999877929688,0.1329474333982981,0.0,0.0,0.36363636363636365,0.0
0.904,0.4704231009150573,0.47392063560281833,0.47377664299192335,385.6900024414063,0.05248217369871982,0.0,0.0,0.36363636363636365,0.0
0.908,0.4756192801277385,0.4747208002812954,0.47475032816972246,383.25,0.04517800013470104,0.0,0.0,0.36363636363636365,0.0
0.912,0.476398714938381,0.48174165848448325,0.480315941396016,388.4299926757813,0.040534459961074853,0.0,0.0,0.36363636363636365,0.0
0.916,0.4868170399880744,0.4908145633461338,0.49181565763691043,398.0400085449219,0.05479108770323403,0.0,0.0,0.36363636363636365,0.0
0.92,0.4941826414652786,0.49113721293493495,0.4917103748402513,397.989990234375,0.041599212209977816,0.0,0.0,0.36363636363636365,0.0
0.924,0.4903894131967928,0.4935893419326365,0.4965523394924058,400.7999877929688,0.03589706000586007,0.0,0.0,0.36363636363636365,0.0
0.928,0.48603760517743194,0.4877042165837786,0.4861710622363115,388.6400146484375,0.053726527336156425,0.0,0.0,0.36363636363636365,0.0
0.932,0.47784063564092344,0.47619206192554187,0.4786712490424074,387.3500061035156,0.04463862032362405,0.0,0.0,0.36363636363636365,0.0
0.936,0.47558031036939147,0.4957833748908588,0.4816053946565491,402.6199951171875,0.04872013863078118,0.0,0.0,0.36363636363636365,0.0
0.9400000000000001,0.49075314415593246,0.4947895889503521,0.49586816192860844,401.0700073242188,0.035273252191626234,0.0,0.0,0.36363636363636365,0.0
0.9440000000000001,0.4895060722451254,0.49041448100689533,0.4923682517816948,396.7799987792969,0.033686389495928365,0.0,0.0,0.36363636363636365,0.0
0.9480000000000001,0.48868766767613586,0.5021201781552893,0.4941445275543164,396.9400024414063,0.0462114756460709,0.0,0.0,0.36363636363636365,0.0
0.9520000000000001,0.49033744030442966,0.487329932032707,0.48306586219281505,387.6600036621094,0.07059677742149585,0.0,0.0,0.36363636363636365,0.0
0.9560000000000001,0.4783083123847895,0.4830838524160219,0.4788423034717622,388.9100036621094,0.05562750057996281,0.0,0.0,0.36363636363636365,0.0
0.96,0.4757102227784488,0.481328657558193,0.47900018751312917,387.6600036621094,0.042403772703697426,0.0,0.0,0.36363636363636365,0.0
0.964,0.4778536387749395,0.4764759951391243,0.4773554951595205,382.9700012207031,0.03394044103270031,0.0,0.0,0.36363636363636365,0.0
0.968,0.47416435629118,0.47714713149082977,0.4784475933683449,388.8800048828125,0.04795798402046535,0.0,0.0,0.36363636363636365,0.0
0.972,0.476970297823272,0.4831096895901251,0.48278956512042287,388.8299865722656,0.03901609907702923,0.0,0.0,0.36363636363636365,0.0
0.976,0.47869800996826,0.48051557429266434,0.4818159200962456,390.1300048828125,0.04145338202270691,0.0,0.0,0.36363636363636365,0.0
0.98,0.4751126336255255,0.47195890089590825,0.4730003530194546,380.3399963378906,0.07994161419818052,0.0,0.0,0.36363636363636365,0.0
0.984,0.46378496135613234,0.4633377133357664,0.46650052562570354,376.3699951171875,0.049732315259536475,0.0,0.0,0.36363636363636365,0.0
0.988,0.45088545597513946,0.4568589237715765,0.4466589747393627,361.8500061035156,0.0914478078556803,0.0,0.0,0.36363636363636365,0.0
0.992,0.4449618148441789,0.4477085861594885,0.44618528246164,358.989990234375,0.10109812049833243,0.0,0.0,0.36363636363636365,0.0
0.996,0.44089579826726366,0.45648463922050503,0.44635633689099485,372.1900024414063,0.07925026398142122,0.0,0.0,0.36363636363636365,0.0
1.0,0.45056069477434685,0.4549746218151038,0.4541333706905951,368.5299987792969,0.06495204969125254,0.0,0.0,0.36363636363636365,0.0
0.0,0.25058573460281297,0.25078906706625076,0.2520063420927848,213.57000732421875,0.07114709449661817,0.0,0.0,0.18181818181818182,0.0
0.004,0.25363849781900344,0.25592566269890193,0.2551378427586351,216.97999572753903,0.06782753891795151,0.0,0.0,0.18181818181818182,0.0
0.008,0.2562755571836911,0.2557191622357569,0.2568088357345976,217.6100006103516,0.054781109848315496,0.0,0.0,0.18181818181818182,0.0
0.012,0.25709396175268057,0.25663547603989006,0.255150993069812,213.1999969482422,0.07017521305118772,0.0,0.0,0.18181818181818182,0.0
0.016,0.24978033316783954,0.2504148022081474,0.25309842022479817,213.2400054931641,0.047751902940032516,0.0,0.0,0.18181818181818182,0.0
0.02,0.2474160819334319,0.251021385010531,0.2508484722512648,212.1000061035156,0.05100967257093439,0.0,0.0,0.18181818181818182,0.0
0.024,0.2504688253277717,0.2549060789702282,0.25345367939468466,216.1000061035156,0.05858209692680149,0.0,0.0,0.18181818181818182,0.0
0.028,0.25422306401605993,0.25535779627173705,0.25734829964501577,214.82000732421875,0.05628354454085653,0.0,0.0,0.18181818181818182,0.0
0.032,0.2540801682948372,0.2560676293056932,0.25442732441886207,212.5200042724609,0.0798355035487584,0.0,0.0,0.18181818181818182,0.0
0.036000000000000004,0.2535475551682932,0.2521054829025905,0.249072216555454,209.69000244140625,0.13930006499037423,0.0,0.0,0.18181818181818182,0.0
0.04,0.2471952268736644,0.24629779030416993,0.24780908399408577,208.47000122070312,0.06631013744303267,0.0,0.0,0.18181818181818182,0.0
0.044,0.2502479900898549,0.2513956498686344,0.25273001074373475,212.7700042724609,0.0683577084014114,0.0,0.0,0.18181818181818182,0.0
0.048,0.2534696156515991,0.25357676423980496,0.2528089527644182,211.9900054931641,0.05564918322622809,0.0,0.0,0.18181818181818182,0.0
0.052000000000000005,0.2515210484468436,0.25617085984429766,0.25399312322829204,217.1199951171875,0.09157924690604946,0.0,0.0,0.18181818181818182,0.0
0.056,0.26035455707277183,0.26295941979617327,0.260216653549651,223.3000030517578,0.2234717140285378,0.0,0.0,0.18181818181818182,0.0
0.06,0.2650311262929252,0.2636305364549107,0.26334813413869035,219.38999938964844,0.10771075196376656,0.0,0.0,0.18181818181818182,0.0
0.064,0.2598089606340624,0.26112677249493893,0.2617823838057652,220.4600067138672,0.07004243082804106,0.0,0.0,0.18181818181818182,0.0
0.068,0.2601077353886734,0.26076540653091906,0.2632691921180068,219.9199981689453,0.05399612130078224,0.0,0.0,0.18181818181818182,0.0
0.07200000000000001,0.2628227540919058,0.2638757336003064,0.26629543006400896,223.41000366210935,0.0515749564284345,0.0,0.0,0.18181818181818182,0.0
0.076,0.2643556174451585,0.2642370995643262,0.26762433425807275,223.47000122070312,0.0649523816468104,0.0,0.0,0.18181818181818182,0.0
0.08,0.2655507362854531,0.26386283470622285,0.2624402607472086,219.3600006103516,0.08239041005337959,0.0,0.0,0.18181818181818182,0.0
0.084,0.2618484704895281,0.2642370995643262,0.26512440991131203,222.5399932861328,0.067928468758089,0.0,0.0,0.18181818181818182,0.0
0.088,0.2624720064449317,0.2623012020315194,0.26411127379998206,222.25999450683597,0.05299142806321585,0.0,0.0,0.18181818181818182,0.0
0.092,0.26510906580961935,0.26732162884554644,0.26762433425807275,225.0200042724609,0.09165120259055813,0.0,0.0,0.18181818181818182,0.0
0.096,0.2670446497022093,0.2672958310573793,0.2700848076713028,225.69000244140625,0.06322256699122197,0.0,0.0,0.18181818181818182,0.0
0.1,0.26851255685093334,0.26808309684177284,0.2716900290145696,226.3500061035156,0.06169653083416209,0.0,0.0,0.18181818181818182,0.0
0.10400000000000001,0.2680968728212812,0.26657309912933963,0.2673743378080345,223.19000244140625,0.07057797300261093,0.0,0.0,0.18181818181818182,0.0
0.108,0.2647713212966613,0.26450813388382516,0.2678085389986045,223.8800048828125,0.055841256933409904,0.0,0.0,0.18181818181818182,0.0
0.112,0.26713557253106895,0.26696026288152663,0.2684269449297062,226.1300048828125,0.06731195245321872,0.0,0.0,0.18181818181818182,0.0
0.116,0.26804489992891806,0.27120634249821174,0.27194000538779695,229.3000030517578,0.07203953686635103,0.0,0.0,0.18181818181818182,0.0
0.12,0.2730332272158479,0.2716064248374503,0.2728610491672665,227.47000122070312,0.06664017418264577,0.0,0.0,0.18181818181818182,0.0
0.124,0.27146139410424813,0.2700447921627468,0.27383469419144385,228.2899932861328,0.049008537014291934,0.0,0.0,0.18181818181818182,0.0
0.128,0.27237072150209723,0.27935001496867773,0.2758741167252807,232.22999572753903,0.07703748277141059,0.0,0.0,0.18181818181818182,0.0
0.132,0.2763328121161368,0.2748071032443265,0.27921612275401664,231.44000244140625,0.04980906798967906,0.0,0.0,0.18181818181818182,0.0
0.136,0.27780073908671143,0.2771430831163719,0.28062398904557484,232.7899932861328,0.045180878362081386,0.0,0.0,0.18181818181818182,0.0
0.14,0.27883995907176723,0.2776980506494533,0.27807142330048445,231.00999450683597,0.05941102641234137,0.0,0.0,0.18181818181818182,0.0
0.14400000000000002,0.27557936375167597,0.27392950581541214,0.2767293487184328,230.19000244140625,0.05802391269683956,0.0,0.0,0.18181818181818182,0.0
0.148,0.2809444251317615,0.28003403052149867,0.27950559021439664,234.1100006103516,0.19495845854421942,0.0,0.0,0.18181818181818182,0.0
0.152,0.2568341567564167,0.2592683077125695,0.2550325800387868,214.75,0.22930818351040505,0.0,0.0,0.18181818181818182,0.0
0.156,0.25708095861866453,0.2553965126469558,0.2532168332558234,211.6499938964844,0.144172712063476,0.0,0.0,0.18181818181818182,0.0
0.16,0.251430125617984,0.25392523130974126,0.2551246723706472,213.75,0.09354469244317562,0.0,0.0,0.18181818181818182,0.0
0.164,0.25357354161447476,0.2621205190495095,0.2562693919009903,222.30999755859372,0.0999111395266774,0.0,0.0,0.18181818181818182,0.0
0.168,0.26175752783881784,0.2667279646302145,0.2655849318010468,223.1300048828125,0.07262650337011643,0.0,0.0,0.18181818181818182,0.0
0.17200000000000001,0.2645374829247283,0.2636047189737756,0.2669796277046172,222.69000244140625,0.0579801636406583,0.0,0.0,0.18181818181818182,0.0
0.176,0.26277078119954267,0.26263677020737214,0.26503229750264073,221.3000030517578,0.055439072627462775,0.0,0.0,0.18181818181818182,0.0
0.18,0.26335534739659916,0.2632175355286206,0.26325604180682993,221.47000122070312,0.0660685582249089,0.0,0.0,0.18181818181818182,0.0
0.184,0.2630565726419882,0.2650501828298549,0.2671375117459841,224.55999755859372,0.06476855885811893,0.0,0.0,0.18181818181818182,0.0
0.188,0.27007140665036766,0.27562018650985526,0.2737426018595834,230.97999572753903,0.11281097088174111,0.0,0.0,0.18181818181818182,0.0
0.192,0.27680046903815214,0.2768720684898411,0.27741354635904103,231.02999877929688,0.07079537511073979,0.0,0.0,0.18181818181818182,0.0
0.196,0.2737477058219616,0.2740714724222033,0.2754662362338755,231.4900054931641,0.04316381661393434,0.0,0.0,0.18181818181818182,0.0
0.2,0.2735658403423919,0.2722904403902713,0.27387416520178554,228.00999450683597,0.05207116282880629,0.0,0.0,0.18181818181818182,0.0
0.20400000000000001,0.269707675691228,0.26808309684177284,0.26571649514324897,223.80999755859372,0.06495276541046112,0.0,0.0,0.18181818181818182,0.0
0.20800000000000002,0.26390094383530865,0.26228830313743584,0.26516388092165377,221.9499969482422,0.056387544490199726,0.0,0.0,0.18181818181818182,0.0
0.212,0.26408280931487843,0.27049650946425563,0.2655849318010468,228.83999633789065,0.06631704518874551,0.0,0.0,0.18181818181818182,0.0
0.216,0.2700064702676896,0.27109019337255563,0.2741241616518238,227.94000244140625,0.03814572311721236,0.0,0.0,0.18181818181818182,0.0
0.22,0.2696946923790625,0.2703158264822457,0.2724268479766965,228.7100067138672,0.04480728444811237,0.0,0.0,0.18181818181818182,0.0
0.224,0.27159130651330543,0.2714386407495239,0.2747820385932672,229.1199951171875,0.03549928898189614,0.0,0.0,0.18181818181818182,0.0
0.228,0.2721628695763459,0.2751039550449606,0.2750583557424703,231.6000061035156,0.05934079766426092,0.0,0.0,0.18181818181818182,0.0
0.232,0.27516367972202377,0.27394240470949566,0.275242560483002,229.0,0.044987269600296725,0.0,0.0,0.18181818181818182,0.0
0.23600000000000002,0.2650311262929252,0.2666634307738606,0.26691383599511065,225.33999633789065,0.06925015077114426,0.0,0.0,0.18181818181818182,0.0
0.24,0.26722651518177915,0.2679540291290652,0.2702426917126697,225.9900054931641,0.050789584117250534,0.0,0.0,0.18181818181818182,0.0
0.244,0.2749947975546194,0.27905318286101166,0.27868982923158625,235.67999267578125,0.10867783636356308,0.0,0.0,0.18181818181818182,0.0
0.248,0.2801909767673007,0.27935001496867773,0.2802029381661818,232.3300018310547,0.06517822655525495,0.0,0.0,0.18181818181818182,0.0
0.252,0.2798662155665081,0.2814149802141922,0.2825976198699052,235.83999633789065,0.059854081547089426,0.0,0.0,0.18181818181818182,0.0
0.256,0.2817108568083879,0.28302822815819795,0.2843475749433621,238.2400054931641,0.04658871531472169,0.0,0.0,0.18181818181818182,0.0
0.26,0.28321775353730955,0.2815182107527967,0.2764793723452055,230.3300018310547,0.11158657295414157,0.0,0.0,0.18181818181818182,0.0
0.264,0.2753845149599407,0.27358103874547585,0.2767951404279394,229.9499969482422,0.06664381993732754,0.0,0.0,0.18181818181818182,0.0
0.268,0.2739036046772005,0.2726259888731559,0.2727820870697721,228.1499938964844,0.06858297766437987,0.0,0.0,0.18181818181818182,0.0
0.272,0.27426733563634015,0.27642035118833225,0.2780845936884724,231.42999267578125,0.0585036172602307,0.0,0.0,0.18181818181818182,0.0
0.276,0.2772681259601675,0.2792209472559701,0.28059766834641003,234.0500030517578,0.06802210708886296,0.0,0.0,0.18181818181818182,0.0
0.28,0.2783463355254209,0.2771560017034235,0.275966229133952,231.6199951171875,0.07687035370152512,0.0,0.0,0.18181818181818182,0.0
0.28400000000000003,0.27669654307527647,0.2760977015995311,0.2760714717769894,231.22999572753903,0.06749980476024268,0.0,0.0,0.18181818181818182,0.0
0.28800000000000003,0.2765276609078721,0.2769753187214136,0.27726881262885106,231.47999572753903,0.1826509663840311,0.0,0.0,0.18181818181818182,0.0
0.292,0.2741763929856299,0.27234207535254157,0.27438730841303904,227.6300048828125,0.0828173471147977,0.0,0.0,0.18181818181818182,0.0
0.296,0.2706300062230932,0.26884454514503126,0.26459811638888164,220.7100067138672,0.13086781817508486,0.0,0.0,0.18181818181818182,0.0
0.3,0.26584951104006416,0.26458556663426247,0.2637823353292603,220.2100067138672,0.08971453932723544,0.0,0.0,0.18181818181818182,0.0
0.304,0.2605364225523416,0.2595651398202355,0.2598613943797644,218.1499938964844,0.09492854416764637,0.0,0.0,0.18181818181818182,0.0
0.308,0.25926336419535295,0.260055573496963,0.2619008169136013,219.77999877929688,0.07463473855429707,0.0,0.0,0.18181818181818182,0.0
0.312,0.26056240899852323,0.26205600488612363,0.2635849802775517,222.1699981689453,0.07964112725967232,0.0,0.0,0.18181818181818182,0.0
0.316,0.2630955424003352,0.26159138869053133,0.2617297624842465,219.57000732421875,0.08757966213831954,0.0,0.0,0.18181818181818182,0.0
0.32,0.257029005548152,0.2614752198719072,0.2600455991202962,220.6300048828125,0.07901674379996242,0.0,0.0,0.18181818181818182,0.0
0.324,0.2617705111509834,0.26232701951265447,0.2631244583878169,222.41000366210935,0.07388352120802656,0.0,0.0,0.18181818181818182,0.0
0.328,0.2649272003300495,0.2641209504386702,0.26363760159907035,219.50999450683597,0.07845107617881159,0.0,0.0,0.18181818181818182,0.0
0.332,0.26175752783881784,0.26093317092587737,0.2592824594590044,220.8999938964844,0.07855066284617158,0.0,0.0,0.18181818181818182,0.0
0.336,0.26160164880542963,0.26243026974422706,0.26472967973108374,221.77999877929688,0.05457272618597839,0.0,0.0,0.18181818181818182,0.0
0.34,0.2642516914822828,0.26738616270190024,0.26607175431313546,225.22000122070312,0.08429771539742274,0.0,0.0,0.18181818181818182,0.0
0.34400000000000003,0.2669537070514991,0.26929626244654004,0.2668085732752624,227.7400054931641,0.08377215107777142,0.0,0.0,0.18181818181818182,0.0
0.34800000000000003,0.2685255599849495,0.2693478777158423,0.2592429884486627,216.3699951171875,0.13357584637634048,0.0,0.0,0.18181818181818182,0.0
0.352,0.2574706760239857,0.259578038714319,0.26061136365306825,220.07000732421875,0.06726570893330781,0.0,0.0,0.18181818181818182,0.0
0.356,0.2546907209380752,0.2578228438564901,0.25476943327757157,216.38999938964844,0.08233975325148549,0.0,0.0,0.18181818181818182,0.0
0.36,0.2560677052579397,0.2557449797168921,0.25484837529825505,215.57000732421875,0.08280775302352988,0.0,0.0,0.18181818181818182,0.0
0.364,0.25483361665929805,0.2568806928782538,0.2550457303499637,214.47000122070312,0.07610167510914717,0.0,0.0,0.18181818181818182,0.0
0.368,0.25339167613490493,0.25198933377693444,0.25270369004456994,213.0399932861328,0.08295626955635578,0.0,0.0,0.18181818181818182,0.0
0.372,0.25250833518323745,0.25442856388055235,0.25607201677247066,216.47999572753903,0.06932479280120792,0.0,0.0,0.18181818181818182,0.0
0.376,0.25841897318018187,0.26298523727730844,0.2618613459032596,222.02999877929688,0.09160572659794865,0.0,0.0,0.18181818181818182,0.0
0.38,0.25954915563779846,0.25871334017948816,0.2599271860892709,217.9499969482422,0.07973572499957304,0.0,0.0,0.18181818181818182,0.0
0.384,0.2591594382324772,0.26037822308576414,0.26211132227648687,221.08999633789065,0.05523529412893422,0.0,0.0,0.18181818181818182,0.0
0.388,0.2630176028836411,0.26566966452632207,0.26700592832697106,224.2100067138672,0.06894544243247822,0.0,0.0,0.18181818181818182,0.0
0.392,0.27040917098517625,0.26954145959193576,0.2717952716576069,226.97000122070312,0.06814318452066288,0.0,0.0,0.18181818181818182,0.0
0.396,0.2711366329034556,0.27352942347617365,0.2726768444267348,229.25,0.08509210615439847,0.0,0.0,0.18181818181818182,0.0
0.4,0.275618333510023,0.2752459216517518,0.2747162468837608,230.3000030517578,0.09456377681764375,0.0,0.0,0.18181818181818182,0.0
0.404,0.26962973617453384,0.26959309455420605,0.26812432715814927,222.8600006103516,0.1909204974114182,0.0,0.0,0.18181818181818182,0.0
0.40800000000000003,0.2995597395398142,0.298063691119144,0.2960577764703311,244.22000122070312,0.3138935297640371,0.0,0.0,0.18181818181818182,0.0
0.41200000000000003,0.30639270806862384,0.3085175456734882,0.307794298696465,254.0,0.17891809735354666,0.0,0.0,0.18181818181818182,0.0
0.41600000000000004,0.29992347049895385,0.3064654990150253,0.30221551508218353,249.32000732421875,0.09362374775522248,0.0,0.0,0.18181818181818182,0.0
0.42,0.29816975208593366,0.29870899029674625,0.29892613037496624,250.1999969482422,0.0726403188615421,0.0,0.0,0.18181818181818182,0.0
0.424,0.29833863425333795,0.2979088256182692,0.2936762651545956,243.0399932861328,0.08298946511214245,0.0,0.0,0.18181818181818182,0.0
0.428,0.29020660109950747,0.2908363324528112,0.28883430050244113,244.41000366210935,0.08369961974778668,0.0,0.0,0.18181818181818182,0.0
0.432,0.2972734080002501,0.2996769390631497,0.2981761410248515,248.3999938964844,0.06470754043765557,0.0,0.0,0.18181818181818182,0.0
0.436,0.29736435065096023,0.29709574235274055,0.30033397658971356,249.1000061035156,0.0399309916203288,0.0,0.0,0.18181818181818182,0.0
0.44,0.29974160501938407,0.2978959070312176,0.2957551586987742,244.1999969482422,0.05456389962201199,0.0,0.0,0.18181818181818182,0.0
0.444,0.2904014697130934,0.2893521522215131,0.2862159430478442,237.5800018310547,0.07415810410011164,0.0,0.0,0.18181818181818182,0.0
0.448,0.2800220945998963,0.28287334296435507,0.28146607072755003,234.69000244140625,0.06946659347014635,0.0,0.0,0.18181818181818182,0.0
0.452,0.2776708266776542,0.2775431851485785,0.2765977853762307,232.8699951171875,0.1096894373468423,0.0,0.0,0.18181818181818182,0.0
0.456,0.2709807538700673,0.27186454056989756,0.2676901259675793,222.5500030517578,0.1110122706508497,0.0,0.0,0.18181818181818182,0.0
0.46,0.2653169177353708,0.2635272862233382,0.2625586938550447,222.69000244140625,0.10665118052414822,0.0,0.0,0.18181818181818182,0.0
0.464,0.26961675286236836,0.26826377982378274,0.260216653549651,217.13999938964844,0.09124959393008708,0.0,0.0,0.18181818181818182,0.0
0.468,0.25571697743281613,0.26155267231531265,0.2581640606278262,220.69000244140625,0.12613658800727076,0.0,0.0,0.18181818181818182,0.0
0.47200000000000003,0.2637840345602674,0.26816052959221026,0.2674927709158706,226.27999877929688,0.09894290383592874,0.0,0.0,0.18181818181818182,0.0
0.47600000000000003,0.26874639522286636,0.27227754149618766,0.2695058727505427,229.6699981689453,0.07027748606410272,0.0,0.0,0.18181818181818182,0.0
0.48,0.274410231357563,0.2738649719590583,0.27604517115463545,229.16000366210935,0.06858623965541093,0.0,0.0,0.18181818181818182,0.0
0.484,0.27505975375914815,0.27585248476116736,0.27795301026945934,233.22000122070312,0.03365300205831634,0.0,0.0,0.18181818181818182,0.0
0.488,0.27763185691930714,0.2790918992362304,0.28062398904557484,233.8800048828125,0.07704074476244166,0.0,0.0,0.18181818181818182,0.0
0.492,0.27995713839536773,0.28318309365907274,0.28233447310869003,234.4199981689453,0.08256962767826252,0.0,0.0,0.18181818181818182,0.0
0.496,0.27780073908671143,0.2759686535797915,0.2784661534807128,232.3800048828125,0.06282441220360732,0.0,0.0,0.18181818181818182,0.0
0.5,0.2770472907222506,0.2761235190806663,0.27345313439920343,229.1100006103516,0.08237352445274822,0.0,0.0,0.18181818181818182,0.0
0.504,0.2738646349188535,0.27320677388737247,0.2757557036942555,229.52999877929688,0.058262038042106924,0.0,0.0,0.18181818181818182,0.0
0.508,0.27291631794080673,0.27267762383542626,0.2727557864474182,226.88999938964844,0.061911246596735976,0.0,0.0,0.18181818181818182,0.0
0.512,0.2693439447320884,0.26976087864213244,0.27122950712483485,227.9199981689453,0.0443012920746474,0.0,0.0,0.18181818181818182,0.0
0.516,0.27190306458008184,0.2747296704938892,0.27563729066323034,231.77999877929688,0.06914806964005463,0.0,0.0,0.18181818181818182,0.0
0.52,0.2743712615992159,0.2743295881546507,0.2759399084347872,230.27999877929688,0.048921614547405456,0.0,0.0,0.18181818181818182,0.0
0.524,0.27328004889994634,0.2717096750690228,0.2712426574360117,226.19000244140625,0.06310072203212062,0.0,0.0,0.18181818181818182,0.0
0.528,0.2707598988102998,0.26893487678955214,0.2664796348045407,222.5399932861328,0.08544919823138683,0.0,0.0,0.18181818181818182,0.0
0.532,0.26440757051567104,0.2634240359917656,0.26599281229245203,222.55999755859372,0.07012321307651613,0.0,0.0,0.18181818181818182,0.0
0.536,0.2665120365756653,0.2653986498997912,0.2658086075519203,221.2700042724609,0.07920977691627101,0.0,0.0,0.18181818181818182,0.0
0.54,0.2678760375833643,0.2706126585899117,0.2703084834221761,226.75999450683597,0.09117936518200662,0.0,0.0,0.18181818181818182,0.0
0.544,0.26924001876921266,0.2704836105701721,0.27184791305593653,227.3500061035156,0.1588599226217351,0.0,0.0,0.18181818181818182,0.0
0.548,0.271643259583818,0.2709353081787128,0.27333472136817827,228.42999267578125,0.05661933773523033,0.0,0.0,0.18181818181818182,0.0
0.552,0.27222782578087446,0.2747683868691079,0.27599252975630584,232.13999938964844,0.050803207726850846,0.0,0.0,0.18181818181818182,0.0
0.556,0.27621590284109565,0.2754136860467102,0.2794134978825362,232.3800048828125,0.01662963027634245,0.0,0.0,0.18181818181818182,0.0
0.56,0.27609897374420383,0.27546532100898047,0.27921612275401664,232.5200042724609,0.02540668873179737,0.0,0.0,0.18181818181818182,0.0
0.5640000000000001,0.2759690811569972,0.2749619884381694,0.27867667892040926,232.07000732421875,0.03270433831375403,0.0,0.0,0.18181818181818182,0.0
0.5680000000000001,0.27502078400080104,0.27518138779539797,0.27792668957029454,232.52999877929688,0.03675803375623448,0.0,0.0,0.18181818181818182,0.0
0.5720000000000001,0.27722915620182037,0.27546532100898047,0.27782142685044625,230.82000732421875,0.0415036550609503,0.0,0.0,0.18181818181818182,0.0
0.5760000000000001,0.2751896463463548,0.27865310052177317,0.2706900432144166,226.5,0.09345086223057632,0.0,0.0,0.18181818181818182,0.0
0.58,0.271942034338429,0.27676881825826855,0.273953107222469,233.05999755859372,0.09014493026150996,0.0,0.0,0.18181818181818182,0.0
0.584,0.27617693308274854,0.28861650170642184,0.28038716298352445,240.92999267578125,0.09788045416893006,0.0,0.0,0.18181818181818182,0.0
0.588,0.2859327524186914,0.29133966502362224,0.29018952539566967,241.55999755859372,0.07575993357818732,0.0,0.0,0.18181818181818182,0.0
0.592,0.2904144530252588,0.2927851485726696,0.29329470536235525,246.2899932861328,0.07052789184619289,0.0,0.0,0.18181818181818182,0.0
0.596,0.2923760233640304,0.2946565122491227,0.293768377563267,247.3800048828125,0.061030125254699134,0.0,0.0,0.18181818181818182,0.0
0.6,0.29518194507427176,0.29605036083589975,0.2986629836137511,246.47000122070312,0.06353955576671083,0.0,0.0,0.18181818181818182,0.0
0.604,0.2949221400780079,0.2943983965166753,0.2911500201086701,242.6000061035156,0.06834427667363645,0.0,0.0,0.18181818181818182,0.0
0.608,0.28793327269395946,0.2861643727087204,0.2858475335667807,236.6499938964844,0.07417518158256836,0.0,0.0,0.18181818181818182,0.0
0.612,0.28554303501337014,0.28535128944319177,0.286386997477199,238.17999267578125,0.07723185906049668,0.0,0.0,0.18181818181818182,0.0
0.616,0.2852572435709247,0.2839574605493827,0.286097530016819,239.1199951171875,0.08276707407655431,0.0,0.0,0.18181818181818182,0.0
0.62,0.27833333239140484,0.27817556573912927,0.2767951404279394,231.0,0.08631612031834729,0.0,0.0,0.18181818181818182,0.0
0.624,0.2748648851455622,0.2745748049930144,0.2735583971190517,231.30999755859372,0.08543001004885117,0.0,0.0,0.18181818181818182,0.0
0.628,0.27871006648456054,0.27898864900465786,0.2788477132729532,234.33999633789065,0.05595158898298987,0.0,0.0,0.18181818181818182,0.0
0.632,0.2798922020126897,0.28509317371074444,0.28367654769074174,239.16000366210935,0.05953056878953845,0.0,0.0,0.18181818181818182,0.0
0.636,0.2864133926528722,0.2857384728883467,0.2875843182522497,238.4199981689453,0.057701934993891445,0.0,0.0,0.18181818181818182,0.0
0.64,0.2860366783815671,0.29081053466464407,0.2882948365920228,244.67999267578125,0.06768688953996523,0.0,0.0,0.18181818181818182,0.0
0.644,0.2947142881522565,0.2945532620175501,0.2928341834726204,243.00999450683597,0.07316223742651165,0.0,0.0,0.18181818181818182,0.0
0.648,0.2901026949584824,0.2883842034551097,0.286531731207389,241.72999572753903,0.08534078500006043,0.0,0.0,0.18181818181818182,0.0
0.652,0.28629648337783103,0.28879720438139983,0.2877159016712628,239.3000030517578,0.08410391475381272,0.0,0.0,0.18181818181818182,0.0
0.656,0.2842439902101998,0.2917784834310475,0.288413249623048,242.9600067138672,0.0667599084416682,0.0,0.0,0.18181818181818182,0.0
0.66,0.29290861666872375,0.2927077158222322,0.28483439745545075,238.6199951171875,0.09800824746461746,0.0,0.0,0.18181818181818182,0.0
0.664,0.2849584688163137,0.2830411270522815,0.28005822451280277,232.9900054931641,0.09315095093754418,0.0,0.0,0.18181818181818182,0.0
0.668,0.2668367977764579,0.26684411375587047,0.26500599688028686,222.69000244140625,0.19333110878337134,0.0,0.0,0.18181818181818182,0.0
0.672,0.23798500397643102,0.24765292251572835,0.23859880681387743,210.32000732421875,0.3385889125692381,0.0,0.0,0.18181818181818182,0.0
0.676,0.24613002044242704,0.24942103596060877,0.24259870986086776,208.72000122070312,0.1696705446623177,0.0,0.0,0.18181818181818182,0.0
0.68,0.24590918520451016,0.2492145354974638,0.24662491353021196,206.9600067138672,0.12361238259470661,0.0,0.0,0.18181818181818182,0.0
0.684,0.24494788491429786,0.243948911538041,0.24146716071851268,204.0800018310547,0.1204856682505232,0.0,0.0,0.18181818181818182,0.0
0.6880000000000001,0.23962181311441005,0.2379992523328292,0.23498048363593846,199.6000061035156,0.15584929678189233,0.0,0.0,0.18181818181818182,0.0
0.6920000000000001,0.23302266313568276,0.23438557299966278,0.23461207415487503,198.7899932861328,0.12197486309711464,0.0,0.0,0.18181818181818182,0.0
0.6960000000000001,0.23204837953330504,0.2351341224088377,0.2329279107909247,201.1499938964844,0.12880125091599584,0.0,0.0,0.18181818181818182,0.0
0.7000000000000001,0.23716661922929216,0.2417419796857353,0.24017770745797964,204.7899932861328,0.09258182944353693,0.0,0.0,0.18181818181818182,0.0
0.704,0.23941396118865865,0.24016744811694823,0.24188819152109473,204.8600006103516,0.06315924598885433,0.0,0.0,0.18181818181818182,0.0
0.708,0.2406610330994658,0.24730445544579205,0.2431250033832982,210.1100006103516,0.12113058306554625,0.0,0.0,0.18181818181818182,0.0
0.712,0.24499985780666106,0.24376820886306305,0.24228292170132307,205.2700042724609,0.09752892666487703,0.0,0.0,0.18181818181818182,0.0
0.716,0.24158336363133098,0.2462590739289513,0.24246712644185472,208.55999755859372,0.07365057667204382,0.0,0.0,0.18181818181818182,0.0
0.72,0.24806560433501706,0.24784650439182182,0.24994059885978306,210.63999938964844,0.07405199345068952,0.0,0.0,0.18181818181818182,0.0
0.724,0.24841633216014053,0.24714958994491726,0.24523021762664157,207.9199981689453,0.08635238598333965,0.0,0.0,0.18181818181818182,0.0
0.728,0.2433500653565166,0.24622035755373256,0.245032842498122,210.0,0.10489968322229451,0.0,0.0,0.18181818181818182,0.0
0.732,0.24038824479103638,0.24544599066342254,0.2427434435910578,208.38999938964844,0.08298332489373103,0.0,0.0,0.18181818181818182,0.0
0.736,0.2385046337908095,0.24473615762946643,0.2414539903305247,208.72999572753903,0.07757974080986793,0.0,0.0,0.18181818181818182,0.0
0.74,0.24807858764718255,0.2555255606666954,0.25154582020305,216.82000732421875,0.09973480012917484,0.0,0.0,0.18181818181818182,0.0
0.744,0.2552363173767847,0.25930702408778816,0.25870352453824447,218.94000244140625,0.11165507476579382,0.0,0.0,0.18181818181818182,0.0
0.748,0.25395027570763057,0.255241647146081,0.25467732086890027,213.2100067138672,0.09286850089061947,0.0,0.0,0.18181818181818182,0.0
0.752,0.24805260120100092,0.250724552902865,0.24754593723287063,213.4900054931641,0.09956556035921044,0.0,0.0,0.18181818181818182,0.0
0.756,0.25291103590072417,0.2530863305630775,0.25454573744988723,214.3300018310547,0.06317689911678713,0.0,0.0,0.18181818181818182,0.0
0.76,0.2548855895516612,0.25482864621979084,0.253124740923963,212.6499938964844,0.0603380075106384,0.0,0.0,0.18181818181818182,0.0
0.764,0.24797466168430682,0.24800138958566464,0.24891431243727621,209.52999877929688,0.0798143965479692,0.0,0.0,0.18181818181818182,0.0
0.768,0.2469614083235821,0.24651718966139852,0.2463749170801737,207.6699981689453,0.0631448548519526,0.0,0.0,0.18181818181818182,0.0
0.772,0.24532461900745361,0.24930488683495278,0.24799328873461754,211.7400054931641,0.07570774172169037,0.0,0.0,0.18181818181818182,0.0
0.776,0.251131350863373,0.2531508644194313,0.25454573744988723,215.1999969482422,0.08100483139248063,0.0,0.0,0.18181818181818182,0.0
0.78,0.25257327156591547,0.2524281324913916,0.24980903551758096,209.8699951171875,0.06733651332686434,0.0,0.0,0.18181818181818182,0.0
0.784,0.24364884011112758,0.24465872487902907,0.24615124132930025,208.75999450683597,0.0646386548623526,0.0,0.0,0.18181818181818182,0.0
0.788,0.2440905105869614,0.24261957711464965,0.24387499273341298,205.3699951171875,0.11693412754500059,0.0,0.0,0.18181818181818182,0.0
0.792,0.2471952268736644,0.24940813706652526,0.2507037385210748,210.13999938964844,0.07967604975188719,0.0,0.0,0.18181818181818182,0.0
0.796,0.24480498919307514,0.2449555766796631,0.2469275313017689,207.2400054931641,0.0625486780205701,0.0,0.0,0.18181818181818182,0.0
0.8,0.24949454172539398,0.24975660413646156,0.25121688173232826,211.7100067138672,0.06453926007681796,0.0,0.0,0.18181818181818182,0.0
0.804,0.24826045312675238,0.24952428619218137,0.24755908754404757,207.5399932861328,0.08441284449263661,0.0,0.0,0.18181818181818182,0.0
0.808,0.24286942512233584,0.24140643120285055,0.23705937718011713,199.33999633789065,0.1021883930300078,0.0,0.0,0.18181818181818182,0.0
0.812,0.23640016773081518,0.23779275186968413,0.23816460562330746,200.9499969482422,0.0836986603386599,0.0,0.0,0.18181818181818182,0.0
0.8160000000000001,0.24077796219635755,0.2461558236973787,0.24363814659455166,208.2700042724609,0.10690926157925265,0.0,0.0,0.18181818181818182,0.0
0.8200000000000001,0.2480396178888355,0.2504148022081474,0.24896695383560577,210.57000732421875,0.08289582678136849,0.0,0.0,0.18181818181818182,0.0
0.8240000000000001,0.24297333126336085,0.2486466887632669,0.24463811231789376,209.7700042724609,0.05506835694087411,0.0,0.0,0.18181818181818182,0.0
0.8280000000000001,0.2472082300076805,0.24960171894261873,0.2508090012409231,212.7899932861328,0.043425927187371254,0.0,0.0,0.18181818181818182,0.0
0.8320000000000001,0.2490788576957419,0.25091813477895847,0.2501379739883027,213.7700042724609,0.04873932681331682,0.0,0.0,0.18181818181818182,0.0
0.836,0.26538185411804877,0.26657309912933963,0.2640060110801338,221.25,0.0927533717954056,0.0,0.0,0.18181818181818182,0.0
0.84,0.26725248180611005,0.2765107025258213,0.2688085247987575,233.6499938964844,0.12128907745329068,0.0,0.0,0.18181818181818182,0.0
0.844,0.28033387248852343,0.28506735622960927,0.2845186293727169,238.3800048828125,0.1039210859129766,0.0,0.0,0.18181818181818182,0.0
0.848,0.28312681088659936,0.284512408389496,0.28522912763567904,239.88999938964844,0.07562504065496173,0.0,0.0,0.18181818181818182,0.0
0.852,0.2887516772629489,0.30023188690326297,0.29316312194334215,249.0200042724609,0.13418507117184725,0.0,0.0,0.18181818181818182,0.0
0.856,0.29845554352837916,0.2979862583687066,0.3002945055793719,248.5,0.07731168189984497,0.0,0.0,0.18181818181818182,0.0
0.86,0.297494243238167,0.2974183919415417,0.29634724393071116,249.6999969482422,0.07510600031737252,0.0,0.0,0.18181818181818182,0.0
0.864,0.305912067834443,0.3053942803240813,0.3041233541970074,250.55999755859372,0.09455053697169416,0.0,0.0,0.18181818181818182,0.0
0.868,0.29837760401168506,0.29765069019285384,0.2978866735644715,248.27999877929688,0.07043828303375142,0.0,0.0,0.18181818181818182,0.0
0.872,0.30604196042164966,0.30398753284322066,0.30279445000294347,249.91000366210935,0.07707605101830724,0.0,0.0,0.18181818181818182,0.0
0.876,0.30259949962198857,0.30508454932233176,0.30441282165738737,255.3600006103516,0.06391813860813912,0.0,0.0,0.18181818181818182,0.0
0.88,0.3064316778269709,0.308762762511852,0.3080179945241494,255.0800018310547,0.06972505828890149,0.0,0.0,0.18181818181818182,0.0
0.884,0.3123943085381291,0.31613206809200795,0.31409677103850736,263.989990234375,0.09790482316075033,0.0,0.0,0.18181818181818182,0.0
0.888,0.31691495908119294,0.31568035079049916,0.3175835107974333,261.1199951171875,0.08088375396068072,0.0,0.0,0.18181818181818182,0.0
0.892,0.31032883205833245,0.3116536902240107,0.31270207513493703,259.70001220703125,0.0756983395122479,0.0,0.0,0.18181818181818182,0.0
0.896,0.3098091824221033,0.31795181649915877,0.3141099414264953,263.0400085449219,0.13357661390364192,0.0,0.0,0.18181818181818182,0.0
0.9,0.3295287126634416,0.32823788696557665,0.3120836692038353,265.0599975585937,0.18846824768336273,0.0,0.0,0.18181818181818182,0.0
0.904,0.3196689277209218,0.327515155037537,0.3207413120856375,268.260009765625,0.0922400879125771,0.0,0.0,0.18181818181818182,0.0
0.908,0.32385185357287827,0.3311030168895682,0.32871477740364236,272.04998779296875,0.08889846592399445,0.0,0.0,0.18181818181818182,0.0
0.912,0.3333088981542101,0.33427787781530927,0.3334251987904057,273.54998779296875,0.07513056119101816,0.0,0.0,0.18181818181818182,0.0
0.916,0.329164981704302,0.3332970104618543,0.33320150296272133,274.989990234375,0.08020295724431602,0.0,0.0,0.18181818181818182,0.0
0.92,0.33193191383434567,0.3317870324423892,0.33093840467801094,271.1700134277344,0.0635877181048753,0.0,0.0,0.18181818181818182,0.0
0.924,0.32752817256632294,0.3283927524664514,0.33022792649185984,272.67999267578125,0.061361505167089735,0.0,0.0,0.18181818181818182,0.0
0.928,0.32520287126841174,0.32791523737677547,0.3282937666778712,268.989990234375,0.06796991523236601,0.0,0.0,0.18181818181818182,0.0
0.932,0.3211368546914965,0.32019744503371517,0.32059659843225846,265.82000732421875,0.06528261026824886,0.0,0.0,0.18181818181818182,0.0
0.936,0.3181750341260162,0.32415959143681783,0.32134658778237324,270.1300048828125,0.07083701346684214,0.0,0.0,0.18181818181818182,0.0
0.9400000000000001,0.3243065271827281,0.32423702418725525,0.325859613963806,267.2200012207031,0.05484846036901561,0.0,0.0,0.18181818181818182,0.0
0.9440000000000001,0.3156678871703858,0.31595136541703,0.31830719952519426,264.1400146484375,0.072946562254811,0.0,0.0,0.18181818181818182,0.0
0.9480000000000001,0.31744757220773695,0.3217461788143351,0.32046501501324537,264.8599853515625,0.05936228842870083,0.0,0.0,0.18181818181818182,0.0
0.9520000000000001,0.3150703376611638,0.3132282217927977,0.3108073863312901,259.3399963378906,0.07212223793307966,0.0,0.0,0.18181818181818182,0.0
0.9560000000000001,0.31248521154513803,0.317525896985817,0.31651775336458465,265.010009765625,0.06174622822692943,0.0,0.0,0.18181818181818182,0.0
0.96,0.31696693197355613,0.3225721412809792,0.31893873569066195,268.4599914550781,0.0649285883004662,0.0,0.0,0.18181818181818182,0.0
0.964,0.3236700079151591,0.3229593444191023,0.32534645067574164,266.32000732421875,0.047551386432535016,0.0,0.0,0.18181818181818182,0.0
0.968,0.3227346940711284,0.32232692444261546,0.3198597794701315,265.2900085449219,0.06768477883988631,0.0,0.0,0.18181818181818182,0.0
0.972,0.32040939277321717,0.32634070580798846,0.3246359724895905,271.8500061035156,0.07158727140398587,0.0,0.0,0.18181818181818182,0.0
0.976,0.32835954062562733,0.3290380516440537,0.3269253713966547,274.0,0.07267811958113732,0.0,0.0,0.18181818181818182,0.0
0.98,0.32708650209048923,0.3293607012328548,0.3298200460004546,270.6400146484375,0.09977029826686577,0.0,0.0,0.18181818181818182,0.0
0.984,0.32059127807463766,0.31888104889034347,0.31805720307515595,261.260009765625,0.09757286760288367,0.0,0.0,0.18181818181818182,0.0
0.988,0.3087309926787005,0.31187310927420736,0.3097284585104536,256.5199890136719,0.0749434764112956,0.0,0.0,0.18181818181818182,0.0
0.992,0.3055353337412873,0.3065687295536298,0.30096555290880317,250.0200042724609,0.09333189549885532,0.0,0.0,0.18181818181818182,0.0
0.996,0.3034828405736561,0.30494258271554053,0.30628118976186947,253.7899932861328,0.06304450065729118,0.0,0.0,0.18181818181818182,0.0
1.0,0.30462600634343817,0.30565241574949664,0.2984261374748898,246.02999877929688,0.09861823978742562,0.0,0.0,0.18181818181818182,0.0
0.0,0.8762121000664878,0.8789933412608761,0.8825396766154969,695.5401611328125,0.017219666889313544,0.0,0.0,0.5454545454545454,0.0
0.004,0.8791776332461195,0.8820553403005579,0.8852547474917699,691.9014282226562,0.019225215727939202,0.0,0.0,0.5454545454545454,0.0
0.008,0.8829201342183585,0.879533603869562,0.8821329834671461,700.2155151367188,0.015535136344509235,0.0,0.0,0.5454545454545454,0.0
0.012,0.8859764141014027,0.8867899681094712,0.8826969971438563,691.981201171875,0.013102842326290824,0.0,0.0,0.5454545454545454,0.0
0.016,0.8724953909814627,0.8694339754771081,0.876151837661236,691.20361328125,0.008766696836885673,0.0,0.0,0.5454545454545454,0.0
0.02,0.8655671061418094,0.86839180386325,0.8682949547649074,680.7462158203125,0.01251165442236759,0.0,0.0,0.5454545454545454,0.0
0.024,0.8810011091984513,0.8852771129703371,0.8853906599492751,700.4749145507812,0.021042528495890177,0.2625,0.0,0.5454545454545454,0.0
0.028,0.8844613527124752,0.8837576486847796,0.8887378975295126,695.5963134765625,0.014030782833714634,0.0,0.0,0.5454545454545454,0.0
0.032,0.8795106951284068,0.8781182209473766,0.8872153109395796,694.1398315429688,0.014035004233872477,0.0,0.0,0.5454545454545454,0.0
0.036000000000000004,0.8828414141716739,0.8784143246104158,0.865910591799336,680.751220703125,0.037963243501298365,0.0,0.0,0.5454545454545454,0.0
0.04,0.860731647366807,0.8748477275472767,0.8660156371792442,696.8933715820312,0.01597646454282908,0.0,0.0,0.5454545454545454,0.0
0.044,0.8882068684706836,0.8930540306184966,0.8966795950964714,710.5313110351562,0.02123997489418197,0.0,0.0,0.5454545454545454,0.0
0.048,0.8991321382220899,0.8974189167736132,0.9009720449001813,707.01953125,0.012599920062031558,0.0,0.0,0.5454545454545454,0.0
0.052000000000000005,0.9004799774957695,0.9124062504687999,0.908414894014628,724.3887939453125,0.02151167955888671,0.0,0.0,0.5454545454545454,0.0
0.056,0.916239351862295,0.9216896467643155,0.9278555050296803,731.9110717773438,0.030742922294960354,0.0,0.0,0.5454545454545454,0.0
0.06,0.9396063071752183,0.9377458374882917,0.9388689309483564,736.3607177734375,0.024269597034735024,0.0,0.0,0.5454545454545454,0.0
0.064,0.9296659705772583,0.9246768950597928,0.9140856644849886,717.5348510742188,0.02048779813878467,0.0,0.0,0.5454545454545454,0.0
0.068,0.9017370907649761,0.9022086336385159,0.9107120189591149,711.8980712890625,0.012631196799564658,0.0,0.0,0.5454545454545454,0.0
0.07200000000000001,0.9163560085116829,0.9134492783070762,0.9128386061446085,717.3253784179688,0.011220865383194722,0.0,0.0,0.5454545454545454,0.0
0.076,0.9046789987279117,0.9108354374800123,0.9116440838203559,716.6668701171875,0.012862222517293829,0.0,0.0,0.5454545454545454,0.0
0.08,0.9098240897158701,0.9055691491037338,0.9133504653175157,718.9813842773438,0.009626327414482588,0.0,0.0,0.5454545454545454,0.0
0.084,0.9113145134854126,0.9243936295780356,0.9237337282085636,731.0631103515625,0.016624833230708538,0.0,0.0,0.5454545454545454,0.0
0.088,0.922758171927594,0.9221660188254902,0.9196381476150219,725.5360107421875,0.013738163050046041,0.0,0.0,0.5454545454545454,0.0
0.092,0.9110294961701076,0.9084663260301604,0.906642870327535,715.8289184570312,0.015580804218944071,0.0,0.0,0.5454545454545454,0.0
0.096,0.904678971687066,0.9121229846882788,0.9156345476224796,719.2308349609375,0.011868850307423465,0.0,0.0,0.5454545454545454,0.0
0.1,0.9128439040708287,0.9075778711702307,0.90680035920265,708.7255859375,0.016838781465980984,0.0,0.0,0.5454545454545454,0.0
0.10400000000000001,0.8991968821363338,0.8940582476691975,0.8929516041245119,701.2630004882812,0.019790115821788603,0.0,0.0,0.5454545454545454,0.0
0.108,0.8875588512722351,0.8836676245753478,0.8901162232088013,699.7665405273438,0.017364153903806953,0.0,0.0,0.5454545454545454,0.0
0.112,0.8847076470389431,0.8821354217986362,0.8829491046785276,702.6298828125,0.019237879928412728,0.0,0.0,0.5454545454545454,0.0
0.116,0.8906821609863707,0.897959651067669,0.9014708412462472,711.2994384765625,0.012761100795330979,0.0,0.0,0.5454545454545454,0.0
0.12,0.9028516097287617,0.897444569778782,0.8957606543138515,703.1585693359375,0.011833735933383237,0.0,0.0,0.5454545454545454,0.0
0.124,0.8901249228995893,0.894908139062093,0.9003813351228831,711.9080810546875,0.011546872604475338,0.0,0.0,0.5454545454545454,0.0
0.128,0.9039662714500997,0.9064834871770094,0.9122873378261935,713.125244140625,0.015670796795036246,0.0,0.0,0.5454545454545454,0.0
0.132,0.9037976748845827,0.9026593185736267,0.9095306497806052,711.0101318359375,0.010587655359518423,0.0,0.0,0.5454545454545454,0.0
0.136,0.9015686720875727,0.9079255354011936,0.9105545732685163,715.9486083984375,0.011439610664101079,0.0,0.0,0.5454545454545454,0.0
0.14,0.9077893989375089,0.907577802258904,0.8937916758671405,698.35986328125,0.020172728181549374,0.0,0.0,0.5454545454545454,0.0
0.14400000000000002,0.8923540706195014,0.8870152861644445,0.8823583722596502,693.5811157226562,0.046672183908751746,0.0,0.0,0.5454545454545454,0.0
0.148,0.9793286943961534,0.9851928462735152,0.9799029621137847,771.6278076171875,0.06922558989749864,0.0,0.0,0.5454545454545454,0.0
0.152,0.9605755626989958,0.9610508708523632,0.9533870362964636,748.2527465820312,0.031228383313112187,0.0,0.0,0.5454545454545454,0.0
0.156,0.9596294989081371,0.9750210143670067,0.9705829871759619,774.5509643554688,0.025036356808859413,0.0,0.0,0.5454545454545454,0.0
0.16,0.9809486865875161,0.9831069727632861,0.9766081358716239,761.6712036132812,0.017051386528475935,0.0,0.0,0.5454545454545454,0.0
0.164,0.9725894994771593,0.9708879396570915,0.9732740160666734,770.1812133789062,0.013393351409880495,0.0,0.0,0.5454545454545454,0.0
0.168,0.9771124487437564,0.9726389404232428,0.9720793589392365,760.0449829101562,0.012022931413184699,0.0,0.0,0.5454545454545454,0.0
0.17200000000000001,0.9631935491709327,0.9660724817682994,0.9708062463955848,767.49755859375,0.0087630510822039,0.0,0.0,0.5454545454545454,0.0
0.176,0.9726932070442695,0.9706561909984067,0.978800315329283,764.0755615234375,0.009321810957641896,0.0,0.0,0.5454545454545454,0.0
0.18,0.9764774535927978,0.9966779652720043,0.988986600364604,788.1489868164062,0.022659708519994375,0.0,0.0,0.5454545454545454,0.0
0.184,1.0,0.998982869005392,0.9966001711305321,778.2523193359375,0.01162400909826863,0.0,0.0,0.5454545454545454,0.0
0.188,0.9828019358261966,0.9891327886996445,0.9890916271059749,780.2974243164062,0.010289279121089137,0.0,0.0,0.5454545454545454,0.0
0.192,0.9909279672857527,0.9999999999999999,1.0,783.3901977539062,0.02038072808023577,0.0,0.0,0.5454545454545454,0.0
0.196,0.9791861519066145,0.9736819262756721,0.9681545390411439,765.572021484375,0.026402555405397363,0.0,0.0,0.5454545454545454,0.0
0.2,0.9688569828320407,0.9625572650545258,0.9587032924178072,749.71923828125,0.018291710647580055,0.0,0.0,0.5454545454545454,0.0
0.20400000000000001,0.9435202294773878,0.9407072166593059,0.9346027233663105,745.9680786132812,0.01754624975607023,0.0,0.0,0.5454545454545454,0.0
0.20800000000000002,0.9398136133065892,0.9346555293207346,0.9373723685537813,737.3682250976562,0.011747772875623542,0.0,0.0,0.5454545454545454,0.0
0.212,0.932711498253413,0.9493339341197027,0.9390526506581275,753.021484375,0.015079608891113011,0.0,0.0,0.5454545454545454,0.0
0.216,0.952916174563547,0.9518832906671214,0.9597140641033582,751.5349731445312,0.007881162212865639,0.0,0.0,0.5454545454545454,0.0
0.22,0.9477062809597651,0.946720160647001,0.9568393679512934,752.3331298828125,0.009302239011455535,0.0,0.0,0.5454545454545454,0.0
0.224,0.9496502856707993,0.9457931476879194,0.9501447804126703,745.62890625,0.010671507717199193,0.0,0.0,0.5454545454545454,0.0
0.228,0.9388934277791552,0.9443767041656179,0.9474668155034068,749.35009765625,0.009045501129128601,0.0,0.0,0.5454545454545454,0.0
0.232,0.9405523950836969,0.936767221687729,0.9403127904195316,736.96923828125,0.012120407380465777,0.0,0.0,0.5454545454545454,0.0
0.23600000000000002,0.9156172030172841,0.9224235589680803,0.9224341527361644,733.3875732421875,0.012658444018765275,0.0,0.0,0.5454545454545454,0.0
0.24,0.928525439550161,0.9278957876841807,0.9385275497468745,735.3230590820312,0.009489323791178079,0.0,0.0,0.5454545454545454,0.0
0.244,0.9448162070456494,0.9548189591575789,0.9540564948567599,746.8959350585938,0.016665320295858748,0.0,0.0,0.5454545454545454,0.0
0.248,0.9500649857614518,0.9506858853006024,0.9530195034604951,750.68701171875,0.013258074723004193,0.0,0.0,0.5454545454545454,0.0
0.252,0.9544454154025969,0.9617074586580052,0.9621950003672204,750.5372924804688,0.019828875950510607,0.0,0.0,0.5454545454545454,0.0
0.256,0.9563764766764352,0.9614370722839427,0.9640458638021117,763.9059448242188,0.015820848382464996,0.0,0.0,0.5454545454545454,0.0
0.26,0.9662779689626727,0.9606645839186467,0.9608561077023476,750.2180786132812,0.01865935622496302,0.0,0.0,0.5454545454545454,0.0
0.264,0.9526958661039163,0.9495913600754343,0.9574037398292479,749.140625,0.009919139079976536,0.0,0.0,0.5454545454545454,0.0
0.268,0.9450234861600718,0.9501965642814524,0.951352349115832,753.8196411132812,0.010543330657861082,0.0,0.0,0.5454545454545454,0.0
0.272,0.9563505008379488,0.9714415197743298,0.9621555836610683,762.9082641601562,0.01492821413090677,0.0,0.0,0.5454545454545454,0.0
0.276,0.9687014257282213,0.9808279056921411,0.9793646778386034,777.1747436523438,0.01732424248413281,0.0,0.0,0.5454545454545454,0.0
0.28,0.9855365529582933,0.9833130009738679,0.980953124481265,773.9024658203125,0.012754384931443503,0.0,0.0,0.5454545454545454,0.0
0.28400000000000003,0.9865215183022418,0.9903818427453411,0.9902074313802443,778.421875,0.015736420379308155,0.0,0.0,0.5454545454545454,0.0
0.28800000000000003,0.9938697597636041,0.9929826269577141,0.9847335531586199,776.5562133789062,0.04018561880257682,0.0,0.0,0.5454545454545454,0.0
0.292,0.9886310102133931,0.987137525060562,0.9792150869317082,763.8824462890625,0.017179179824163334,0.2625,0.0,0.5454545454545454,0.0
0.296,0.9722903261952397,0.9676432888514586,0.9616133916850198,754.1387329101562,0.015578309755214438,0.0,0.0,0.5454545454545454,0.0
0.3,0.9570521062034736,0.9554160435516091,0.9635312846760421,759.3899536132812,0.01165547771762709,0.0,0.0,0.5454545454545454,0.0
0.304,0.9517997409336568,0.9498242089352826,0.9530490109842962,747.6595458984375,0.015038162416836018,0.0,0.0,0.5454545454545454,0.0
0.308,0.9473254910768983,0.9435880954953644,0.9435913720860324,742.5081787109375,0.013321203843546469,0.0,0.0,0.5454545454545454,0.0
0.312,0.9456654062030383,0.942106387026296,0.9459557929992137,742.1587524414062,0.012458695038569206,0.0,0.0,0.5454545454545454,0.0
0.316,0.9372747575453775,0.9320436674245028,0.9290766368531788,733.1538696289062,0.025852046448449698,0.0,0.0,0.5454545454545454,0.0
0.32,0.9103515112862387,0.9048316564803605,0.9079283102274213,716.1422729492188,0.0338972676219951,0.0,0.0,0.5454545454545454,0.0
0.324,0.9117651904816059,0.912459347976737,0.9183580057121149,725.8360595703125,0.016619652421423912,0.0,0.0,0.5454545454545454,0.0
0.328,0.9209081414741246,0.9166209875008268,0.9079020552749104,709.3735961914062,0.02571293212506627,0.0,0.0,0.5454545454545454,0.0
0.332,0.8892125333103981,0.8984282124315847,0.8820644512533871,714.465087890625,0.03626720004697267,0.0,0.0,0.5454545454545454,0.0
0.336,0.9054623010637908,0.9005154390218753,0.9020830023774863,711.889404296875,0.01786227912243231,0.0,0.0,0.5454545454545454,0.0
0.34,0.8999247120626288,0.9019971974288863,0.9047889435923785,716.6414794921875,0.015420966658422144,0.0,0.0,0.5454545454545454,0.0
0.34400000000000003,0.9061886183801181,0.9198549788811156,0.9108706927399864,732.2852783203125,0.019117761905739588,0.0,0.0,0.5454545454545454,0.0
0.34800000000000003,0.9225810916480016,0.9221226751772843,0.9004542181385503,704.1223754882812,0.02729749223885987,0.0,0.0,0.5454545454545454,0.0
0.352,0.8993540407490015,0.9023707748209667,0.9045656183462144,714.5050048828125,0.01246828912983703,0.0,0.0,0.5454545454545454,0.0
0.356,0.8925714166223587,0.8967145001904571,0.8936499740849744,707.466796875,0.011658547826832791,0.0,0.0,0.5454545454545454,0.0
0.36,0.9046064200695261,0.9074730875202843,0.9070220117913835,716.3519287109375,0.014377513292133746,0.0,0.0,0.5454545454545454,0.0
0.364,0.9052418839158229,0.9095216760315374,0.8996266865892004,710.881103515625,0.012017750603900076,0.0,0.0,0.5454545454545454,0.0
0.368,0.8916636061070521,0.9005669520830764,0.9025690156931403,715.7229614257812,0.018187518816411497,0.0,0.0,0.5454545454545454,0.0
0.372,0.9099625188607807,0.9201900137656553,0.9210376380099868,730.947509765625,0.011793632631883738,0.0,0.0,0.5454545454545454,0.0
0.376,0.9291952171195712,0.926284333663444,0.932294838692238,732.0457153320312,0.009389545241992724,0.0,0.0,0.5454545454545454,0.0
0.38,0.9263550422299148,0.9289900199324747,0.9260948743761782,732.1854248046875,0.011475684447268094,0.0,0.0,0.5454545454545454,0.0
0.384,0.927483329035524,0.931322110708348,0.938008777237914,732.7744750976562,0.013627639118640726,0.0,0.0,0.5454545454545454,0.0
0.388,0.930193776593247,0.9297760627620625,0.9354474266331573,737.127197265625,0.012275447895353793,0.0,0.0,0.5454545454545454,0.0
0.392,0.94697526231753,0.9485099119771165,0.9575938871563037,749.5663452148438,0.016438899741938132,0.0,0.0,0.5454545454545454,0.0
0.396,0.9507363099951424,0.9519243948811382,0.9543232197820891,750.1853637695312,0.01811345243182391,0.0,0.0,0.5454545454545454,0.0
0.4,0.9534856240554379,0.9529034895053242,0.950369344038211,750.4149169921875,0.0461757856265546,0.0,0.0,0.5454545454545454,0.0
0.404,0.8424731867631238,0.8521473747163549,0.8290755552606359,665.3572387695312,0.16441624463858193,0.0,0.0,0.5454545454545454,0.0
0.40800000000000003,0.8494243679244232,0.8443264582197969,0.8230331714609914,647.2674560546875,0.1039986061704206,0.0,0.0,0.5454545454545454,0.0
0.41200000000000003,0.8254191782152527,0.8242782753763598,0.8106988467153351,636.645263671875,0.05804367652485128,0.0,0.0,0.5454545454545454,0.0
0.41600000000000004,0.7891584832532643,0.8016145014636765,0.7973399761285572,626.2725830078125,0.047208109846972324,0.0,0.0,0.5454545454545454,0.0
0.42,0.794696174836818,0.8022458327734058,0.7980361262024688,634.88818359375,0.033514079616758265,0.0,0.0,0.5454545454545454,0.0
0.424,0.7992870603205084,0.7942188288027578,0.7868183522277403,617.9065551757812,0.04005513916133443,0.0,0.0,0.5454545454545454,0.0
0.428,0.7741795467263097,0.7763481071212543,0.7647505940534857,620.6719360351562,0.052178232887355194,0.0,0.0,0.5454545454545454,0.0
0.432,0.7931140543145254,0.7929304415702624,0.7869628800274925,630.7052001953125,0.0316434237013582,0.0,0.0,0.5454545454545454,0.0
0.436,0.7891066712424284,0.7859213038515805,0.7886442697353739,626.0330200195312,0.020240270584074845,0.0,0.0,0.5454545454545454,0.0
0.44,0.7892752459587558,0.7851868562592007,0.7733807182665721,607.9931640625,0.041713957541540975,0.0,0.0,0.5454545454545454,0.0
0.444,0.7697443050107047,0.7705759570602054,0.7671150315022165,608.8717041015625,0.03496067669812057,0.0,0.0,0.5454545454545454,0.0
0.448,0.755115526151303,0.7654608143225663,0.7568693214029949,608.4424438476562,0.034481547780205506,0.0,0.0,0.5454545454545454,0.0
0.452,0.764517812197669,0.7628967604424894,0.7571319854828594,601.0048217773438,0.026378762059053165,0.0,0.0,0.5454545454545454,0.0
0.456,0.7419003600020205,0.75255058720241,0.7418685244565167,596.6920776367188,0.04364678316835654,0.0,0.0,0.5454545454545454,0.0
0.46,0.7446496819873184,0.7418178609110354,0.7385451385092456,589.3343505859375,0.0421963484504871,0.0,0.0,0.5454545454545454,0.0
0.464,0.7573331646767,0.7564931714519392,0.7413035755630891,588.1663208007812,0.03424917888969884,0.0,0.0,0.5454545454545454,0.0
0.468,0.7378800684263604,0.7454126302654946,0.7393464291417704,593.2578125,0.035111879576501456,0.0,0.0,0.5454545454545454,0.0
0.47200000000000003,0.7511341235992861,0.7693519551540134,0.7600612714461206,612.0264282226562,0.039913338492396006,0.0,0.0,0.5454545454545454,0.0
0.47600000000000003,0.7839190920856005,0.7955716564840961,0.787212381316115,635.1576538085938,0.04309493103863137,0.0,0.0,0.5454545454545454,0.0
0.48,0.8016733720122222,0.7972595617262268,0.8047221655408391,632.5520629882812,0.02390003263909849,0.0,0.0,0.5454545454545454,0.0
0.484,0.7995854431190896,0.809744604608605,0.8098056471728503,646.8681640625,0.0158864719667369,0.0,0.0,0.5454545454545454,0.0
0.488,0.8040855107434961,0.8062271252547789,0.8127742447659081,639.7999267578125,0.01971777637362922,0.0,0.0,0.5454545454545454,0.0
0.492,0.8077038787173355,0.8095126742461997,0.8131814783318293,646.01953125,0.017052537819428074,0.0,0.0,0.5454545454545454,0.0
0.496,0.8103883285008037,0.8107753101688094,0.8124983894868034,638.5320434570312,0.016080464492172278,0.0,0.0,0.5454545454545454,0.0
0.5,0.8513567446927438,0.8458854686652423,0.842053495533226,660.425537109375,0.05203969420944784,0.0,0.0,0.5454545454545454,0.0
0.504,0.8357941748410502,0.8440687384008835,0.8451271949285318,672.2955932617188,0.03540987205128003,0.0,0.0,0.5454545454545454,0.0
0.508,0.842719518953438,0.8466714117363572,0.848647510411023,665.6866455078125,0.019969333446671532,0.0,0.0,0.5454545454545454,0.0
0.512,0.8354959766650553,0.8309137597698373,0.8332395778063176,655.8631591796875,0.019654839134912304,0.0,0.0,0.5454545454545454,0.0
0.516,0.8175730759646626,0.8180679490379209,0.8201827508150532,649.0444946289062,0.027164710015713203,0.0,0.0,0.5454545454545454,0.0
0.52,0.8089358058432897,0.8190600423880958,0.8167674213476237,651.6201782226562,0.01976920070282475,0.0,0.0,0.5454545454545454,0.0
0.524,0.8173785607976229,0.8908521599172942,0.8138908091574708,643.1543579101562,0.02161164998989742,0.0,0.0,0.5454545454545454,0.0
0.528,0.812744349750052,0.8168086133676654,0.8146932984348225,646.9561157226562,0.02455166331800901,0.2625,0.0,0.5454545454545454,0.0
0.532,0.8098888883545988,0.8291103696258164,0.82060913445878,656.587890625,0.02217232868358898,0.0,0.0,0.5454545454545454,0.0
0.536,0.8256068278035056,0.8274211178705444,0.8284968873837647,648.9443969726562,0.024646452939735098,0.0,0.0,0.5454545454545454,0.0
0.54,0.8274499136734419,0.8394520847288583,0.838041064743915,663.881591796875,0.03359159987420227,0.0,0.0,0.5454545454545454,0.0
0.544,0.8396374802291247,0.8400194965423823,0.8403022180675578,658.2064819335938,0.090612738151729,0.0,0.0,0.5454545454545454,0.0
0.548,0.8334464118513892,0.8433464349645895,0.8382908993305004,660.9341430664062,0.024763308971377178,0.0,0.0,0.5454545454545454,0.0
0.552,0.8313696085740753,0.8335719835240343,0.8403942099805485,664.3711547851562,0.011000393165860156,0.0,0.0,0.5454545454545454,0.0
0.556,0.8345885833163661,0.8363831174924163,0.8455870540953933,666.9789428710938,0.005513916133443064,0.0,0.0,0.5454545454545454,0.0
0.56,0.8417661381763524,0.8373760766817409,0.8444301982858303,662.7225952148438,0.008404232068787331,0.0,0.0,0.5454545454545454,0.0
0.5640000000000001,0.8287218843123216,0.8261574229354561,0.8353197958692765,658.1265258789062,0.011038193885455377,0.0,0.0,0.5454545454545454,0.0
0.5680000000000001,0.8296044503256921,0.8415926125251695,0.8398552601169937,665.3803100585938,0.01234490911613283,0.0,0.0,0.5454545454545454,0.0
0.5720000000000001,0.8374699135056672,0.8322824909476633,0.841958622541104,659.5253295898438,0.009951950872112491,0.0,0.0,0.5454545454545454,0.0
0.5760000000000001,0.8348480885008263,0.8314959442235909,0.8210034701946591,649.8535766601562,0.02105442516906228,0.0,0.0,0.5454545454545454,0.0
0.58,0.8196363810046347,0.8316893570835563,0.8265906762432408,658.2264404296875,0.01815163691506984,0.0,0.0,0.5454545454545454,0.0
0.584,0.8307466614314116,0.8329530871307091,0.8320463881663192,660.0548706054688,0.01596552727878376,0.0,0.0,0.5454545454545454,0.0
0.588,0.8256457755924713,0.8247389981087361,0.8227256215579017,648.1350708007812,0.01936548134227477,0.0,0.0,0.5454545454545454,0.0
0.592,0.8129779427433921,0.8092005397986296,0.8107756258990817,645.50732421875,0.017591341985028996,0.0,0.0,0.5454545454545454,0.0
0.596,0.8124068574465986,0.81932312605305,0.8201489409316768,652.5013427734375,0.017041024909906687,0.0,0.0,0.5454545454545454,0.0
0.6,0.8216092062555319,0.8180593333584121,0.8180192147270471,641.4207763671875,0.02310890387315383,0.0,0.0,0.5454545454545454,0.0
0.604,0.8082924366304567,0.8029723537776957,0.7954996659481217,630.5501708984375,0.029312827050578708,0.0,0.0,0.5454545454545454,0.0
0.608,0.787823981317546,0.7851515149212799,0.7832999389784034,614.9934692382812,0.024510984371033443,0.0,0.0,0.5454545454545454,0.0
0.612,0.7774145293083314,0.7796324417495177,0.7825242732015507,620.2689208984375,0.0198064257769439,0.0,0.0,0.5454545454545454,0.0
0.616,0.7848127895189472,0.7859639261518787,0.7902149203821369,619.7194213867188,0.02735966195027536,0.0,0.0,0.5454545454545454,0.0
0.62,0.7636564828960765,0.7631656702701323,0.7638171552645017,603.6032104492188,0.023823471790781266,0.0,0.0,0.5454545454545454,0.0
0.624,0.7621768115262512,0.772024481843351,0.7639223398816464,612.4356689453125,0.02252846135145056,0.0,0.0,0.5454545454545454,0.0
0.628,0.7915230637925748,0.8265700694686301,0.7987205070571332,647.0759887695312,0.03576830730104589,0.0,0.0,0.5454545454545454,0.0
0.632,0.8115372555265574,0.8342038533542567,0.8222523856738376,658.1964721679688,0.03846040931079694,0.0,0.0,0.5454545454545454,0.0
0.636,0.8379631329260789,0.8455385281370703,0.8443906510995103,671.7847900390625,0.026045079564758294,0.0,0.0,0.5454545454545454,0.0
0.64,0.8502416559249978,0.8475243645230999,0.8488209855611598,672.394287109375,0.020231060256457736,0.0,0.0,0.5454545454545454,0.0
0.644,0.8501247730195424,0.848633276789889,0.8507140195397517,668.1578979492188,0.044047816183351525,0.0,0.0,0.5454545454545454,0.0
0.648,0.9318037379122583,0.9341525660297986,0.9117785382619151,737.6784057617188,0.1095626034602817,0.0,0.0,0.5454545454545454,0.0
0.652,0.9189152928985336,0.9188978517683163,0.9131458283016708,715.8870849609375,0.0402773383150972,0.0,0.0,0.5454545454545454,0.0
0.656,0.9021718849488694,0.9048810211905415,0.8999074779892776,705.8056640625,0.022279974387613952,0.0,0.0,0.5454545454545454,0.0
0.66,0.8927878368776292,0.8993361972677946,0.8774141129104944,691.1082763671875,0.021120048753334186,0.0,0.0,0.5454545454545454,0.0
0.664,0.8672964604107277,0.8630112217443627,0.8525020266170843,668.417724609375,0.02711079122278804,0.0,0.0,0.5454545454545454,0.0
0.668,0.8359514198067677,0.85355921400955,0.8341497935138619,669.63671875,0.02758857696792561,0.0,0.0,0.5454545454545454,0.0
0.672,0.8384303877440834,0.8412960594668678,0.8249473453271732,660.8941650390625,0.029560162723463172,0.0,0.0,0.5454545454545454,0.0
0.676,0.8354321560233819,0.8558931356176664,0.8410910108339735,676.640625,0.023186232248772483,0.0,0.0,0.5454545454545454,0.0
0.68,0.8541483265305477,0.8524631070874207,0.8555649924621455,670.1461791992188,0.014778546307128736,0.0,0.0,0.5454545454545454,0.0
0.684,0.8494758414054187,0.8506836425047645,0.8388823996540008,668.1179809570312,0.02220053531191638,0.0,0.0,0.5454545454545454,0.0
0.6880000000000001,0.8442451628764638,0.8464670026516306,0.8233435942300706,649.254150390625,0.023421479366659496,0.0,0.0,0.5454545454545454,0.0
0.6920000000000001,0.8119655038820247,0.814784059477443,0.809263838841914,639.2227172851562,0.01838707591478221,0.0,0.0,0.5454545454545454,0.0
0.6960000000000001,0.8046971294505829,0.8033978243705774,0.801678429347879,638.7431030273438,0.019036212129963096,0.0,0.0,0.5454545454545454,0.0
0.7000000000000001,0.797298898719101,0.806492648628943,0.8008239754275652,642.6697387695312,0.02282491877162628,0.0,0.0,0.5454545454545454,0.0
0.704,0.8034900565246974,0.8093166336854357,0.812090259000843,644.2284545898438,0.013972450758806272,0.0,0.0,0.5454545454545454,0.0
0.708,0.8049437736020578,0.8301548662224031,0.8147985086639014,655.09912109375,0.021931325110941275,0.0,0.0,0.5454545454545454,0.0
0.712,0.8216221875536385,0.8228692691063473,0.8111438021398019,636.7048950195312,0.011228924419859693,0.0,0.0,0.5454545454545454,0.0
0.716,0.7963644292774663,0.8014765015026614,0.8019150639037751,638.7531127929688,0.014164140702337371,0.0,0.0,0.5454545454545454,0.0
0.72,0.8086298924254124,0.8179433442769974,0.8192155927472747,653.1307983398438,0.01645732039717235,0.0,0.0,0.5454545454545454,0.0
0.724,0.8190393072443074,0.827124579628041,0.8262620233919291,656.447998046875,0.015127579347452125,0.0,0.0,0.5454545454545454,0.0
0.728,0.8098239511973022,0.8122179684844201,0.8139307432899815,647.62548828125,0.02484696944723259,0.0,0.0,0.5454545454545454,0.0
0.732,0.8016599302614847,0.8257576907532937,0.8091718270606453,653.0009155273438,0.0135510782703235,0.0,0.0,0.5454545454545454,0.0
0.736,0.8161059608226326,0.8245971384632447,0.8148773731316006,654.5196533203125,0.018247769709573425,0.0,0.0,0.5454545454545454,0.0
0.74,0.8286569801662977,0.8423018932298102,0.8396317114348972,667.1587524414062,0.015458383614366654,0.0,0.0,0.5454545454545454,0.0
0.744,0.8338097893620194,0.8396326822008339,0.8299561174912858,660.0049438476562,0.020315488259614572,0.0,0.0,0.5454545454545454,0.0
0.748,0.8155998082448999,0.8122566493737453,0.8112883645355825,644.308349609375,0.019966263337465828,0.0,0.0,0.5454545454545454,0.0
0.752,0.7985708843211399,0.8100387142994772,0.7990228978598506,646.836181640625,0.020600049006618194,0.0,0.0,0.5454545454545454,0.0
0.756,0.8229460838499794,0.8262219015954751,0.8282339496882986,653.510498046875,0.013633971218877487,0.0,0.0,0.5454545454545454,0.0
0.76,0.8245036256632975,0.8247003134083045,0.8273925739946392,654.2998046875,0.011941381637408207,0.0,0.0,0.5454545454545454,0.0
0.764,0.8167030504592421,0.8174533797151139,0.812327002486927,637.6340942382812,0.017007637472294664,0.0,0.0,0.5454545454545454,0.0
0.768,0.7844363641175716,0.7860798832802866,0.7763717926943717,613.1849975585938,0.03109195533528375,0.0,0.0,0.5454545454545454,0.0
0.772,0.7956649419418161,0.7939761091065003,0.7948863620490229,627.4500122070312,0.023756888797382577,0.2625,0.0,0.5454545454545454,0.0
0.776,0.7904557595951188,0.796299170391494,0.7930443547973275,622.6599731445312,0.014573232753997332,0.0,0.0,0.5454545454545454,0.0
0.78,0.7753219352106262,0.7783599005172739,0.7837156244324721,615.6799926757812,0.017216404898282484,0.0,0.0,0.5454545454545454,0.0
0.784,0.7698789343138465,0.7659055948808008,0.7674660961017163,606.7000122070312,0.020135694989255576,0.0,0.0,0.5454545454545454,0.0
0.788,0.7586811744535106,0.7542386141076255,0.747716617470425,593.6599731445312,0.03542330377905498,0.0,0.0,0.5454545454545454,0.0
0.792,0.7616169491072574,0.7602786049573582,0.763189895982334,604.0599975585938,0.020884609753621816,0.0,0.0,0.5454545454545454,0.0
0.796,0.7529263362025519,0.750418414618346,0.7526506945312509,592.9199829101562,0.015323298809315707,0.0,0.0,0.5454545454545454,0.0
0.8,0.7524586991023872,0.753864290170618,0.755808535973077,594.8900146484375,0.018864094132618355,0.0,0.0,0.5454545454545454,0.0
0.804,0.7313492210508696,0.7271876442246638,0.6899549898887924,547.5399780273438,0.06337127540587323,0.0,0.0,0.5454545454545454,0.0
0.808,0.6762826928155035,0.6763380375208548,0.6595742777049904,525.719970703125,0.05253551684616891,0.0,0.0,0.5454545454545454,0.0
0.812,0.6714502842056631,0.6711111299366507,0.6704686780955272,536.3800048828125,0.03845561226516303,0.0,0.0,0.5454545454545454,0.0
0.8160000000000001,0.6891172618138184,0.715172176688584,0.6944549259894812,572.1300048828125,0.057841624962750936,0.0,0.0,0.5454545454545454,0.0
0.8200000000000001,0.7282834943443642,0.739512842762493,0.7300460524601231,579.22998046875,0.04001541962348564,0.0,0.0,0.5454545454545454,0.0
0.8240000000000001,0.7099799181812375,0.7213799516262431,0.7114676140583396,574.4600219726562,0.020655310972320855,0.0,0.0,0.5454545454545454,0.0
0.8280000000000001,0.7251138218531327,0.7269165902121968,0.7276513707563997,573.02001953125,0.01297466526695271,0.0,0.0,0.5454545454545454,0.0
0.8320000000000001,0.7183457698851504,0.717159669797725,0.7181253254934575,575.0499877929688,0.013099580335259764,0.0,0.0,0.5454545454545454,0.0
0.836,0.7618897770593881,0.7877812527558927,0.7537427927400753,612.4199829101562,0.056188179273654375,0.0,0.0,0.5454545454545454,0.0
0.84,0.7891307085239163,0.7975252545833128,0.7947548187836317,628.3900146484375,0.031198065984705863,0.0,0.0,0.5454545454545454,0.0
0.844,0.7988735445476937,0.798919122863058,0.7965047939338996,629.8599853515625,0.020226071328998466,0.0,0.0,0.5454545454545454,0.0
0.848,0.7924173299338904,0.7942987586953014,0.796596906342571,634.530029296875,0.013019181850435407,0.0,0.0,0.5454545454545454,0.0
0.852,0.8102401865754338,0.8346428758824959,0.8162937034219108,662.489990234375,0.028905270053521594,0.0,0.0,0.5454545454545454,0.0
0.856,0.8411315100527771,0.8504397871467002,0.8489901552887528,671.5800170898438,0.02340708822975776,0.0,0.0,0.5454545454545454,0.0
0.86,0.8528099101472938,0.8492524587160363,0.8536348050428205,676.8699951171875,0.013030502878131438,0.0,0.0,0.5454545454545454,0.0
0.864,0.8562003980545917,0.8672434029384628,0.8633450751231054,688.5499877929688,0.02596084344342681,0.0,0.0,0.5454545454545454,0.0
0.868,0.8597857743973262,0.8567379134218484,0.8539637435135423,670.9099731445312,0.018766234401686566,0.0,0.0,0.5454545454545454,0.0
0.872,0.8463276892654583,0.8474714266841041,0.8530822108980364,668.8400268554688,0.011332924369202892,0.0,0.0,0.5454545454545454,0.0
0.876,0.8506924607751339,0.8502849216458255,0.8562663128085943,674.719970703125,0.012398827909057993,0.0,0.0,0.5454545454545454,0.0
0.88,0.8368446780597956,0.8389018347002964,0.8342932069029344,659.1500244140625,0.01710261897584611,0.0,0.0,0.5454545454545454,0.0
0.884,0.8324539002820877,0.8532403635213699,0.835332703867051,675.030029296875,0.02032872810556417,0.0,0.0,0.5454545454545454,0.0
0.888,0.8463276892654583,0.8556021805675185,0.8577005198761284,678.6199951171875,0.01928661791205327,0.0,0.0,0.5454545454545454,0.0
0.892,0.8505365817417457,0.8500267862204101,0.8508454132356799,671.3400268554688,0.01506828786341698,0.0,0.0,0.5454545454545454,0.0
0.896,0.8436126507403753,0.8449547441370808,0.8484507315319564,669.1199951171875,0.031072575270922748,0.0,0.0,0.5454545454545454,0.0
0.9,0.7791930633521049,0.7760367604604078,0.764492479477233,611.9099731445312,0.09596221156084159,0.0,0.0,0.5454545454545454,0.0
0.904,0.7731784795704342,0.7734943195111534,0.7725317164279334,608.75,0.03578615231080404,0.0,0.0,0.5454545454545454,0.0
0.908,0.7644099271490346,0.7671961932360054,0.768110802655172,610.4099731445312,0.02580810551044307,0.0,0.0,0.5454545454545454,0.0
0.912,0.7713857913990669,0.7676478711515781,0.7649661316013338,604.9600219726562,0.027664370288941406,0.0,0.0,0.5454545454545454,0.0
0.916,0.7554594894262145,0.7748752692038471,0.7619925149768504,612.8800048828125,0.03292999134037322,0.0,0.0,0.5454545454545454,0.0
0.92,0.7732174096850799,0.7813669379691525,0.7823077581409139,616.8099975585938,0.018331430185428838,0.0,0.0,0.5454545454545454,0.0
0.924,0.7738410051060354,0.7707711758869212,0.7724659447952379,609.6300048828125,0.020729185475083088,0.0,0.0,0.5454545454545454,0.0
0.928,0.7600321525053428,0.755464619527572,0.7619662545081184,598.8599853515625,0.025302880664279527,0.0,0.0,0.5454545454545454,0.0
0.932,0.7473664656744322,0.7539675600951585,0.7547558686209724,603.0,0.01649742369867185,0.0,0.0,0.5454545454545454,0.0
0.936,0.7525756480211296,0.7748107550404613,0.7600978261732034,616.6300048828125,0.022796520261473524,0.0,0.0,0.5454545454545454,0.0
0.9400000000000001,0.7748802250910911,0.7797536900251467,0.7842287877205365,618.4299926757812,0.015153483393875247,0.0,0.0,0.5454545454545454,0.0
0.9440000000000001,0.7722691323507345,0.7764885171478527,0.7767421449146202,614.22998046875,0.020183473563769334,0.0,0.0,0.5454545454545454,0.0
0.9480000000000001,0.7659297873682711,0.7692482792804045,0.7693476145173754,611.2100219726562,0.021142498926900892,0.0,0.0,0.5454545454545454,0.0
0.9520000000000001,0.7656829656841726,0.7671058418985164,0.7652161280513721,602.6099853515625,0.01726168900906661,0.0,0.0,0.5454545454545454,0.0
0.9560000000000001,0.75508279497676,0.759452603104778,0.761610975261421,605.0599975585938,0.01645540157891879,0.0,0.0,0.5454545454545454,0.0
0.96,0.7540955082403662,0.7615175289643564,0.7576637136127602,607.3800048828125,0.020573953078369716,0.0,0.0,0.5454545454545454,0.0
0.964,0.7643319876323404,0.7682415747528463,0.7736369850247458,610.260009765625,0.017144065450123102,0.0,0.0,0.5454545454545454,0.0
0.968,0.7656440355695269,0.7678027366524529,0.7714659589950847,612.3400268554688,0.018190972689267913,0.0,0.0,0.5454545454545454,0.0
0.972,0.7663065611051281,0.7988158529385174,0.7763342644232151,635.260009765625,0.039124128544704914,0.0,0.0,0.5454545454545454,0.0
0.976,0.8054077779655935,0.8046235455369379,0.8030572225723583,635.2899780273438,0.026898953687594512,0.0,0.0,0.5454545454545454,0.0
0.98,0.7976135091465716,0.7936534595176991,0.7952153005197447,632.510009765625,0.03272084015073468,0.0,0.0,0.5454545454545454,0.0
0.984,0.7935865019717047,0.7952667074617048,0.7638741136997532,600.469970703125,0.050627827738475045,0.0,0.0,0.5454545454545454,0.0
0.988,0.7583044007166536,0.7605883359591078,0.7601241669491792,597.6300048828125,0.02973803717556861,0.0,0.0,0.5454545454545454,0.0
0.992,0.7579926426498771,0.7802957980500808,0.7648477587239305,622.97998046875,0.038887154490389694,0.0,0.0,0.5454545454545454,0.0
0.996,0.7848438765309348,0.8038492180325642,0.7940048294335169,627.5700073242188,0.03591125926093645,0.0,0.0,0.5454545454545454,0.0
1.0,0.7845711278662066,0.7866067641404081,0.7420062102835085,593.0,0.05124398330551366,0.0,0.0,0.5454545454545454,0.0
0.0,0.15953641349397643,0.15941406624994484,0.16097190279516294,141.52166748046875,0.2901872977685487,0.0,0.0,0.8181818181818182,0.0
0.004,0.16041854721794124,0.16164368048719518,0.1615369048323722,142.43040466308594,0.3499168480109817,0.0,0.0,0.8181818181818182,0.0
0.008,0.15976993334733455,0.16072862890162612,0.160998195432174,143.758544921875,0.29382480153183094,0.0,0.0,0.8181818181818182,0.0
0.012,0.1622736185218193,0.16164376051396873,0.16145785048463734,142.6400146484375,0.31649007462476064,0.005,0.0,0.8181818181818182,0.0
0.016,0.15884870602914308,0.16165664552870151,0.1614315881159712,144.80712890625,0.30626469215151525,0.0,0.0,0.8181818181818182,0.0
0.02,0.15951030798886273,0.15982641336361306,0.16011756182337605,141.78114318847656,0.341677634312001,0.0,0.0,0.8181818181818182,0.0
0.024,0.16063900920814833,0.16317751599890246,0.16320548067161736,144.49754333496094,0.3461160528143211,0.0,0.0,0.8181818181818182,0.0
0.028,0.16211793596871446,0.16194018693842022,0.16396759144386572,143.92828369140625,0.2616387360283647,0.0,0.0,0.8181818181818182,0.0
0.032,0.16149522067109418,0.16249440764104944,0.16310035531513964,145.28648376464844,0.3045935933344859,0.0,0.0,0.8181818181818182,0.0
0.036000000000000004,0.16336335827947057,0.16320329464280597,0.16248277013452542,143.65866088867188,0.46090455778818584,0.0,0.0,0.8181818181818182,0.0
0.04,0.15953629506537226,0.16137310277765615,0.16166811195658687,143.97824096679688,0.29080650041897393,0.0,0.0,0.8181818181818182,0.0
0.044,0.16350606498193004,0.16547173997947273,0.16622768978188873,147.70326232910156,0.35462102284142055,0.0,0.0,0.8181818181818182,0.0
0.048,0.16831913427038206,0.17383658472531102,0.17116835174808928,154.10475158691406,0.5111589834945172,0.0,0.0,0.8181818181818182,0.0
0.052000000000000005,0.1770240978447274,0.17676232970133227,0.177396714911115,154.8137969970703,0.374921352436832,0.0,0.0,0.8181818181818182,0.0
0.056,0.1771019530912156,0.1793272307819192,0.17905237187328316,157.54017639160156,0.49981492997944366,0.0,0.0,0.8181818181818182,0.0
0.06,0.18016362029714558,0.17926278120332553,0.17997218900827722,157.7798614501953,0.368079997835573,0.0,0.0,0.8181818181818182,0.0
0.064,0.17742628425979481,0.17738100871845974,0.17409859389701662,153.09609985351562,0.4036995967219676,0.0,0.0,0.8181818181818182,0.0
0.068,0.17313215514245867,0.1778965597358013,0.1760433005817112,157.04083251953125,0.32326369494166884,0.0,0.0,0.8181818181818182,0.0
0.07200000000000001,0.18012469604479023,0.18225297017132297,0.18235052626747267,159.1280517578125,0.27048084242261544,0.0,0.0,0.8181818181818182,0.0
0.076,0.1799041567583919,0.18010054233960288,0.18178549645678793,158.02952575683594,0.26361703764778976,0.0,0.0,0.8181818181818182,0.0
0.08,0.18137013950874772,0.18127343770448395,0.1831652127846542,159.7871856689453,0.2597678882311393,0.0,0.0,0.8181818181818182,0.0
0.084,0.18382204905711727,0.18668671813880755,0.18680499001638864,162.66334533691406,0.3471190191154593,0.0,0.0,0.8181818181818182,0.0
0.088,0.1878437461919262,0.18678983800010782,0.18739629465106775,163.88172912597656,0.31650945468912167,0.0,0.0,0.8181818181818182,0.0
0.092,0.18706535760284623,0.19115915571499656,0.18984035197227633,164.7006378173828,0.36626287694944737,0.0,0.0,0.8181818181818182,0.0
0.096,0.18920592077410325,0.18806584558039488,0.18793504862734986,163.85177612304688,0.2575474317481144,0.0,0.0,0.8181818181818182,0.0
0.1,0.19675631355619397,0.19697200204370655,0.19736958492490517,170.4729461669922,0.4372478313036393,0.0,0.0,0.8181818181818182,0.0
0.10400000000000001,0.1965876640163629,0.1961342447738169,0.1969753877768683,171.14205932617188,0.2994845478525449,0.0,0.0,0.8181818181818182,0.0
0.108,0.19783309868197493,0.19924045620075861,0.1995114272596663,172.7698974609375,0.3033406050149082,0.0,0.0,0.8181818181818182,0.0
0.112,0.19993475726144852,0.19935646221265874,0.2000764506803218,172.18069458007812,0.27573898008285835,0.0,0.0,0.8181818181818182,0.0
0.116,0.19878013031567768,0.19823512579033958,0.19973480127605917,171.1520538330078,0.23097237458172157,0.0,0.0,0.8181818181818182,0.0
0.12,0.19695092522819904,0.19567026051160363,0.1912989153420597,166.80784606933594,0.36526701027584735,0.0,0.0,0.8181818181818182,0.0
0.124,0.19460276219749797,0.19550267716375086,0.19575336537493931,170.55284118652344,0.29037150432089087,0.0,0.0,0.8181818181818182,0.0
0.128,0.19837795969013294,0.19881511309558905,0.20012900085820431,173.5089111328125,0.24221377132022945,0.0,0.0,0.8181818181818182,0.0
0.132,0.1998958196735608,0.19996221858940166,0.2023102535142841,173.26922607421875,0.2294194749691118,0.0,0.0,0.8181818181818182,0.0
0.136,0.2004277107561806,0.20290085358106558,0.20363737633933923,176.514892578125,0.26339541413950307,0.0,0.0,0.8181818181818182,0.0
0.14,0.20553918059038506,0.20596843649780938,0.20501712235759156,175.2765655517578,0.2903624858750991,0.0,0.0,0.8181818181818182,0.0
0.14400000000000002,0.2036580303003952,0.20662573415020433,0.20635736697012969,179.03155517578125,0.3291891975905015,0.0,0.0,0.8181818181818182,0.0
0.148,0.21194788388693858,0.21102082472727446,0.20621282497626453,177.63340759277344,0.4200897584802652,0.0,0.0,0.8181818181818182,0.0
0.152,0.20051852978425228,0.20230797664304984,0.19959025955760176,173.4889373779297,0.3871697449948105,0.0,0.0,0.8181818181818182,0.0
0.156,0.20190667655044645,0.207025296831868,0.20436010799383936,179.76058959960938,0.27903589360613296,0.0,0.0,0.8181818181818182,0.0
0.16,0.20769268588686263,0.20710261324041523,0.20617340639569595,178.02288818359375,0.29483352428772985,0.0,0.0,0.8181818181818182,0.0
0.164,0.20342452421601956,0.20663861736816871,0.20663331806579288,179.1813507080078,0.2579628559000111,0.0,0.0,0.8181818181818182,0.0
0.168,0.2102224657157058,0.21176837437285073,0.20998402538504374,180.5295562744141,0.2861428126536853,0.0,0.0,0.8181818181818182,0.0
0.17200000000000001,0.21019651857084748,0.2110208253838016,0.21208642413153758,182.4569854736328,0.23149160680113615,0.0,0.0,0.8181818181818182,0.0
0.176,0.2108451613984061,0.21171679716887154,0.21188931590320842,181.8178253173828,0.2601328474629673,0.0,0.0,0.8181818181818182,0.0
0.18,0.212025742148232,0.21254169832858708,0.21085127936312278,182.9163818359375,0.2738763832041233,0.0,0.0,0.8181818181818182,0.0
0.184,0.2115846222599282,0.211884358629715,0.21070672114933844,181.34844970703125,0.33985686767119355,0.0,0.0,0.8181818181818182,0.0
0.188,0.20786131918146733,0.21065991482826116,0.2108512521776564,181.7778778076172,0.24330634643380908,0.0,0.0,0.8181818181818182,0.0
0.192,0.21062463287517505,0.20921637654274103,0.2089853717675482,180.20997619628903,0.2952069263198735,0.0,0.0,0.8181818181818182,0.0
0.196,0.2089640488756834,0.21055680446334207,0.21233606519651305,181.76788330078125,0.24801512642805645,0.0,0.0,0.8181818181818182,0.0
0.2,0.21133813532695073,0.20998970745220522,0.2056346723395698,175.4063720703125,0.3501369364646656,0.0,0.0,0.8181818181818182,0.0
0.20400000000000001,0.2019196234475277,0.2016119781568043,0.1968439856562251,175.16668701171875,0.4075355062926685,0.0,0.0,0.8181818181818182,0.0
0.20800000000000002,0.20150448021157127,0.2027719516112482,0.2034271249851019,174.7472381591797,0.26342880157711507,0.0,0.0,0.8181818181818182,0.0
0.212,0.19859851031366396,0.20495019233042858,0.1999976016243575,177.75326538085938,0.32626722115397344,0.0,0.0,0.8181818181818182,0.0
0.216,0.20604510989595504,0.2092292821429899,0.20705380882748708,179.57083129882812,0.3075077026161743,0.0,0.0,0.8181818181818182,0.0
0.22,0.20826350789303497,0.20984793696617104,0.20999716159249932,181.5282287597656,0.31839776373245454,0.0,0.0,0.8181818181818182,0.0
0.224,0.2107543377401892,0.209976816799161,0.2103782177019667,181.3584442138672,0.44663373079095026,0.0,0.0,0.8181818181818182,0.0
0.228,0.20924949189586928,0.2125288238935953,0.20684357090196107,179.93035888671875,0.5354153406833027,0.0,0.0,0.8181818181818182,0.0
0.232,0.20573373117154564,0.20438305884098507,0.2025598829216766,173.94830322265625,0.4614834652552863,0.0,0.0,0.8181818181818182,0.0
0.23600000000000002,0.19521250273352392,0.19694623804875247,0.19476786254396125,170.55284118652344,0.43827919611493027,0.0,0.0,0.8181818181818182,0.0
0.24,0.19658767641533242,0.1969849238685255,0.1969491345348515,170.39306640625,0.3102172658720328,0.0,0.0,0.8181818181818182,0.0
0.244,0.1959519968753078,0.19627602806425415,0.19764554809761536,171.4316864013672,0.26655494027582244,0.0,0.0,0.8181818181818182,0.0
0.248,0.1926568115235689,0.19262850115579258,0.19062878310796905,166.79786682128906,0.4253780215870891,0.0,0.0,0.8181818181818182,0.0
0.252,0.192034074090853,0.19511602215296603,0.19493868323121885,168.08612060546875,0.3089589048613452,0.0,0.0,0.8181818181818182,0.0
0.256,0.19403192498642222,0.1951417771929882,0.1941371317648788,170.53285217285156,0.29702251215139625,0.0,0.0,0.8181818181818182,0.0
0.26,0.2038266856563051,0.20585239505651895,0.20560839304680037,177.09413146972656,0.43000352486913174,0.0,0.0,0.8181818181818182,0.0
0.264,0.20778368867323127,0.20714152139003222,0.2069486297806829,176.9443359375,0.28476299044754705,0.005,0.0,0.8181818181818182,0.0
0.268,0.2053056539199366,0.20497605280178097,0.20690917435115055,177.59349060058594,0.23439727328250892,0.0,0.0,0.8181818181818182,0.0
0.272,0.20258113002812145,0.2052982944644756,0.20435986326826766,177.52357482910156,0.27690024888991566,0.0,0.0,0.8181818181818182,0.0
0.276,0.20430666928230953,0.20355820635265032,0.20418905491140235,174.65724182128906,0.2647660260180242,0.0,0.0,0.8181818181818182,0.0
0.28,0.19865004426255164,0.1980156950690714,0.19634400496386314,170.0730743408203,0.4012055167559844,0.0,0.0,0.8181818181818182,0.0
0.28400000000000003,0.20038855614767193,0.20304264301335326,0.2023230772454308,176.01551818847656,0.36267468681528164,0.0,0.0,0.8181818181818182,0.0
0.28800000000000003,0.20271087377114963,0.20430579091759604,0.20524028979455264,176.4449462890625,0.4498251093102788,0.0,0.0,0.8181818181818182,0.0
0.292,0.20210110597092823,0.21264533435871472,0.20462269882865528,183.3761138916016,0.5121001638478906,0.0,0.0,0.8181818181818182,0.0
0.296,0.21075470667210155,0.20989986667694377,0.2065938268228149,178.2027130126953,0.3642026417905951,0.0,0.0,0.8181818181818182,0.0
0.3,0.20790043471854575,0.20649701023442335,0.20552938941599228,176.74456787109375,0.2701891820480737,0.0,0.0,0.8181818181818182,0.0
0.304,0.20103725202200884,0.20711572493745944,0.20254646889914774,177.4636688232422,0.3623358235117022,0.0,0.0,0.8181818181818182,0.0
0.308,0.2058246196131868,0.2064841446482076,0.2049117879840029,177.96302795410156,0.2798016939711306,0.0,0.0,0.8181818181818182,0.0
0.312,0.20875672457340247,0.21193642691475884,0.21199469770874727,181.61837768554688,0.3651695343085663,0.0,0.0,0.8181818181818182,0.0
0.316,0.2108974077530935,0.21625440930692605,0.21351899022020135,186.3423309326172,0.449439234959487,0.0,0.0,0.8181818181818182,0.0
0.32,0.21499716696549523,0.21727267653563603,0.21669905811849222,187.00149536132807,0.3282925338206108,0.0,0.0,0.8181818181818182,0.0
0.324,0.22065380317917577,0.2210235532623118,0.22216564163913094,188.6493988037109,0.2572212326450084,0.0,0.0,0.8181818181818182,0.0
0.328,0.22012184815967561,0.220134151243161,0.21864390225586397,187.3809967041016,0.2587392097654033,0.0,0.0,0.8181818181818182,0.0
0.332,0.21533448286032947,0.21609972495558916,0.2159500457806653,185.30364990234372,0.2972713828788836,0.0,0.0,0.8181818181818182,0.0
0.336,0.21628157724292474,0.21845851904379163,0.21683048072319636,184.8042907714844,0.26351917791685797,0.0,0.0,0.8181818181818182,0.0
0.34,0.21672270024829413,0.21915456071872227,0.22016822500051877,188.86911010742188,0.24448622777792592,0.0,0.0,0.8181818181818182,0.0
0.34400000000000003,0.22406590986638508,0.22650159359612188,0.22610785941925252,192.32470703125,0.34585413412270954,0.0,0.0,0.8181818181818182,0.0
0.34800000000000003,0.22572657676778568,0.226914058026717,0.21426803405103928,182.92669677734372,0.5104449912223659,0.0,0.0,0.8181818181818182,0.0
0.352,0.21853903942864686,0.2198119213830884,0.21940607849676497,188.0801239013672,0.28922136465970427,0.0,0.0,0.8181818181818182,0.0
0.356,0.2143873737629663,0.21296755550001528,0.21117991714323164,179.8006591796875,0.3893042384200757,0.0,0.0,0.8181818181818182,0.0
0.36,0.21442632042031798,0.213057798451217,0.20801301074834036,179.60093688964844,0.4062073002975511,0.0,0.0,0.8181818181818182,0.0
0.364,0.2110920240827723,0.2110083713735005,0.21127194407455355,181.5784149169922,0.3395721150423646,0.0,0.0,0.8181818181818182,0.0
0.368,0.20843236457334904,0.2120653175829029,0.2112456510565142,182.9866180419922,0.326930748506056,0.0,0.0,0.8181818181818182,0.0
0.372,0.21225967289195521,0.21348314728626896,0.2138475113224705,182.4073486328125,0.2413696831704864,0.0,0.0,0.8181818181818182,0.0
0.376,0.2118185341933936,0.2103767515867535,0.21131133970717292,180.92922973632807,0.23311012999801783,0.0,0.0,0.8181818181818182,0.0
0.38,0.2096778592510188,0.2112145943747123,0.2073165425101296,180.05035400390625,0.3060432605250539,0.0,0.0,0.8181818181818182,0.0
0.384,0.20874373575447958,0.21068611728107972,0.211298195691455,181.92796325683597,0.20840246675599403,0.0,0.0,0.8181818181818182,0.0
0.388,0.2131807931189213,0.21640906336917223,0.21617341893101755,186.0227203369141,0.24665027100429604,0.0,0.0,0.8181818181818182,0.0
0.392,0.22115976568060408,0.2222480371152882,0.22265182511232193,191.2460784912109,0.289163608230272,0.0,0.0,0.8181818181818182,0.0
0.396,0.22512980302769509,0.23661989842411324,0.22722485759005637,200.77394104003903,0.5664971262818425,0.0,0.0,0.8181818181818182,0.0
0.4,0.24449982252133817,0.24827205160200083,0.24413702837796283,206.7762756347656,0.5873036401325442,0.0,0.0,0.8181818181818182,0.0
0.404,0.24082819747601641,0.24049964927159195,0.23970858362180028,202.63156127929688,0.337924042044378,0.0,0.0,0.8181818181818182,0.0
0.40800000000000003,0.24251480066401976,0.24283264570098312,0.2405758720121385,202.2320709228516,0.3397235098025708,0.0,0.0,0.8181818181818182,0.0
0.41200000000000003,0.24462954243395385,0.2471764051849576,0.24516198052953134,206.6164703369141,0.3406159521723037,0.0,0.0,0.8181818181818182,0.0
0.41600000000000004,0.23803880431706065,0.23767682362375592,0.23513556589784299,198.43690490722656,0.35721756770214413,0.0,0.0,0.8181818181818182,0.0
0.42,0.2325508597560444,0.23632342752317065,0.23082540188768183,194.9613494873047,0.3235058498052687,0.0,0.0,0.8181818181818182,0.0
0.424,0.22950198082365292,0.22949196096823188,0.2199579880836633,187.8404235839844,0.4226694177403574,0.0,0.0,0.8181818181818182,0.0
0.428,0.21455605813513434,0.21750471760544648,0.21014184094328944,187.91033935546875,0.5030918877928812,0.0,0.0,0.8181818181818182,0.0
0.432,0.22780241816779712,0.23248236000323008,0.22969530505718058,198.7964630126953,0.37636315247256036,0.0,0.0,0.8181818181818182,0.0
0.436,0.22786727808388701,0.22665626687973017,0.2264232503642695,192.91395568847656,0.3333551439008155,0.0,0.0,0.8181818181818182,0.0
0.44,0.22859382190926775,0.2272620855172895,0.22619986799027994,193.5531463623047,0.29200844817300675,0.0,0.0,0.8181818181818182,0.0
0.444,0.22253498535151134,0.2215262152813704,0.216633355980936,186.62196350097656,0.39272299690245166,0.0,0.0,0.8181818181818182,0.0
0.448,0.21190938372000315,0.2209719811166325,0.21233634150641897,189.92776489257807,0.352751710098798,0.0,0.0,0.8181818181818182,0.0
0.452,0.21594424770936693,0.21838116954207215,0.217250979975218,186.3623046875,0.32787806907784084,0.0,0.0,0.8181818181818182,0.0
0.456,0.21258402329530093,0.2129675763019037,0.21111422986189785,181.1289825439453,0.40457323467281553,0.0,0.0,0.8181818181818182,0.0
0.46,0.2144133038749595,0.21691174894036971,0.2152929834716615,186.2823944091797,0.46913667185962843,0.0,0.0,0.8181818181818182,0.0
0.464,0.22889220387404635,0.22740385914816436,0.2113770593573373,180.40989685058597,0.6538390468385454,0.0,0.0,0.8181818181818182,0.0
0.468,0.20980760872038853,0.2126582195414348,0.20228362441565986,178.6521453857422,0.6604040916112911,0.0,0.0,0.8181818181818182,0.0
0.47200000000000003,0.20753718338606159,0.2112919384426707,0.20694861207640322,182.3174743652344,0.48711964465020996,0.0,0.0,0.8181818181818182,0.0
0.47600000000000003,0.20159511770009986,0.20440890975352308,0.1978420455201147,177.59349060058594,0.6098894741497763,0.0,0.0,0.8181818181818182,0.0
0.48,0.21031359409371475,0.21053145673109008,0.20926139870993526,180.03038024902344,0.3474943399658565,0.0,0.0,0.8181818181818182,0.0
0.484,0.20691441574948072,0.20586542559586543,0.20697489312428538,176.7745361328125,0.22753135780760428,0.0,0.0,0.8181818181818182,0.0
0.488,0.2014005226225609,0.20716729714875615,0.20326919868710813,179.69082641601562,0.35570496327285916,0.0,0.0,0.8181818181818182,0.0
0.492,0.2104822249895121,0.21407606472851873,0.211574152160664,181.22885131835935,0.34515376546015847,0.0,0.0,0.8181818181818182,0.0
0.496,0.20960002696465976,0.2099385304335792,0.21040464143157556,179.36123657226562,0.3115855751686497,0.0,0.0,0.8181818181818182,0.0
0.5,0.21031373040230458,0.21261991982827202,0.21153478446057464,183.1566162109375,0.31585859153751256,0.005,0.0,0.8181818181818182,0.0
0.504,0.21325896668182515,0.21280037394936666,0.212783215216024,182.1877899169922,0.2709701410772744,0.0,0.0,0.8181818181818182,0.0
0.508,0.2116371522185189,0.21710573022680696,0.21474130095729416,185.323974609375,0.3868801953203476,0.0,0.0,0.8181818181818182,0.0
0.512,0.21542573392381248,0.21416674605030422,0.21595033157439977,184.7446746826172,0.2724065684218928,0.0,0.0,0.8181818181818182,0.0
0.516,0.21466023583159,0.21385737262114013,0.21426819970401612,183.55612182617188,0.30707136334531376,0.0,0.0,0.8181818181818182,0.0
0.52,0.20857512386857485,0.20849502823933097,0.20714549300174717,180.70957946777344,0.3442027991336919,0.0,0.0,0.8181818181818182,0.0
0.524,0.20965202324075355,0.21042857073276,0.20451719423102896,174.80679321289062,0.3866821732765798,0.0,0.0,0.8181818181818182,0.0
0.528,0.2055390779784073,0.2047568517384904,0.2050560087669856,176.0752410888672,0.3108901954335579,0.0,0.0,0.8181818181818182,0.0
0.532,0.20335933417501462,0.20484709625142042,0.20488516594795728,177.50350952148438,0.2798293249539819,0.0,0.0,0.8181818181818182,0.0
0.536,0.2031517497172563,0.20180498814608752,0.19885321188061544,170.7317657470703,0.4221814622584759,0.0,0.0,0.8181818181818182,0.0
0.54,0.20111471387147092,0.20183074398682582,0.20083758233744803,173.9278564453125,0.3326119855912099,0.0,0.0,0.8181818181818182,0.0
0.544,0.2038912802217832,0.20866258413884095,0.2067775282429598,180.7695159912109,0.6181895143873951,0.0,0.0,0.8181818181818182,0.0
0.548,0.2132978927533404,0.21215586464868655,0.21467559969275185,183.4662322998047,0.2423668930168639,0.0,0.0,0.8181818181818182,0.0
0.552,0.21206530162624804,0.21882012145869403,0.2153983607604233,188.97950744628903,0.33026642215805263,0.0,0.0,0.8181818181818182,0.0
0.556,0.21851369267021728,0.21827873476398982,0.2202475831119656,188.38023376464844,0.12045304834021259,0.0,0.0,0.8181818181818182,0.0
0.56,0.22108266812225436,0.22315125767793517,0.22210054652988687,190.2978973388672,0.2628520048100936,0.0,0.0,0.8181818181818182,0.0
0.5640000000000001,0.21821527919271697,0.21808536635141423,0.21935396734366103,187.9907073974609,0.22498566163060021,0.0,0.0,0.8181818181818182,0.0
0.5680000000000001,0.2189029467404923,0.21838187060902522,0.220694401134567,187.31153869628903,0.18215994079294395,0.0,0.0,0.8181818181818182,0.0
0.5720000000000001,0.22062857351245235,0.22040563097342528,0.22011619097325408,186.27281188964844,0.2251667980737367,0.0,0.0,0.8181818181818182,0.0
0.5760000000000001,0.2209788663189552,0.22346060890352226,0.22244221613053564,188.6199493408203,0.27916234372904286,0.0,0.0,0.8181818181818182,0.0
0.58,0.22347000610319984,0.22436295751707333,0.21966937093050865,187.89083862304688,0.3468759048427327,0.0,0.0,0.8181818181818182,0.0
0.584,0.22186116034713088,0.22248096549298296,0.22054986478552197,187.0119171142578,0.3340829516643925,0.0,0.0,0.8181818181818182,0.0
0.588,0.21933109863562772,0.2214497264109303,0.22020815856848797,188.87962341308597,0.28933726128221954,0.0,0.0,0.8181818181818182,0.0
0.592,0.22003174107740764,0.21910373052059273,0.21646286140151497,184.8145904541016,0.3256294059664886,0.0,0.0,0.8181818181818182,0.0
0.596,0.21480294203052416,0.21496592046487842,0.2164102568177378,184.63479614257807,0.24670937060650583,0.0,0.0,0.8181818181818182,0.0
0.6,0.2123896690573663,0.21597136695937225,0.2155560743993085,184.71470642089844,0.2594522426284279,0.0,0.0,0.8181818181818182,0.0
0.604,0.21469915938304746,0.21724751903431927,0.21605544721680858,185.58364868164065,0.30197402265471956,0.0,0.0,0.8181818181818182,0.0
0.608,0.21381687140706832,0.21254255838294178,0.21263864353925427,182.91688537597656,0.3009324881066847,0.0,0.0,0.8181818181818182,0.0
0.612,0.21664535279335964,0.21929706584131256,0.2199059201651584,186.8221435546875,0.3903542157684262,0.0,0.0,0.8181818181818182,0.0
0.616,0.21999279865504834,0.22025094293858843,0.2195773730769493,186.0031280517578,0.3553906608429253,0.0,0.0,0.8181818181818182,0.0
0.62,0.21067699965533107,0.20986138603821536,0.20844650302040807,177.8530731201172,0.423274804899357,0.0,0.0,0.8181818181818182,0.0
0.624,0.20697926654873136,0.21372848731672897,0.2094846960589024,183.09669494628903,0.3792104868790248,0.0,0.0,0.8181818181818182,0.0
0.628,0.21437478509414304,0.2147467963805088,0.21675193690103348,184.6148223876953,0.2626530233571989,0.0,0.0,0.8181818181818182,0.0
0.632,0.2179428051693928,0.21916816501425235,0.22054985135027275,187.44137573242188,0.268623426353165,0.0,0.0,0.8181818181818182,0.0
0.636,0.21750167664080267,0.21854942222358412,0.21945910752742315,186.2428436279297,0.23418351692906184,0.0,0.0,0.8181818181818182,0.0
0.64,0.21760546938298275,0.21968376485707494,0.2190779858504634,188.29034423828125,0.2704722077404744,0.0,0.0,0.8181818181818182,0.0
0.644,0.22283425091385722,0.22271299424040344,0.22451858038527134,191.2866973876953,0.2797613987878057,0.0,0.0,0.8181818181818182,0.0
0.648,0.22292506368859105,0.22416958114426686,0.21955109171413514,192.2754821777344,0.32430043244406975,0.0,0.0,0.8181818181818182,0.0
0.652,0.22275640365293745,0.2254715067337803,0.2240323482144745,190.8971710205078,0.3391234953346812,0.0,0.0,0.8181818181818182,0.0
0.656,0.21755357324086197,0.22007049019434116,0.21800040589992825,185.38389587402344,0.3128445118248134,0.0,0.0,0.8181818181818182,0.0
0.66,0.21630800561881922,0.21487570147593082,0.20663297287649524,180.12030029296875,0.38619229897644475,0.0,0.0,0.8181818181818182,0.0
0.664,0.20751121297253858,0.20625211360160167,0.20095585095830795,173.97779846191406,0.39193820023674375,0.0,0.0,0.8181818181818182,0.0
0.668,0.20163368211152766,0.20269440000319144,0.19979938316478082,171.6706085205078,0.3905927248773443,0.0,0.0,0.8181818181818182,0.0
0.672,0.20391723287082045,0.21581668065022325,0.20449091623495783,185.1841278076172,0.4386270778643015,0.0,0.0,0.8181818181818182,0.0
0.676,0.2137390243290865,0.2244016122279231,0.21677822845427672,189.80848693847656,0.37154749430158945,0.0,0.0,0.8181818181818182,0.0
0.68,0.22297697438884226,0.22288055609302046,0.22225824079321846,188.3103179931641,0.25714256109661227,0.0,0.0,0.8181818181818182,0.0
0.684,0.22436523977843634,0.22388598594382875,0.2231124420581789,189.8184814453125,0.2713953512022643,0.0,0.0,0.8181818181818182,0.0
0.6880000000000001,0.22511778475698213,0.22433716738157,0.22014246210211788,186.7122802734375,0.3591617143566557,0.0,0.0,0.8181818181818182,0.0
0.6920000000000001,0.21791687055362596,0.21646122232064138,0.21367684691299033,182.5873107910156,0.30534941584456493,0.0,0.0,0.8181818181818182,0.0
0.6960000000000001,0.21048240559775067,0.21601004404033297,0.21050972693833775,184.7446746826172,0.3060956442633762,0.0,0.0,0.8181818181818182,0.0
0.7000000000000001,0.21956462803776128,0.220160695971095,0.22047098044419727,187.75099182128903,0.31083934674983843,0.0,0.0,0.8181818181818182,0.0
0.704,0.2173719257419683,0.21765999428700814,0.2190254385485766,187.6710968017578,0.23755085108224225,0.0,0.0,0.8181818181818182,0.0
0.708,0.2167361874122146,0.22010916141909398,0.21939340482987785,189.5887756347656,0.33707573249447714,0.0,0.0,0.8181818181818182,0.0
0.712,0.22300291537631753,0.22477543218153911,0.22417691617879237,191.3166656494141,0.3239558126857296,0.0,0.0,0.8181818181818182,0.0
0.716,0.22311969776585924,0.2245434126128225,0.22131205213868507,192.61508178710935,0.33074612672144377,0.0,0.0,0.8181818181818182,0.0
0.72,0.22696016239986133,0.22951904153244224,0.22970946373128967,195.3217620849609,0.4756428089119897,0.0,0.0,0.8181818181818182,0.0
0.724,0.22672663150819228,0.22521368214069304,0.21726447488976974,184.66476440429688,0.687040550961798,0.0,0.0,0.8181818181818182,0.0
0.728,0.20983367214273912,0.2101320855367478,0.20683011775895285,176.97415161132812,0.5926895710884745,0.0,0.0,0.8181818181818182,0.0
0.732,0.20173750635787085,0.2112535581614464,0.2045434940154227,182.25770568847656,0.3959316447860623,0.0,0.0,0.8181818181818182,0.0
0.736,0.20625267007159123,0.2079536148924453,0.2075397372584437,179.83065795898438,0.33645614608040114,0.0,0.0,0.8181818181818182,0.0
0.74,0.2087827315178783,0.21285193222733995,0.21166618468071546,182.8170166015625,0.3357496371994387,0.0,0.0,0.8181818181818182,0.0
0.744,0.20972987250740388,0.2120269552935587,0.2088013440564725,183.1166534423828,0.3761378832095919,0.0,0.0,0.8181818181818182,0.0
0.748,0.2080042314160118,0.21035120338669927,0.2074083333845852,177.60337829589844,0.35741443845495985,0.0,0.0,0.8181818181818182,0.0
0.752,0.2040988891286294,0.21054458136871185,0.20575250233684028,182.427490234375,0.33475645687139366,0.0,0.0,0.8181818181818182,0.0
0.756,0.21132574884815775,0.21509484713257265,0.21422877750181277,184.544921875,0.33841161376260875,0.0,0.0,0.8181818181818182,0.0
0.76,0.2158929003943201,0.216628969043339,0.21744841940729936,185.8134307861328,0.2734824498166665,0.005,0.0,0.8181818181818182,0.0
0.764,0.21347949928869955,0.21317421162235545,0.2139000338014409,182.9268035888672,0.29359607839600604,0.0,0.0,0.8181818181818182,0.0
0.768,0.2146083364850873,0.21465665429962488,0.21152128517571983,180.0401611328125,0.3036232469436583,0.0,0.0,0.8181818181818182,0.0
0.772,0.21207816378803046,0.21825325491998737,0.2134532051241527,183.0067138671875,0.41168917216615963,0.0,0.0,0.8181818181818182,0.0
0.776,0.2147899937418037,0.21376717846230647,0.21380802234548027,181.71820068359372,0.3448958762868794,0.0,0.0,0.8181818181818182,0.0
0.78,0.21144236287782855,0.21116322430894932,0.21203383991235755,180.1899871826172,0.2953621587165869,0.0,0.0,0.8181818181818182,0.0
0.784,0.20564238330318677,0.20678027881717517,0.20606725249767222,178.3521270751953,0.32277324499605775,0.0,0.0,0.8181818181818182,0.0
0.788,0.20562941344999894,0.20456303063786344,0.20071837716128238,172.4989471435547,0.457771703225591,0.0,0.0,0.8181818181818182,0.0
0.792,0.20466923836501147,0.20470483807296033,0.20471360973482236,175.43553161621094,0.345545396265711,0.0,0.0,0.8181818181818182,0.0
0.796,0.20151623252911388,0.20193327842159722,0.2036885067018599,174.99603271484375,0.27806343651522647,0.0,0.0,0.8181818181818182,0.0
0.8,0.20446164679865161,0.20837876791518103,0.20746034789796297,178.47198486328125,0.3067196439594354,0.0,0.0,0.8181818181818182,0.0
0.804,0.2031251976621125,0.20230712522484692,0.19995613817745142,171.04066467285156,0.35190800571270564,0.0,0.0,0.8181818181818182,0.0
0.808,0.19524914926858195,0.19516552612129343,0.1945283779939911,167.32498168945312,0.37121227675269175,0.0,0.0,0.8181818181818182,0.0
0.812,0.19366617233796918,0.1932061091386015,0.19092743631791131,164.97772216796875,0.3509002423659336,0.0,0.0,0.8181818181818182,0.0
0.8160000000000001,0.19131764470892698,0.19987073615906772,0.1944627004469387,174.1969757080078,0.428716573466466,0.0,0.0,0.8181818181818182,0.0
0.8200000000000001,0.20303436226968635,0.20341574993690026,0.2047004825618853,175.54541015625,0.31733051701982196,0.0,0.0,0.8181818181818182,0.0
0.8240000000000001,0.19807776125985732,0.20357043740831182,0.20025838789528677,177.18348693847656,0.26938155144514836,0.0,0.0,0.8181818181818182,0.0
0.8280000000000001,0.2045394887825092,0.20395715188975688,0.2060278236622714,177.43319702148438,0.2011121086834009,0.0,0.0,0.8181818181818182,0.0
0.8320000000000001,0.20268400889171626,0.20452435912024294,0.20326797110776199,177.89266967773438,0.24902615176585963,0.0,0.0,0.8181818181818182,0.0
0.836,0.21406338762223165,0.21358671473022073,0.21199441823962017,181.8680419921875,0.2781879678198828,0.0,0.0,0.8181818181818182,0.0
0.84,0.2106119385997002,0.2120655832842044,0.21241495126885993,183.69590759277344,0.2181208974466477,0.0,0.0,0.8181818181818182,0.0
0.844,0.2138168475296837,0.21969703081767525,0.21725130127237838,188.4104156494141,0.30260838396934797,0.0,0.0,0.8181818181818182,0.0
0.848,0.21604860272667023,0.21925874051639807,0.21914378201777737,189.0896148681641,0.25116237212755305,0.0,0.0,0.8181818181818182,0.0
0.852,0.222289736999846,0.22808904185492807,0.22575432391606423,196.2812347412109,0.30423458243924395,0.0,0.0,0.8181818181818182,0.0
0.856,0.22968566961185977,0.23310362526891598,0.23228601077855174,198.63848876953125,0.35034647141795483,0.0,0.0,0.8181818181818182,0.0
0.86,0.2308404595812547,0.232394624923907,0.23237798261566653,198.1190948486328,0.251862165144628,0.0,0.0,0.8181818181818182,0.0
0.864,0.23404536762341283,0.23477944169135112,0.23692520120182084,201.44520568847656,0.3023491516232914,0.0,0.0,0.8181818181818182,0.0
0.868,0.23414917244610567,0.23538531818186714,0.2350458529593499,201.82476806640625,0.22378697586759844,0.0,0.0,0.8181818181818182,0.0
0.872,0.2369388928409903,0.23613300973109747,0.23657036903114784,199.64732360839844,0.201843178438009,0.0,0.0,0.8181818181818182,0.0
0.876,0.2354597041607039,0.2358107334056656,0.23657036669221312,202.26426696777344,0.20099064748795029,0.0,0.0,0.8181818181818182,0.0
0.88,0.2373670747321885,0.2375252294949765,0.2342310489537072,199.4075927734375,0.21262022115915424,0.0,0.0,0.8181818181818182,0.0
0.884,0.23412323200337448,0.246703574337499,0.23763486808131992,208.0275421142578,0.40560076184759936,0.0,0.0,0.8181818181818182,0.0
0.888,0.24669631099940725,0.25428347033116216,0.24758354494340415,216.3578338623047,0.3538655840949922,0.0,0.0,0.8181818181818182,0.0
0.892,0.24648873154057294,0.2515763719584646,0.2486612074438941,212.92184448242188,0.34063149460015757,0.0,0.0,0.8181818181818182,0.0
0.896,0.2506537987644623,0.24898529494064758,0.2478463948739675,209.00640869140625,0.23209622643283434,0.0,0.0,0.8181818181818182,0.0
0.9,0.24705961756509676,0.2458656747015172,0.2361760853661173,199.33767700195312,0.42690885478978285,0.0,0.0,0.8181818181818182,0.0
0.904,0.2358359802911596,0.23645528177982883,0.23409962294137207,198.21897888183597,0.24156597827782605,0.0,0.0,0.8181818181818182,0.0
0.908,0.23352635972896918,0.2348181101726945,0.23097177373451735,198.2489318847656,0.23527436510621327,0.0,0.0,0.8181818181818182,0.0
0.912,0.2332668559132242,0.2328973686218483,0.23266711018216482,196.271240234375,0.21232242056620101,0.0,0.0,0.8181818181818182,0.0
0.916,0.23403240342198905,0.24324881531481612,0.23605781379820487,207.5880584716797,0.35614974534403543,0.0,0.0,0.8181818181818182,0.0
0.92,0.24499654927447656,0.25089314457466694,0.24642702575480077,211.2537841796875,0.3176680371506239,0.0,0.0,0.8181818181818182,0.0
0.924,0.2510819855972146,0.2555339034113524,0.25482491020269504,214.9494781494141,0.2564836389083382,0.0,0.0,0.8181818181818182,0.0
0.928,0.2523924762560179,0.261334824735099,0.2561391221690957,219.18453979492188,0.30304261254012965,0.0,0.0,0.8181818181818182,0.0
0.932,0.2582443651418371,0.2632040145193473,0.2574927739399253,220.52297973632807,0.30014673203185005,0.0,0.0,0.8181818181818182,0.0
0.936,0.2665226147720437,0.26847641767327685,0.26623236886255863,225.56710815429688,0.28331639336618475,0.0,0.0,0.8181818181818182,0.0
0.9400000000000001,0.27290649339757034,0.2796915494756232,0.27639130177153554,235.465576171875,0.34160529486384156,0.0,0.0,0.8181818181818182,0.0
0.9440000000000001,0.2727897012463191,0.2731945153913888,0.2697413415188504,225.0577087402344,0.3419788887778106,0.0,0.0,0.8181818181818182,0.0
0.9480000000000001,0.27293243319286087,0.27126087402472326,0.2620268460849254,222.0612030029297,0.2754022274793578,0.0,0.0,0.8181818181818182,0.0
0.9520000000000001,0.2596327152536064,0.26414504963825547,0.2614223060181915,220.35317993164065,0.2651697453785742,0.0,0.0,0.8181818181818182,0.0
0.9560000000000001,0.26425193182948675,0.2662720736538936,0.26482614052981357,223.20985412597656,0.3481651588273027,0.0,0.0,0.8181818181818182,0.0
0.96,0.2630971262953557,0.26790920893825815,0.26144857756230494,219.25445556640625,0.38496847669432127,0.0,0.0,0.8181818181818182,0.0
0.964,0.2612935588323737,0.25967188872127983,0.2573350777554692,215.07933044433597,0.31952506945642367,0.0,0.0,0.8181818181818182,0.0
0.968,0.25563631896821587,0.25602374771500525,0.2536552544685151,214.60987854003903,0.35392353240624985,0.0,0.0,0.8181818181818182,0.0
0.972,0.2524962841860272,0.25082868431590516,0.24942344915536105,212.35250854492188,0.3163120082908299,0.0,0.0,0.8181818181818182,0.0
0.976,0.24881129429668586,0.25259475678622145,0.25263015211666634,214.0005798339844,0.2710179196517882,0.0,0.0,0.8181818181818182,0.0
0.98,0.25309317016666455,0.2556112512100961,0.2525118915009939,210.8942108154297,0.5500421084665744,0.0,0.0,0.8181818181818182,0.0
0.984,0.2545853163684372,0.2646477982095635,0.2585178681217115,224.09881591796875,0.40313757485549856,0.0,0.0,0.8181818181818182,0.0
0.988,0.2694420501263479,0.27419999369796044,0.26594322564911144,222.56060791015625,0.3657440284936835,0.0,0.0,0.8181818181818182,0.0
0.992,0.2623575399187686,0.2620051637865987,0.2569539370877905,214.5,0.30346705513781813,0.0,0.0,0.8181818181818182,0.0
0.996,0.25254730494158445,0.26076540653091906,0.25262474802388646,218.66000366210935,0.3190386490291451,0.125,0.0,0.8181818181818182,0.0
1.0,0.25322279396750064,0.2520796654214554,0.24390129335576685,205.1000061035156,0.408509839987827,0.0,0.0,0.8181818181818182,0.0
0.0,0.13827163035216067,0.13738419589617495,0.13760812114671933,124.14700317382812,0.043779949155153916,0.0,0.0,0.7272727272727273,0.0
0.004,0.13560468954764174,0.13465845280015784,0.13576869376523196,122.4459991455078,0.04082688786291808,0.0,0.0,0.7272727272727273,0.0
0.008,0.13412897258976783,0.13319233102057682,0.13037936497754754,120.36199951171876,0.0801876066982875,0.0,0.0,0.7272727272727273,0.0
0.012,0.13089175714249973,0.13329171158392428,0.132405627161802,121.98799896240234,0.04042777366617666,0.0,0.0,0.7272727272727273,0.0
0.016,0.1334885484176238,0.13351240083056123,0.13450425621115147,121.50299835205078,0.034715451725315025,0.0,0.0,0.7272727272727273,0.0
0.02,0.13141006880381104,0.13230181500461075,0.13317929711044074,121.21499633789062,0.037127406270045654,0.0,0.0,0.7272727272727273,0.0
0.024,0.13213883896423217,0.13302842644735952,0.13453583703478708,122.53500366210938,0.03525655847282023,0.0,0.0,0.7272727272727273,0.0
0.028,0.13314560066887426,0.1338169821211614,0.1350476652149228,122.06700134277344,0.031021726587203285,0.0,0.0,0.7272727272727273,0.0
0.032,0.13444983879691075,0.13506111491821313,0.1356279151668005,122.22899627685548,0.03848401077531578,0.0,0.0,0.7272727272727273,0.0
0.036000000000000004,0.13502921166910106,0.13590000581839287,0.13613447318406005,123.14099884033205,0.09733800424864736,0.0,0.0,0.7272727272727273,0.0
0.04,0.1354942719286833,0.13671824864155493,0.13490556154696823,125.35399627685548,0.0458964056888356,0.0,0.0,0.7272727272727273,0.0
0.044,0.1384197193982496,0.14029708126772775,0.14016726204739813,127.91100311279295,0.04581965295869302,0.0,0.0,0.7272727272727273,0.0
0.048,0.1418349152423632,0.1422884735845459,0.14264219076451723,127.5250015258789,0.03590320022427147,0.0,0.0,0.7272727272727273,0.0
0.052000000000000005,0.14094636114397885,0.14349388015989492,0.1434566467546154,130.66700744628906,0.044718251281146974,0.0,0.0,0.7272727272727273,0.0
0.056,0.14443819817356998,0.14659260807109104,0.14621973793940227,132.31199645996094,0.07282893869586748,0.0,0.0,0.7272727272727273,0.0
0.06,0.14757149756888768,0.14785740863812855,0.14887887139705308,133.91299438476562,0.05770865085777891,0.0,0.0,0.7272727272727273,0.0
0.064,0.1485106964956427,0.14755023772222764,0.14374874427723078,129.36000061035156,0.0905338747215075,0.0,0.0,0.7272727272727273,0.0
0.068,0.14314954002013205,0.1425401300234674,0.14235009324190184,128.48599243164062,0.05321669732618432,0.0,0.0,0.7272727272727273,0.0
0.07200000000000001,0.1425052109434131,0.1428382618670258,0.14342506593097978,129.71800231933594,0.033211098214520424,0.0,0.0,0.7272727272727273,0.0
0.076,0.14289492834873432,0.14190129013939093,0.14293297325601492,128.96200561523438,0.03834393704280557,0.0,0.0,0.7272727272727273,0.0
0.08,0.14236231522219034,0.14167543148863654,0.14082513898884158,127.53099822998048,0.05789285741012112,0.0,0.0,0.7272727272727273,0.0
0.084,0.1401656379130452,0.14103529186866764,0.1416461701345282,128.8280029296875,0.04046998766775508,0.0,0.0,0.7272727272727273,0.0
0.088,0.14166083975009264,0.14120437569248642,0.1389843965762365,125.05899810791016,0.07589712908331718,0.0,0.0,0.7272727272727273,0.0
0.092,0.1383209867602401,0.1375132537623986,0.1370489217311302,124.51100158691406,0.07064724234156461,0.0,0.0,0.7272727272727273,0.0
0.096,0.1363880094410085,0.138738038218325,0.1381936312230678,126.19499969482422,0.04807810204313848,0.0,0.0,0.7272727272727273,0.0
0.1,0.13860807653390217,0.13883224937755503,0.13861993218852614,126.0270004272461,0.048475297421626345,0.0,0.0,0.7272727272727273,0.0
0.10400000000000001,0.13857040510677165,0.13880385211760315,0.13948570450743075,125.03099822998048,0.05663603145403633,0.0,0.0,0.7272727272727273,0.0
0.108,0.1374389441397891,0.13964274301778293,0.1388251975037519,127.41699981689452,0.11886138859888082,0.0,0.0,0.7272727272727273,0.0
0.112,0.13600479360269532,0.13564189008594557,0.13306350410324544,120.92400360107422,0.19990075871992563,0.0,0.0,0.7272727272727273,0.0
0.116,0.13133342761833347,0.1344287244811784,0.13266746893030498,123.3270034790039,0.10269918244910668,0.0,0.0,0.7272727272727273,0.0
0.12,0.13450050344713205,0.13381827201056976,0.13128592333791156,119.00800323486328,0.0918655345894813,0.0,0.0,0.7272727272727273,0.0
0.124,0.12923027971140633,0.12868814551792837,0.1294570262437712,117.6780014038086,0.0811450970068162,0.0,0.0,0.7272727272727273,0.0
0.128,0.12767012166983022,0.12751111650956318,0.1280175891669829,118.07599639892578,0.06850584117058657,0.0,0.0,0.7272727272727273,0.0
0.132,0.12775066775988275,0.1280041299651074,0.12955965890138407,118.04900360107422,0.045167254752481074,0.0,0.0,0.7272727272727273,0.0
0.136,0.12811180205658929,0.1293553826619567,0.12878993404609843,117.45999908447266,0.06085743161187832,0.0,0.0,0.7272727272727273,0.0
0.14,0.12782601061414375,0.12700778393875212,0.12810048631942486,116.8740005493164,0.04753123884087259,0.0,0.0,0.7272727272727273,0.0
0.14400000000000002,0.12646851117345287,0.12768535004453133,0.128470210831606,118.41999816894533,0.05079706750843944,0.0,0.0,0.7272727272727273,0.0
0.148,0.12857945897860462,0.12835000740974295,0.12737024251288645,115.94000244140624,0.06595956934810643,0.0,0.0,0.7272727272727273,0.0
0.152,0.12574883924247288,0.1268671072213692,0.12672684095214307,115.86000061035156,0.06937698465770488,0.0,0.0,0.7272727272727273,0.0
0.156,0.12635159198748636,0.1266722256093834,0.12801232904251209,117.0989990234375,0.03778747974927185,0.0,0.0,0.7272727272727273,0.0
0.16,0.12678677080723738,0.12598949994597078,0.12565581335641818,114.78700256347656,0.045769763684100344,0.0,0.0,0.7272727272727273,0.0
0.164,0.12451603906412242,0.12723751225773156,0.1265978875953654,117.8479995727539,0.05923027373285559,0.0,0.0,0.7272727272727273,0.0
0.168,0.1281845482484172,0.12850746253591847,0.1287465179424036,118.03700256347656,0.04514806656994543,0.0,0.0,0.7272727272727273,0.0
0.17200000000000001,0.12837030872163666,0.13146164406150662,0.13034779419231743,121.16400146484376,0.06795130269530643,0.0,0.0,0.7272727272727273,0.0
0.176,0.1323739657564564,0.13261801514637012,0.13318455723491154,121.83100128173828,0.04183426744603947,0.0,0.0,0.7272727272727273,0.0
0.18,0.13380161472654215,0.13376922667360017,0.13378717275419547,122.52799987792967,0.03844179677373736,0.0,0.0,0.7272727272727273,0.0
0.184,0.13497075703158048,0.1344313042599951,0.13332534587174844,120.44400024414062,0.04772120184797548,0.0,0.0,0.7272727272727273,0.0
0.188,0.13183875596747932,0.13533084950181962,0.13385559452593737,123.05599975585938,0.06963986275844322,0.0,0.0,0.7272727272727273,0.0
0.192,0.13497595035644666,0.13569867475936526,0.1365989401671479,123.8949966430664,0.04782481803366796,0.0,0.0,0.7272727272727273,0.0
0.196,0.13518250395098153,0.1362433034842117,0.13759496079713696,124.50900268554688,0.035223938562509625,0.0,0.0,0.7272727272727273,0.0
0.2,0.13577615846655386,0.13493205705198946,0.13198195625857903,121.41500091552734,0.06585979079892107,0.0,0.0,0.7272727272727273,0.0
0.20400000000000001,0.13289228732869302,0.13260898592051162,0.13205037803032096,121.38600158691406,0.04142747797628379,0.0,0.0,0.7272727272727273,0.0
0.20800000000000002,0.1320388079950061,0.13240248545736658,0.1326200976948516,120.62100219726562,0.033997813698481885,0.0,0.0,0.7272727272727273,0.0
0.212,0.1317075551381308,0.1313984000945612,0.1326977246844174,120.46499633789062,0.05473832020126101,0.0,0.0,0.7272727272727273,0.0
0.216,0.1307683463004505,0.1340028246608047,0.13279904231091258,121.80699920654295,0.04867293570174349,0.0,0.0,0.7272727272727273,0.0
0.22,0.13317937710235508,0.13370599255313872,0.13453583703478708,122.60900115966795,0.03281774047253969,0.0,0.0,0.7272727272727273,0.0
0.224,0.13362104757818885,0.13341044048839704,0.1346410997546353,122.3499984741211,0.02665449624209039,0.0,0.0,0.7272727272727273,0.0
0.228,0.13351452495288008,0.1345306848233426,0.1348081990522316,123.1449966430664,0.032138478810777846,0.0,0.0,0.7272727272727273,0.0
0.232,0.13418742722728838,0.1333562355937941,0.13308192457729862,120.8249969482422,0.056305994714423234,0.0,0.0,0.7272727272727273,0.0
0.23600000000000002,0.13016428531329516,0.13162812841354063,0.13066751740680982,121.41100311279295,0.038911907245860675,0.0,0.0,0.7272727272727273,0.0
0.24,0.1312217116681585,0.13312521738540625,0.13337533713103172,122.61799621582033,0.04213935954835623,0.0,0.0,0.7272727272727273,0.0
0.244,0.13356778626553448,0.13705896652855706,0.1359686889175815,125.7480010986328,0.052731236308032496,0.0,0.0,0.7272727272727273,0.0
0.248,0.13834827153763823,0.1383005195467921,0.1380646879046956,124.38200378417967,0.04037788439158398,0.0,0.0,0.7272727272727273,0.0
0.252,0.13685956135667351,0.13635688267753512,0.1371410241013961,124.47599792480467,0.03146305478552313,0.0,0.0,0.7272727272727273,0.0
0.256,0.13661664457714998,0.1381224163435989,0.1390712388220316,126.3249969482422,0.03730777518588072,0.0,0.0,0.7272727272727273,0.0
0.26,0.13886399644744177,0.13828761080622454,0.1390304527805722,124.77100372314452,0.04654304744028685,0.0,0.0,0.7272727272727273,0.0
0.264,0.13717912923259987,0.1365388555489534,0.1318780085698485,120.3499984741211,0.10374877603380649,0.0,0.0,0.7272727272727273,0.0
0.268,0.13095151011123685,0.13116093243913157,0.13061488604688568,118.84400177001952,0.0673411184906729,0.0,0.0,0.7272727272727273,0.0
0.272,0.12904710598969463,0.13057499771376568,0.12940570991496472,120.22599792480467,0.05053994586246179,0.0,0.0,0.7272727272727273,0.0
0.276,0.13128666787268714,0.13080214625392844,0.13257272645939827,120.0510025024414,0.04085758895497512,0.0,0.0,0.7272727272727273,0.0
0.28,0.13328459148552205,0.13401960306959734,0.13380033310377784,122.8499984741211,0.06110304034833459,0.0,0.0,0.7272727272727273,0.0
0.28400000000000003,0.13325861495026578,0.1338995842757162,0.13365428434247015,120.77799987792967,0.05552503568522247,0.0,0.0,0.7272727272727273,0.0
0.28800000000000003,0.13297282350782028,0.13350595138351948,0.13399637312436882,122.6969985961914,0.08965121832486782,0.0,0.0,0.7272727272727273,0.0
0.292,0.13339891400905543,0.13348142379179265,0.13480425395887852,122.73699951171876,0.04358422969329033,0.0,0.0,0.7272727272727273,0.0
0.296,0.13410429438572807,0.13322717772757042,0.13404505939093989,121.84700012207033,0.042668953386340046,0.0,0.0,0.7272727272727273,0.0
0.3,0.1329715251766037,0.13241539419793416,0.1321674760302285,120.3949966430664,0.04792651540110689,0.0,0.0,0.7272727272727273,0.0
0.304,0.1309554051048865,0.13181397095318398,0.1318135419298651,120.8239974975586,0.033049917481221006,0.0,0.0,0.7272727272727273,0.0
0.308,0.13125808476407244,0.13144744543153072,0.13293061569152018,121.06099700927734,0.03203678144333893,0.0,0.0,0.7272727272727273,0.0
0.312,0.1312035251202015,0.13280127790719676,0.13129118346238233,120.64099884033205,0.052917361678628254,0.0,0.0,0.7272727272727273,0.0
0.316,0.1313866889309879,0.1307376123975746,0.13003596116453117,119.89199829101562,0.0682122619777912,0.0,0.0,0.7272727272727273,0.0
0.32,0.12737004858400267,0.12694841948651572,0.12808995603207785,117.08999633789062,0.07358303426951836,0.0,0.0,0.7272727272727273,0.0
0.324,0.12555268220859572,0.124907981832728,0.12424664207214771,116.25299835205078,0.08462199568227516,0.0,0.0,0.7272727272727273,0.0
0.328,0.12600734590752027,0.1255106949668865,0.12545976329742176,115.33200073242188,0.05491677029884251,0.0,0.0,0.7272727272727273,0.0
0.332,0.1254058914937233,0.1249402487609049,0.12575317585115484,116.33100128173828,0.05167780508682556,0.0,0.0,0.7272727272727273,0.0
0.336,0.12766882333861365,0.12981741907873237,0.12996490933055388,119.1060028076172,0.05821138124021282,0.0,0.0,0.7272727272727273,0.0
0.34,0.13017857686760245,0.1318849542565796,0.1318780085698485,121.4250030517578,0.04942895009364792,0.0,0.0,0.7272727272727273,0.0
0.34400000000000003,0.13240514552750415,0.13448034959696467,0.1344858357370983,123.10700225830078,0.0489051127104248,0.0,0.0,0.7272727272727273,0.0
0.34800000000000003,0.13432123462999532,0.1357064140958154,0.1354437104262688,122.00800323486328,0.07683735002756381,0.0,0.0,0.7272727272727273,0.0
0.352,0.13332746614844407,0.1336569472161692,0.13382664376453718,121.90299987792967,0.04193404599522483,0.0,0.0,0.7272727272727273,0.0
0.356,0.1324700918211075,0.13277547027254566,0.13333849618292537,121.53500366210938,0.04004592883371732,0.0,0.0,0.7272727272727273,0.0
0.36,0.13224406325832444,0.1321727571383871,0.1331424561623344,120.3290023803711,0.03357567368269769,0.0,0.0,0.7272727272727273,0.0
0.364,0.13213233739722413,0.13179719254439135,0.1297728043649105,118.35900115966795,0.04906821226197779,0.0,0.0,0.7272727272727273,0.0
0.368,0.12842357003429106,0.13004326788300274,0.13016094935114483,119.93599700927734,0.05145714098766564,0.0,0.0,0.7272727272727273,0.0
0.372,0.13157765263999885,0.1358045047697545,0.1338384890830019,123.8560028076172,0.07120369963509832,0.0,0.0,0.7272727272727273,0.0
0.376,0.13611780788408687,0.13591291455896046,0.13710945331616597,124.13500213623048,0.11959629598999603,0.0,0.0,0.7272727272727273,0.0
0.38,0.12313645808182491,0.12416847149589569,0.12141908424737748,111.63700103759766,0.2784897979311685,0.0,0.0,0.7272727272727273,0.0
0.384,0.12105798837893744,0.12032635373315814,0.1197375509456625,111.35900115966795,0.12614906032591894,0.0,0.0,0.7272727272727273,0.0
0.388,0.11899250198821551,0.11860727577876318,0.11903757293164192,109.46900177001952,0.1103821307363791,0.0,0.0,0.7272727272727273,0.0
0.392,0.11765059243304851,0.1170288745417511,0.11810207384828318,109.45600128173828,0.08472944950447477,0.0,0.0,0.7272727272727273,0.0
0.396,0.1167841297871961,0.11892605569933926,0.11885336819111021,110.25,0.07186952956908521,0.0,0.0,0.7272727272727273,0.0
0.4,0.11754277147652314,0.11783808813905469,0.11924677330181528,110.04100036621094,0.05994599294143516,0.0,0.0,0.7272727272727273,0.0
0.404,0.11683609276863394,0.11752962733374545,0.11820864156084367,108.9000015258789,0.07450214821297577,0.0,0.0,0.7272727272727273,0.0
0.40800000000000003,0.1182637417387197,0.12123622793673353,0.12003359356163094,111.88600158691406,0.12647142179251777,0.0,0.0,0.7272727272727273,0.0
0.41200000000000003,0.12188157636186783,0.12105812473354033,0.11650342766060477,110.00900268554688,0.10722375589101188,0.0,0.0,0.7272727272727273,0.0
0.41600000000000004,0.1175622563556967,0.11732829627471783,0.11802049172695887,109.2959976196289,0.06900857155302048,0.0,0.0,0.7272727272727273,0.0
0.42,0.11561498748215776,0.11684432189151611,0.11626922162238428,109.84600067138672,0.06290864832493881,0.0,0.0,0.7272727272727273,0.0
0.424,0.11685947264145716,0.11721214714906178,0.11781655148125626,109.7020034790039,0.0648140348507284,0.0,0.0,0.7272727272727273,0.0
0.428,0.11680750966001929,0.11779549224912692,0.11812838450904252,110.36599731445312,0.07938362185004395,0.0,0.0,0.7272727272727273,0.0
0.432,0.11843650898884836,0.12037410918071934,0.12030595557907546,112.00700378417967,0.06557580569739352,0.0,0.0,0.7272727272727273,0.0
0.436,0.11984987631555208,0.12179634518096427,0.1214572402266015,113.6439971923828,0.04837743769069455,0.0,0.0,0.7272727272727273,0.0
0.44,0.12252201044493716,0.12503832958835998,0.12349139259756216,115.75,0.06997373713456345,0.0,0.0,0.7272727272727273,0.0
0.444,0.1251629648032745,0.12542422314410662,0.1257847566747904,115.4229965209961,0.07174480638260353,0.0,0.0,0.7272727272727273,0.0
0.448,0.12311437654021828,0.12224935237188145,0.12072173629559228,111.21700286865234,0.08606494700895569,0.0,0.0,0.7272727272727273,0.0
0.452,0.11853783828929096,0.11912222720073345,0.1191809916307142,110.29000091552734,0.04476372727375645,0.0,1.0,0.7272727272727273,0.0
0.456,0.11794027886914366,0.12351026357772582,0.11872046974097945,114.08999633789062,0.07807038263730438,0.0,0.0,0.7272727272727273,0.0
0.46,0.12146068909642416,0.12104521599297274,0.1179441797685108,110.0,0.05586485839792875,0.0,0.0,0.7272727272727273,0.0
0.464,0.11886259949008354,0.11815427843433005,0.11370745065947009,105.66999816894533,0.0655556581057311,0.0,0.0,0.7272727272727273,0.0
0.468,0.11123720292754069,0.1122562443449045,0.1116285571152915,104.30999755859376,0.07383382381525924,0.0,0.0,0.7272727272727273,0.0
0.47200000000000003,0.11009404706868395,0.11420505061827893,0.11098384052343042,106.97000122070312,0.11544454893475843,0.0,0.0,0.7272727272727273,0.0
0.47600000000000003,0.11252326441854554,0.11195941223723849,0.11164171746487388,104.4000015258789,0.06210965240415454,0.0,0.0,0.7272727272727273,0.0
0.48,0.11202962105034861,0.11279829329093427,0.11348377490859664,106.13999938964844,0.04834865541689109,0.0,0.0,0.7272727272727273,0.0
0.484,0.11293895835912302,0.11407599275205527,0.11482583945224285,107.58000183105467,0.023539486689253715,0.0,0.0,0.7272727272727273,0.0
0.488,0.11302989109890796,0.11588282257215446,0.11491794182250874,109.12999725341795,0.042443300359720854,0.0,0.0,0.7272727272727273,0.0
0.492,0.11653730810309765,0.11638616498944956,0.11651000281619321,109.3499984741211,0.04415028107809187,0.0,0.0,0.7272727272727273,0.0
0.496,0.11313380715085833,0.11269505290584578,0.10928651680989766,103.95999908447266,0.09755176060209446,0.0,0.0,0.7272727272727273,0.0
0.5,0.10921069620609111,0.10873291634922708,0.10894441798959355,103.22000122070312,0.0940704486446523,0.0,0.0,0.7272727272727273,0.0
0.504,0.10298827040959427,0.11001060596386408,0.10364193144770419,100.23999786376952,0.25061627645258855,0.0,0.0,0.7272727272727273,0.0
0.508,0.10440423439873112,0.10368667205406487,0.10043149879957587,96.79000091552734,0.1883366167511682,0.0,0.0,0.7272727272727273,0.0
0.512,0.10071494200404624,0.10026658444347594,0.10062885385128455,96.70999908447266,0.0940061682331579,0.0,0.0,0.7272727272727273,0.0
0.516,0.10033821782181579,0.09991812722002369,0.09655001882201623,92.70999908447266,0.1369564203754705,0.0,0.0,0.7272727272727273,0.0
0.52,0.09664893533805627,0.09714333878703707,0.09708948273243452,94.08999633789062,0.07904590983741659,0.0,0.0,0.7272727272727273,0.0
0.524,0.09872740504094371,0.09985359336366989,0.0995762567680183,95.19000244140624,0.0893578310138978,0.0,0.0,0.7272727272727273,0.0
0.528,0.09940290397778513,0.09914377017619778,0.098102608805359,93.7699966430664,0.07150015705527404,0.0,0.0,0.7272727272727273,0.0
0.532,0.09662294889187467,0.09728530539382829,0.09782630169456141,94.56999969482422,0.0604640738698976,0.0,0.0,0.7272727272727273,0.0
0.536,0.0993509509072726,0.10038274341561604,0.09932626031798004,94.79000091552734,0.09156389636002095,0.0,0.0,0.7272727272727273,0.0
0.54,0.09810385917461482,0.09842102840167408,0.09818155082604246,94.0,0.06618157662004386,0.0,0.0,0.7272727272727273,0.0
0.544,0.096220248174388,0.09807257117822181,0.09799734608551075,94.38999938964844,0.14628360402422239,0.0,0.0,0.7272727272727273,0.0
0.548,0.09770115845712812,0.09700137218024585,0.09728684782254862,93.2300033569336,0.07047992138985378,0.0,0.0,0.7272727272727273,0.0
0.552,0.09599941293647112,0.09583983169126493,0.09520795427836999,93.5,0.044405867669466664,0.0,0.0,0.7272727272727273,0.0
0.556,0.0956226887542407,0.09567205744982259,0.09697105966300384,93.63999938964844,0.018562647784983365,0.0,0.0,0.7272727272727273,0.0
0.56,0.09610333889934682,0.09697556454559471,0.09776050998505487,94.47000122070312,0.03706082327664696,0.0,0.0,0.7272727272727273,0.0
0.5640000000000001,0.09676584461309742,0.09733693050961456,0.09823418218596658,94.1500015258789,0.0417147250688424,0.0,0.0,0.7272727272727273,0.0
0.5680000000000001,0.09615529196985935,0.09607213978906108,0.09785261235532074,93.77999877929688,0.03965832754649728,0.0,0.0,0.7272727272727273,0.0
0.5720000000000001,0.09625921793273505,0.09648513086886723,0.09766840761478902,93.76000213623048,0.03979878504265821,0.0,0.0,0.7272727272727273,0.0
0.5760000000000001,0.09694771009266726,0.096252822771071,0.09452375663776177,90.98999786376952,0.07368549916425869,0.0,0.0,0.7272727272727273,0.0
0.58,0.09277777746380163,0.09431692523826415,0.09456322764810349,91.45999908447266,0.06990139768640406,0.0,0.0,0.7272727272727273,0.0
0.584,0.0935831888097003,0.09303923562362718,0.09311590038460898,90.6500015258789,0.07786008015671371,0.0,0.0,0.7272727272727273,0.0
0.588,0.0936091653449566,0.09404590076524931,0.09353694122559658,90.7300033569336,0.06480194629573094,0.0,0.0,0.7272727272727273,0.0
0.592,0.09216722482056353,0.09253590305281612,0.09290538498331793,90.52999877929688,0.07160031936811011,0.0,0.0,0.7272727272727273,0.0
0.596,0.09162162838185405,0.09098718896516424,0.0912475322801269,89.45999908447266,0.10136272553549898,0.0,0.0,0.7272727272727273,0.0
0.6,0.09117995790602029,0.09136145382326762,0.09257644651259621,89.41000366210938,0.06435083212431791,0.0,0.0,0.7272727272727273,0.0
0.604,0.09085519670522772,0.09240684518659247,0.09223434769229208,90.31999969482422,0.08148683853777605,0.0,0.0,0.7272727272727273,0.0
0.608,0.09319347140437907,0.09296180287318977,0.09076069972963277,88.55000305175781,0.09015337306182565,0.0,0.0,0.7272727272727273,0.0
0.612,0.09030959035559295,0.09078068850201917,0.09058965533868345,88.05000305175781,0.06560669867127591,0.0,0.0,0.7272727272727273,0.0
0.616,0.08942623949300012,0.08899966631657112,0.09053702397875932,88.0,0.08706944836469672,0.0,0.0,0.7272727272727273,0.0
0.62,0.09024464406198962,0.09079359724258675,0.08953704821701174,87.26000213623047,0.20526711772966957,0.0,0.0,0.7272727272727273,0.0
0.624,0.08186579913498591,0.08576026168799211,0.08283986577155204,85.36000061035156,0.2402107169453334,0.0,0.0,0.7272727272727273,0.0
0.628,0.0851134111429117,0.0845987211990112,0.08422141136394548,83.54000091552734,0.12733162801559075,0.0,0.0,0.7272727272727273,0.0
0.632,0.08304793466311505,0.08614744513314711,0.08461613150576826,86.12000274658203,0.11851868765879418,0.0,0.0,0.7272727272727273,0.0
0.636,0.08758159825112036,0.08697342729275931,0.08733974164180792,85.69999694824219,0.07327583146712267,0.0,0.0,0.7272727272727273,0.0
0.64,0.08545116556679506,0.08524402037661348,0.08540558182781931,85.58000183105469,0.06722944326831544,0.0,0.0,0.7272727272727273,0.0
0.644,0.08590582926571962,0.08636684449037571,0.08595820608781997,84.63999938964844,0.06717533259356492,0.0,0.0,0.7272727272727273,0.0
0.648,0.08419109052197181,0.08366948880782646,0.08339247999314722,83.16000366210938,0.07583975641753561,0.0,0.0,0.7272727272727273,0.0
0.652,0.08261924749944678,0.08325649772802036,0.0839582545643248,83.48999786376953,0.08251129560335416,0.0,0.0,0.7272727272727273,0.0
0.656,0.08317783716124702,0.0848181205562398,0.08387931254364135,82.76000213623047,0.07424176457596705,0.0,0.0,0.7272727272727273,0.0
0.66,0.08148908486368081,0.08117863358842228,0.07980047751437305,79.94000244140625,0.09025180843823351,0.0,0.0,0.7272727272727273,0.0
0.664,0.07857921736871308,0.07987513633913416,0.0792873343031196,80.16000366210938,0.08866724832443992,0.0,0.0,0.7272727272727273,0.0
0.668,0.08052778457346854,0.08227565006753339,0.08101096867741168,80.87000274658203,0.09987794397089074,0.0,0.0,0.7272727272727273,0.0
0.672,0.07991723193023045,0.08123025870420854,0.08115570240760168,82.19999694824219,0.08327709596835177,0.0,0.0,0.7272727272727273,0.0
0.676,0.08142412865915216,0.08086889274018871,0.08012941598509478,81.47000122070312,0.07569028047558293,0.0,0.0,0.7272727272727273,0.0
0.68,0.08212561404217517,0.08403086461833033,0.0830503811728431,82.20999908447266,0.0783681832302576,0.0,0.0,0.7272727272727273,0.0
0.684,0.08113833721670664,0.081217359810125,0.07957679172509412,79.62000274658203,0.07308087953256051,0.0,0.0,0.7272727272727273,0.0
0.6880000000000001,0.07743606150985632,0.07691966492413761,0.07402431877157199,75.86000061035156,0.1357798010223847,0.0,0.0,0.7272727272727273,0.0
0.6920000000000001,0.07357789685869244,0.07437718458894717,0.07441903891339477,76.87000274658203,0.07586661987308552,0.0,0.0,0.7272727272727273,0.0
0.6960000000000001,0.07459115021941723,0.07526770060491321,0.07411642114183785,77.0,0.06371934903706983,0.0,0.0,0.7272727272727273,0.0
0.7000000000000001,0.07511077012287043,0.07584846592616165,0.07540585432555995,77.98999786376953,0.05205600416460313,0.0,0.0,0.7272727272727273,0.0
0.704,0.07566935978467067,0.07633888975640514,0.07581373481696513,77.0,0.052547413519341016,0.0,0.0,0.7272727272727273,0.0
0.708,0.07418844950193054,0.07653248147898263,0.07556374840533235,78.66999816894531,0.05690716047326501,0.0,0.0,0.7272727272727273,0.0
0.712,0.07572132276610852,0.07521607548912694,0.07373485131119199,76.0199966430664,0.06832739107300508,0.0,0.0,0.7272727272727273,0.0
0.716,0.07304529364307379,0.07559035019371435,0.07399799807240719,78.04000091552734,0.05818854730299541,0.0,0.0,0.7272727272727273,0.0
0.72,0.07785175545043381,0.0820433419697372,0.07931364496387892,82.69999694824219,0.12772690457582506,0.0,0.0,0.7272727272727273,0.0
0.724,0.08274914999757875,0.08640556086559441,0.08398457526348961,84.58999633789062,0.15904815869240976,0.0,0.0,0.7272727272727273,0.0
0.728,0.09716855524150944,0.09963419400644125,0.09422113886620481,96.23999786376952,0.3799511507249007,0.0,0.0,0.7272727272727273,0.0
0.732,0.09841563706324194,0.10133778344145192,0.10029991538056283,97.08999633789062,0.14805889467242028,0.0,0.0,0.7272727272727273,0.0
0.736,0.09938992066561968,0.10184111601226298,0.10047096980991758,97.6999969482422,0.10821194729159761,0.0,0.0,0.7272727272727273,0.0
0.74,0.10081886796692194,0.10350598907205497,0.10265511603553899,98.66000366210938,0.09565385746749376,0.0,0.0,0.7272727272727273,0.0
0.744,0.10262453945045463,0.10407385549921985,0.10411560364861593,99.16999816894533,0.09718641760661577,0.0,0.0,0.7272727272727273,0.0
0.748,0.10370274901570806,0.10367376331349729,0.10319457994595728,99.0199966430664,0.07376397883082948,0.0,0.0,0.7272727272727273,0.0
0.752,0.10158529964354829,0.10246060755521413,0.10211566216352623,98.31999969482422,0.08794922653395607,0.0,0.0,0.7272727272727273,0.0
0.756,0.10172819536477104,0.10187983238748166,0.10173409233288037,96.94000244140624,0.07343950666415172,0.0,0.0,0.7272727272727273,0.0
0.76,0.10120858537224317,0.10124744195044696,0.09962888812794242,94.88999938964844,0.059884398875495744,0.0,0.0,0.7272727272727273,0.0
0.764,0.09789601715978874,0.09789188819621189,0.09854997034551141,94.30999755859376,0.0603525905293655,0.0,0.0,0.7272727272727273,0.0
0.768,0.09761022571734322,0.09825325416023171,0.09903679285760003,95.30999755859376,0.05204372372778032,0.0,0.0,0.7272727272727273,0.0
0.772,0.0988313310038194,0.09879530310626147,0.09919468693737245,95.1999969482422,0.061743541881374424,0.0,0.0,0.7272727272727273,0.0
0.776,0.09846760004467975,0.09910504395449504,0.09873417508604314,94.36000061035156,0.04543876753536046,0.0,0.0,0.7272727272727273,0.0
0.78,0.09736340403324477,0.09781444559929046,0.09820787152520727,94.6999969482422,0.04820915732985694,0.0,0.0,0.7272727272727273,0.0
0.784,0.09718153855367495,0.09834359565123668,0.09448428562742002,91.73999786376952,0.0717933524844187,0.0,0.0,0.7272727272727273,0.0
0.788,0.09328440414416402,0.09334897647186072,0.09436587259639481,91.81999969482422,0.11306463865486234,0.0,0.0,0.7272727272727273,0.0
0.792,0.09423271121128547,0.09605924089497757,0.09590530223015518,93.37999725341795,0.06056174171900403,0.0,0.0,0.7272727272727273,0.0
0.796,0.0952069948136632,0.09574949020025994,0.09453691698734415,90.91999816894533,0.05024252903315929,0.0,0.0,0.7272727272727273,0.0
0.8,0.09380402404761719,0.09417495863147295,0.09508953120893932,92.27999877929688,0.051408403004025105,0.0,0.0,0.7272727272727273,0.0
0.804,0.09355720236351872,0.0984855622580279,0.09478691343738244,93.31999969482422,0.10892766650017718,0.0,0.0,0.7272727272727273,0.0
0.808,0.0975192929775583,0.09812419629400805,0.09706316203326967,93.43000030517578,0.08027721551072896,0.0,0.0,0.7272727272727273,0.0
0.812,0.09515503183222535,0.09671743896666338,0.09637897443106691,92.97000122070312,0.05683769925248597,0.0,0.0,0.7272727272727273,0.0
0.8160000000000001,0.09551876279136498,0.09900180356940656,0.09744473186391556,96.1500015258789,0.09885003303245622,0.0,0.0,0.7272727272727273,0.0
0.8200000000000001,0.09998748008576697,0.1002149593276897,0.09906311355676486,95.5500030517578,0.05312325087723573,0.0,0.0,0.7272727272727273,0.0
0.8240000000000001,0.0984286203754074,0.10216376560106413,0.1002604443702211,98.66000366210938,0.06584252143463899,0.0,0.0,0.7272727272727273,0.0
0.8280000000000001,0.10582018847694258,0.10730035138723126,0.10394455925766659,98.93000030517578,0.06576826316822605,0.0,0.0,0.7272727272727273,0.0
0.8320000000000001,0.10268949565498328,0.10367376331349729,0.10431296873873004,98.81999969482422,0.042718267015456654,0.0,0.0,0.7272727272727273,0.0
0.836,0.1049888005957876,0.10434487997223474,0.1032472113058814,99.38999938964844,0.05411777437805823,0.0,0.0,0.7272727272727273,0.0
0.84,0.10409245651010396,0.10684863408572245,0.10540504687074347,102.0500030517578,0.0620428775289305,0.0,0.0,0.7272727272727273,0.0
0.844,0.10778174890478884,0.10780368395804232,0.10853653749818835,103.01000213623048,0.044163520924041466,0.0,0.0,0.7272727272727273,0.0
0.848,0.10850921082306811,0.10856513226130074,0.1093259878202394,103.16000366210938,0.044687166425439226,0.0,0.0,0.7272727272727273,0.0
0.852,0.10862613000903462,0.11230786946069077,0.11061543104236697,106.27999877929688,0.0724948724379219,0.0,0.0,0.7272727272727273,0.0
0.856,0.11234139893897571,0.11395983377991517,0.11324693880814078,107.70999908447266,0.06767633603957063,0.0,0.0,0.7272727272727273,0.0
0.86,0.1142769729206404,0.11537949000134343,0.1153258323523194,107.79000091552734,0.11930137362442317,0.0,0.0,0.7272727272727273,0.0
0.864,0.099857577587635,0.10220248197628279,0.10016834199995521,97.30999755859376,0.2364076191667685,0.0,0.0,0.7272727272727273,0.0
0.868,0.10085783772526899,0.10073120063906832,0.0981157691549414,94.83000183105467,0.11617369987111296,0.0,0.0,0.7272727272727273,0.0
0.872,0.09677883783618824,0.09692393942980845,0.09657633952118107,92.58000183105467,0.11361015868435073,0.0,0.0,0.7272727272727273,0.0
0.876,0.09555773254971206,0.09589145680705119,0.09710263304361143,93.23999786376952,0.05936900429258831,0.0,0.0,0.7272727272727273,0.0
0.88,0.09685677735288238,0.09691103068924088,0.09618160934095278,92.81999969482422,0.06542748104639298,0.0,0.0,0.7272727272727273,0.0
0.884,0.09492120337121768,0.09515581613844394,0.09582636020947172,92.44000244140624,0.05717944078344581,0.0,0.0,0.7272727272727273,0.0
0.888,0.09424570443437624,0.09458794971127904,0.09516848326802826,91.37000274658205,0.05171886779745184,0.0,0.0,0.7272727272727273,0.0
0.892,0.09353122582826245,0.09394265053367676,0.09348430986567244,92.2699966430664,0.05883902669095379,0.0,0.0,0.7272727272727273,0.0
0.896,0.09318048809221362,0.0946137671924142,0.09458954834726829,92.12000274658205,0.044839328712946894,0.0,0.0,0.7272727272727273,0.0
0.9,0.09333636712560185,0.09636898174321114,0.09447112527783762,93.61000061035156,0.0732395658021303,0.0,0.0,0.7272727272727273,0.0
0.904,0.09732443427489772,0.09698846343967829,0.09595793359007933,92.05999755859376,0.05306108116582024,0.0,0.0,0.7272727272727273,0.0
0.908,0.09431065072797959,0.0939297516395932,0.09462901935761002,91.0199966430664,0.04446842114453287,0.0,0.0,0.7272727272727273,0.0
0.912,0.09311553188768497,0.0925746194280348,0.09026071686796172,87.88999938964844,0.09442005733045176,0.0,0.0,0.7272727272727273,0.0
0.916,0.08788038291665666,0.08905129143235739,0.08914232807518896,88.2699966430664,0.07517642094727835,0.0,0.0,0.7272727272727273,0.0
0.92,0.0892443740134303,0.09014829806498446,0.09099753583008864,88.25,0.05348456435438193,0.0,0.0,0.7272727272727273,0.0
0.924,0.08860784483493594,0.08839308351418752,0.08978704466705001,87.48999786376953,0.0642059613461738,0.0,0.0,0.7272727272727273,0.0
0.928,0.08707497157075796,0.08748965875765391,0.0870108031710862,85.44999694824219,0.07253631891219889,0.0,0.0,0.7272727272727273,0.0
0.932,0.08626957013578457,0.08985145611083444,0.08794498722332725,87.66000366210938,0.07829296555471787,0.0,0.0,0.7272727272727273,0.0
0.936,0.0871269345521958,0.08914163292336234,0.08856339315442896,87.55999755859375,0.053860460850255226,0.0,0.0,0.7272727272727273,0.0
0.9400000000000001,0.08849093555989476,0.08898675757600354,0.08905022570492309,86.94000244140625,0.05114494925781069,0.0,0.0,0.7272727272727273,0.0
0.9440000000000001,0.08858186829967968,0.09026444719064054,0.08910285706484722,87.0199966430664,0.056762097813295526,0.0,0.0,0.7272727272727273,0.0
0.9480000000000001,0.0870360018124109,0.09069034701101421,0.0886291848639355,89.6500015258789,0.06341041929824594,0.0,0.0,0.7272727272727273,0.0
0.9520000000000001,0.09176452410307681,0.09283274500696614,0.09173436483062103,89.33000183105469,0.061002686153673165,0.0,0.0,0.7272727272727273,0.0
0.9560000000000001,0.08966006795400779,0.08905129143235739,0.09016861449769586,88.08999633789062,0.03973776662219485,0.0,0.0,0.7272727272727273,0.0
0.96,0.08902353877551343,0.09140018004497036,0.09019492515845519,89.30000305175781,0.04962064003717902,0.0,0.0,0.7272727272727273,0.0
0.964,0.09041351631846865,0.09088393873359171,0.09105016719001277,88.5999984741211,0.04047420906791292,0.0,0.0,0.7272727272727273,0.0
0.968,0.08950418892061955,0.08928359953015357,0.08983967602697414,87.68000030517578,0.04079522736173427,0.0,0.0,0.7272727272727273,0.0
0.972,0.08775048041852469,0.08898675757600354,0.08927390145579656,87.3499984741211,0.03802253498533351,0.0,0.0,0.7272727272727273,0.0
0.976,0.08755562171586409,0.08710248515898296,0.08765551976294725,86.36000061035156,0.06917320615917633,0.0,0.0,0.7272727272727273,0.0
0.98,0.08664628440708969,0.08662496022282301,0.08774763217161859,86.0199966430664,0.07107245246655451,0.0,0.0,0.7272727272727273,0.0
0.984,0.0860357416747769,0.08734770199734672,0.0873002706314662,85.8499984741211,0.05755169152463733,0.0,0.0,0.7272727272727273,0.0
0.988,0.08587985273046335,0.085734454053341,0.08462929185535066,83.33000183105469,0.07712363771099565,0.0,0.0,0.7272727272727273,0.0
0.992,0.08237243572627363,0.08228854896161693,0.08174778763953859,81.5199966430664,0.06516460294565464,0.0,0.0,0.7272727272727273,0.0
0.996,0.08273616668541327,0.08279188153242799,0.08210304680942512,81.55999755859375,0.07019977392483336,0.0,0.0,0.7272727272727273,0.0
1.0,0.0816891368912076,0.08156581703357726,0.081616214258931,82.18000030517578,0.0778645721102453,0.0,0.0,0.7272727272727273,0.0
0.0,0.0008703601172333625,0.0011486342100343536,0.0013947009227731066,20.059999465942383,0.12917273412988595,0.0,0.0,0.4545454545454546,0.0
0.004,0.0009353113662993393,0.0018197434839087624,0.0016446923536086247,20.479999542236328,0.17296227737630768,0.0,0.0,0.4545454545454546,0.0
0.008,0.0012990448031703107,0.003729830920443492,0.0017236393934948295,22.07999992370605,0.32371058771292405,0.0,0.0,0.4545454545454546,0.0
0.012,0.0029618230432115894,0.002942565136049978,0.0018552127741024264,20.68000030517578,0.27636854435185293,0.0,0.0,0.4545454545454546,0.0
0.016,0.0012990448031703107,0.001845556041801897,0.0018946862940455236,20.770000457763672,0.14472111032034476,0.0,0.0,0.4545454545454546,0.0
0.02,0.0010782070875221018,0.001355129749937404,0.00148680329303897,20.13999938964844,0.16291150736413662,0.0,0.0,0.4545454545454546,0.0
0.024,0.0011821305726664767,0.0017810271086900718,0.0017499525638555273,20.739999771118164,0.16116384769879002,0.0,0.0,0.4545454545454546,0.0
0.028,0.0014679195373806658,0.0024908552194041825,0.0021709959144444874,20.799999237060547,0.1626357731810994,0.0,0.0,0.4545454545454546,0.0
0.032,0.0017017479983883373,0.002645728105141975,0.00222362476476725,21.489999771118164,0.17546959718824046,0.0,0.0,0.4545454545454546,0.0
0.036000000000000004,0.002857899558067218,0.0030200003481083808,0.0025130897155458756,21.07999992370605,0.2508258114058778,0.0,0.0,0.4545454545454546,0.0
0.04,0.0020394999445403766,0.002619915547248837,0.0023157271350331132,21.190000534057617,0.15102462016512963,0.0,0.0,0.4545454545454546,0.0
0.044,0.0023902426360518786,0.004052480509244637,0.0031051799666855263,22.549999237060547,0.2448696076649881,0.0,0.0,0.4545454545454546,0.0
0.048,0.0040010578946553035,0.00415572827919616,0.004157782069154504,22.200000762939453,0.11939117431868998,0.0,0.0,0.4545454545454546,0.0
0.052000000000000005,0.0037672294336476425,0.003962139018239677,0.0042630422794013995,22.5,0.116041301411617,0.0,0.0,0.4545454545454546,0.0
0.056,0.004169932628865662,0.004942991601968663,0.004539351899800363,22.690000534057617,0.17804426752087335,0.0,0.0,0.4545454545454546,0.0
0.06,0.004507684575017698,0.004413846473264465,0.004341989319287601,22.399999618530277,0.14266125892514323,0.0,0.0,0.4545454545454546,0.0
0.064,0.0036762966938627233,0.0046590608500072205,0.004355147159268633,22.850000381469727,0.14648450429537058,0.0,0.0,0.4545454545454546,0.0
0.068,0.003936106645589323,0.00415572827919616,0.0033551739071224253,21.8799991607666,0.2599833715210146,0.0,0.0,0.4545454545454546,0.0
0.07200000000000001,0.0034424682328550657,0.003975042835565237,0.003973577328622774,22.489999771118164,0.11210139189157294,0.0,0.0,0.4545454545454546,0.0
0.076,0.0035204102272805085,0.003665299525710663,0.003802530428072076,22.0,0.14961275369415686,0.0,0.0,0.4545454545454546,0.0
0.08,0.00348144046893345,0.005472139192293866,0.004157782069154504,23.59000015258789,0.22410185394300838,0.0,0.0,0.4545454545454546,0.0
0.084,0.00492338099332652,0.005136583324546157,0.005473535952041406,23.440000534057617,0.12950833544243437,0.0,0.0,0.4545454545454546,0.0
0.088,0.005365053946891601,0.005794788781095007,0.005934050312972092,23.81999969482422,0.09948285929248181,0.0,0.0,0.4545454545454546,0.0
0.092,0.005274121207106693,0.005304360027609506,0.005513009471984506,23.43000030517578,0.08944379407165749,0.0,0.0,0.4545454545454546,0.0
0.096,0.004858427266529207,0.004968804159861801,0.005144597481319679,23.299999237060547,0.08762590565823045,0.0,0.0,0.4545454545454546,0.0
0.1,0.005287111952466155,0.0054592329133472985,0.005170913161281751,22.920000076293945,0.1215485016811726,0.0,0.0,0.4545454545454546,0.0
0.10400000000000001,0.00453366606573663,0.004620342013167522,0.0043156736393255325,22.690000534057617,0.10766872984401349,0.0,0.0,0.4545454545454546,0.0
0.108,0.004104981379799678,0.004517094243215995,0.00476303016027519,22.799999237060547,0.08947468704553987,0.0,0.0,0.4545454545454546,0.0
0.112,0.004832445775810278,0.005214018536604546,0.005170913161281751,23.100000381469727,0.11022018247577826,0.0,0.0,0.4545454545454546,0.0
0.116,0.005066274236817953,0.00552376184645912,0.005513009471984506,23.26000022888184,0.11302626228979104,0.0,0.0,0.4545454545454546,0.0
0.12,0.0049883322423925035,0.005149489603492721,0.005407749261737604,23.239999771118164,0.09827400379273614,0.0,0.0,0.4545454545454546,0.0
0.124,0.0048844087572481355,0.005252737373444248,0.005197228841243812,23.489999771118164,0.12656103060495924,0.0,0.0,0.4545454545454546,0.0
0.128,0.005183188467321784,0.005201112257657976,0.004776188000256223,22.6299991607666,0.24792935525212212,0.0,0.0,0.4545454545454546,0.0
0.132,0.0015328732641779787,0.0019358975328068531,0.0018288996037417217,20.700000762939453,0.464975330713123,0.0,0.0,0.4545454545454546,0.0
0.136,0.0017147387437477998,0.002245643304282438,0.002210466924786221,20.68000030517578,0.1599367634256355,0.0,0.0,0.4545454545454546,0.0
0.14,0.0015458640095374412,0.001677779338738545,0.0018025839237796604,20.40999984741211,0.18819308914580157,0.0,0.0,0.4545454545454546,0.0
0.14400000000000002,0.0012081120633854019,0.001380942307830535,0.0014604876130768982,20.34000015258789,0.12408306871230601,0.0,0.0,0.4545454545454546,0.0
0.148,0.0008703601172333625,0.0008776072753984669,0.0009078708818803481,19.799999237060547,0.1686858071345884,0.0,0.0,0.4545454545454546,0.0
0.152,0.0,0.0,0.0,19.309999465942383,0.16068606195365245,0.0,0.0,0.4545454545454546,0.0
0.156,2.5981490718925138e-05,5.162511578626558e-05,0.0004999878808737944,19.5,0.1275927791799009,0.0,0.0,0.4545454545454546,0.0
0.16,0.0002598099517265931,0.0012776945378790115,0.0009341865618424164,20.190000534057617,0.18149008134062455,0.0,0.0,0.4545454545454546,0.0
0.164,0.0008054088681673788,0.0012002568641996114,0.0011841805022793118,20.40999984741211,0.12341896571474731,0.0,0.0,0.4545454545454546,0.0
0.168,0.0006495224015851571,0.0011486342100343536,0.0008289263515955173,19.770000457763672,0.2468154812559279,0.0,0.0,0.4545454545454546,0.0
0.17200000000000001,0.0006495224015851571,0.0006065828023835915,0.0008420841915765462,19.950000762939453,0.13942344500407844,0.0,0.0,0.4545454545454546,0.0
0.176,0.001234093554104327,0.002645728105141975,0.0019341598139886243,20.649999618530277,0.33155586802444803,0.0,0.0,0.4545454545454546,0.0
0.18,0.002208377156482061,0.0029812839728896798,0.002355200654976221,21.809999465942383,0.25213214287290453,0.0,0.0,0.4545454545454546,0.0
0.184,0.0027539760729228466,0.0035491454768125687,0.0031446534866286235,22.21999931335449,0.15978095538344605,0.0,0.0,0.4545454545454546,0.0
0.188,0.003234621262566316,0.006001284320998057,0.003855159278394849,23.86000061035156,0.35555433603995434,0.0,0.0,0.4545454545454546,0.0
0.192,0.00715773716279618,0.007872650459072084,0.006762976664567603,24.559999465942383,0.5898585466371654,0.0,0.0,0.4545454545454546,0.0
0.196,0.005845701614266403,0.006904701692668654,0.005578796162288301,23.65999984741211,0.4024945788587291,0.0,0.0,0.4545454545454546,0.0
0.2,0.007066804423011271,0.00900837839015987,0.00785505228697968,25.309999465942383,0.5658696727129269,0.0,0.0,0.4545454545454546,0.0
0.20400000000000001,0.007014841441573421,0.006943420529508356,0.0057366877324593266,23.540000915527344,0.3039321766824822,0.0,0.0,0.4545454545454546,0.0
0.20800000000000002,0.005235151448759634,0.005188205978711415,0.005013024100712086,23.5,0.18221942415880443,0.0,0.0,0.4545454545454546,0.0
0.212,0.0053910354376105335,0.007330599051421322,0.0061577285734469266,24.799999237060547,0.37899135783446775,0.0,0.0,0.4545454545454546,0.0
0.216,0.007794268819021875,0.00816948748998009,0.007197175345536235,24.549999237060547,0.2956355903177198,0.0,0.0,0.4545454545454546,0.0
0.22,0.006599147500995928,0.0066982061527656005,0.006749818824586574,24.350000381469727,0.1454546745386825,0.0,0.0,0.4545454545454546,0.0
0.224,0.006092520820633534,0.0070208557415667484,0.006684029624681408,24.850000381469727,0.16920235300844796,0.0,0.0,0.4545454545454546,0.0
0.228,0.007092783435998864,0.007214445002523235,0.007420853606011055,24.93000030517578,0.10991221214608116,0.0,0.0,0.4545454545454546,0.0
0.232,0.006832975962003603,0.006995043183673607,0.006986654925042437,24.350000381469727,0.11701049651149245,0.0,0.0,0.4545454545454546,0.0
0.23600000000000002,0.005689815147684182,0.006052906975163318,0.006197202093390024,24.209999084472656,0.10535828078489642,0.0,0.0,0.4545454545454546,0.0
0.24,0.005962615844770241,0.005859317714206832,0.006249830943712783,24.0,0.08647921986990027,0.0,0.0,0.4545454545454546,0.0
0.244,0.005650845389337123,0.006569145824920946,0.006289304463655887,24.61000061035156,0.1080344566031429,0.0,0.0,0.4545454545454546,0.0
0.248,0.0066251289917148536,0.006659487315925906,0.006841921194852437,24.489999771118164,0.10212219380025983,0.0,0.0,0.4545454545454546,0.0
0.252,0.006469242525132635,0.0066982061527656005,0.0067761345045486455,24.479999542236328,0.0928097850520604,0.0,0.0,0.4545454545454546,0.0
0.256,0.006534196251929945,0.00678854764377056,0.006973497085061401,24.440000534057617,0.07558666428989044,0.0,0.0,0.4545454545454546,0.0
0.26,0.006391300530707186,0.006865985317449964,0.006986654925042437,24.770000457763672,0.1129163140038618,0.0,0.0,0.4545454545454546,0.0
0.264,0.006832975962003603,0.006943420529508356,0.007368222246086926,24.61000061035156,0.10128098387789713,0.0,0.0,0.4545454545454546,0.0
0.268,0.006638119737074313,0.006556239545974379,0.006684029624681408,24.07999992370605,0.09578529651786294,0.0,0.0,0.4545454545454546,0.0
0.272,0.006274386300203352,0.007627436082329329,0.0069077078851562355,24.770000457763672,0.1558036289074575,0.0,0.0,0.4545454545454546,0.0
0.276,0.006910917956429046,0.007472565658212544,0.0075261138162579545,25.270000457763672,0.11049073584953086,0.0,0.0,0.4545454545454546,0.0
0.28,0.007248669902581082,0.007369317888261024,0.007210333185517264,24.899999618530277,0.11578110965643365,0.0,0.0,0.4545454545454546,0.0
0.28400000000000003,0.015952271074914707,0.01655837926043081,0.01472328665219282,30.56999969482422,0.9999999999999999,0.0,0.0,0.4545454545454546,0.0
0.28800000000000003,0.014133606368291207,0.014299829677201798,0.013631211029780741,29.57999992370605,0.42779861081396076,0.0,0.0,0.4545454545454546,0.0
0.292,0.013211285747351326,0.013615814124380825,0.012841758198128325,28.76000022888184,0.24476560771564493,0.0,0.0,0.4545454545454546,0.0
0.296,0.012327934884758498,0.01374487445222548,0.01296017624835626,29.34000015258789,0.23709685868344887,0.0,0.0,0.4545454545454546,0.0
0.3,0.0128345615651209,0.01568077198503234,0.013499635139571777,31.21999931335449,0.3102817381653526,0.0,0.0,0.4545454545454546,0.0
0.304,0.015731433359266498,0.01897179680615559,0.016104827225383516,33.9900016784668,0.5621281690003014,0.0,0.0,0.4545454545454546,0.0
0.308,0.02016117593985876,0.021617522449676557,0.020420503374310412,35.5,0.5100783050541097,0.0,0.0,0.4545454545454546,0.0
0.312,0.019511653538273607,0.020004274505670844,0.019420527612562837,34.47999954223633,0.2875387529331535,0.0,0.0,0.4545454545454546,0.0
0.316,0.018745216906184612,0.018958892988830033,0.018486343560321795,33.54999923706055,0.23421959071222886,0.0,0.0,0.4545454545454546,0.0
0.32,0.018225597002731426,0.021307781601442987,0.019117904821803176,35.939998626708984,0.30681097970830506,0.0,0.0,0.4545454545454546,0.0
0.324,0.021122466319145706,0.023256582951575403,0.021670465547690778,37.29999923706055,0.28131372275493943,0.0,0.0,0.4545454545454546,0.0
0.328,0.023967377609584787,0.023914790869745264,0.022999379780160086,36.83000183105469,0.2352574795055819,0.0,0.0,0.4545454545454546,0.0
0.332,0.02298010078411625,0.024689147913571196,0.02297306410019802,36.59000015258789,0.20978862106236906,0.0,0.0,0.4545454545454546,0.0
0.336,0.02226562713346512,0.023876069571284558,0.02286780138034974,37.16999816894531,0.20797361087632235,0.0,0.0,0.4545454545454546,0.0
0.34,0.022148712902961287,0.023540516165157854,0.022288871478792497,37.43000030517578,0.19274183969770167,0.0,0.0,0.4545454545454546,0.0
0.34400000000000003,0.023421776215412683,0.02394059850439637,0.023538838671375604,37.79999923706055,0.16718816948768125,0.0,0.0,0.4545454545454546,0.0
0.34800000000000003,0.024629888278798074,0.025941029893557076,0.022802014690045957,36.369998931884766,0.34598096800927014,0.0,0.0,0.4545454545454546,0.0
0.352,0.02200581718173852,0.023179145277896,0.0227756990100839,37.220001220703125,0.19431258432006962,0.0,0.0,0.4545454545454546,0.0
0.356,0.02143423925231015,0.021940172038477698,0.020683650135525606,35.630001068115234,0.22096036469827252,0.0,0.0,0.4545454545454546,0.0
0.36,0.021953859155763335,0.023153337643244887,0.021933617328108706,37.150001525878906,0.18514447070453824,0.0,0.0,0.4545454545454546,0.0
0.364,0.022928142758141073,0.02383735319606586,0.02294674842023595,36.84000015258789,0.15466423462849085,0.0,0.0,0.4545454545454546,0.0
0.368,0.021901896174325485,0.02430196939165823,0.022512552248868698,37.0099983215332,0.22381249615037085,0.0,0.0,0.4545454545454546,0.0
0.372,0.023473739196850526,0.02448265237366815,0.024459867393236984,38.09999847412109,0.1486629386586424,0.0,0.0,0.4545454545454546,0.0
0.376,0.02421419433822059,0.024263248093197517,0.024604596104224243,38.119998931884766,0.13504834750412592,0.0,0.0,0.4545454545454546,0.0
0.38,0.023824481888362028,0.023721199147167773,0.02245992088894456,36.91999816894531,0.16184464441515473,0.0,0.0,0.4545454545454546,0.0
0.384,0.022213664152027263,0.024327781949551364,0.02297306410019802,38.15999984741211,0.22876208783544058,0.0,0.0,0.4545454545454546,0.0
0.388,0.026656399955710324,0.027838206127903223,0.024815121543920775,38.27999877929688,0.4674742077247401,0.0,0.0,0.4545454545454546,0.0
0.392,0.024538955539013165,0.027257435883412767,0.02534142008555389,39.540000915527344,0.30174127000056217,0.0,0.0,0.4545454545454546,0.0
0.396,0.026097810293910072,0.029593420678700164,0.027065059479048723,41.52999877929688,0.34251385530690437,0.0,0.0,0.4545454545454546,0.0
0.4,0.02870888816787882,0.02902555917477728,0.02888079622360667,41.34000015258789,0.1999581313857072,0.0,0.0,0.4545454545454546,0.0
0.404,0.027890493509814648,0.028238293390383768,0.027815038790758032,40.15999984741211,0.15753804872685448,0.0,0.0,0.4545454545454546,0.0
0.40800000000000003,0.02751376932758422,0.027463936346557836,0.027393997949770443,39.9900016784668,0.14912575762140218,0.0,0.0,0.4545454545454546,0.0
0.41200000000000003,0.026955179665783976,0.02697350759307233,0.026420337867984933,39.5,0.1122769637617741,0.0,0.0,0.4545454545454546,0.0
0.41600000000000004,0.02421419433822059,0.024134190226973874,0.02323621588061595,37.02999877929688,0.19091550848395894,0.0,0.0,0.4545454545454546,0.0
0.42,0.023278880494189916,0.024702051730896745,0.02386777714209733,38.380001068115234,0.13792024278423598,0.0,0.0,0.4545454545454546,0.0
0.424,0.02447400428994718,0.02618624180867882,0.023459891631489403,37.2400016784668,0.14367343555389853,0.0,0.0,0.4545454545454546,0.0
0.428,0.023071033523901174,0.024160002784867008,0.023683572401565604,38.130001068115234,0.1780039723375485,0.0,0.0,0.4545454545454546,0.0
0.432,0.025240440922036176,0.02578615454619829,0.024999326284452502,38.45000076293945,0.14403877854937722,0.0,0.0,0.4545454545454546,0.0
0.436,0.02422718756131138,0.024095473851755183,0.02436776502297112,37.880001068115234,0.09783670511274879,0.0,0.0,0.4545454545454546,0.0
0.44,0.024110273330807546,0.02406966129386205,0.024183555263236647,37.88999938964844,0.0980940186405518,0.0,0.0,0.4545454545454546,0.0
0.444,0.023084026746991965,0.0229210295454487,0.02168362589727318,35.90999984741211,0.17814174348815445,0.0,0.0,0.4545454545454546,0.0
0.448,0.020174164207486894,0.021359401793987227,0.020591547765259743,35.52000045776367,0.1323261200477939,0.0,0.0,0.4545454545454546,0.0
0.452,0.020719765601659005,0.020881881781069315,0.02007840455400629,34.709999084472656,0.1339837871370483,0.0,0.0,0.4545454545454546,0.0
0.456,0.019160910846762105,0.019629999801083434,0.01921000719206904,34.33000183105469,0.11273229933334496,0.0,0.0,0.4545454545454546,0.0
0.46,0.019264836809637805,0.02090769433896245,0.020104720233968355,35.11000061035156,0.12349821290861954,0.0,0.0,0.4545454545454546,0.0
0.464,0.02143423925231015,0.02210795120316206,0.01909158914184111,33.619998931884766,0.17966893093616645,0.0,0.0,0.4545454545454546,0.0
0.468,0.0181996155120125,0.019913933014665885,0.01831529415016973,34.5,0.19742298870909772,0.0,0.0,0.4545454545454546,0.0
0.47200000000000003,0.020096224690792776,0.021436839467666637,0.020683650135525606,35.790000915527344,0.19389716016817288,0.0,0.0,0.4545454545454546,0.0
0.47600000000000003,0.020849668099790972,0.021398123092447947,0.020670494805145937,35.83000183105469,0.11407259388345979,0.0,0.0,0.4545454545454546,0.0
0.48,0.021694049204036742,0.022830688054443746,0.022578338939172497,36.810001373291016,0.09941301430805205,0.0,0.0,0.4545454545454546,0.0
0.484,0.02325290395893365,0.02715419057508225,0.02417039993285699,40.560001373291016,0.1785375956938648,0.0,0.0,0.4545454545454546,0.0
0.488,0.026448552985421574,0.026883166102067372,0.02714400149973217,40.0099983215332,0.1377346930591163,0.0,0.0,0.4545454545454546,0.0
0.492,0.027240971108229494,0.03114213968959405,0.027736091750871838,43.470001220703125,0.31555330755337047,0.0,0.0,0.4545454545454546,0.0
0.496,0.03103417955486473,0.03158094332729329,0.030972845098164958,43.7599983215332,0.17116492031819378,0.0,0.0,0.4545454545454546,0.0
0.5,0.030865302342923045,0.030625898378215426,0.027854509801099766,40.5,0.201660698822095,0.0,0.0,0.4545454545454546,0.0
0.504,0.02813731023845045,0.03004513305696697,0.029183424033569067,41.40999984741211,0.192434636895306,0.0,0.0,0.4545454545454546,0.0
0.508,0.02915056359917523,0.029128804483107795,0.027275579899542515,40.29999923706055,0.17499564907961002,0.0,0.0,0.4545454545454546,0.0
0.512,0.027578720576650204,0.028018889109913143,0.02770977607090978,40.5,0.11344686725097239,0.0,0.0,0.4545454545454546,0.0
0.516,0.026773314186214158,0.027670431886460883,0.02620981744749114,40.77999877929688,0.14049779134424922,0.0,0.0,0.4545454545454546,0.0
0.52,0.026721351204776308,0.026637949263703605,0.0264598138975294,39.5099983215332,0.10811178497876155,0.0,0.0,0.4545454545454546,0.0
0.524,0.02565613486261366,0.026431453723800572,0.024538809413920445,37.810001373291016,0.16315826739154501,0.0,0.0,0.4545454545454546,0.0
0.528,0.024461016022319048,0.02443102725788188,0.02414408425289492,37.5099983215332,0.11156891982620877,0.0,0.0,0.4545454545454546,0.0
0.532,0.023486732419941318,0.023759915522386463,0.023617780692059064,37.310001373291016,0.09159747567945832,0.0,0.0,0.4545454545454546,0.0
0.536,0.02349972068756945,0.02360504509826968,0.0223678185186787,36.04999923706055,0.09985165616081691,0.0,0.0,0.4545454545454546,0.0
0.54,0.023226922468214724,0.023153337643244887,0.02197308833845044,36.27999877929688,0.12801300037743155,0.0,0.0,0.4545454545454546,0.0
0.544,0.022057780163176378,0.02326949169214298,0.02298621943057767,36.81999969482422,0.3079077762220425,0.0,0.0,0.4545454545454546,0.0
0.548,0.02388943313742801,0.023682482771949082,0.022788859359666288,36.369998931884766,0.09389065537429331,0.0,0.0,0.4545454545454546,0.0
0.552,0.021746012185474593,0.02226282162727884,0.022446760539362173,36.34999847412109,0.06371263317318235,0.0,0.0,0.4545454545454546,0.0
0.556,0.02035602968705671,0.021462652025559772,0.021025748955829735,36.15999984741211,0.06656361333432854,0.0,0.0,0.4545454545454546,0.0
0.56,0.021655074490227025,0.021862739288040316,0.022209924438906303,36.20000076293945,0.04993820445814395,0.0,0.0,0.4545454545454546,0.0
0.5640000000000001,0.021447227519938283,0.02226282162727884,0.02217045342856457,36.68000030517578,0.06775040242415822,0.0,0.0,0.4545454545454546,0.0
0.5680000000000001,0.022616369824976622,0.02414709404429943,0.023486207311451474,37.29999923706055,0.11355835059150449,0.0,0.0,0.4545454545454546,0.0
0.5720000000000001,0.02325290395893365,0.02326949169214298,0.023551994001755266,36.900001525878906,0.09358230128094548,0.0,0.0,0.4545454545454546,0.0
0.5760000000000001,0.02373354914857712,0.026212054366571955,0.02472301415445217,39.380001068115234,0.17776412005585293,0.0,0.0,0.4545454545454546,0.0
0.58,0.0286958999002507,0.029102991925214653,0.026709805328364925,39.369998931884766,0.18019910041962633,0.0,0.0,0.4545454545454546,0.0
0.584,0.026448552985421574,0.026792824611062412,0.026288764487377336,40.040000915527344,0.12211589623875163,0.0,0.0,0.4545454545454546,0.0
0.588,0.026864246925999067,0.032290771438007404,0.0278281941211377,42.630001068115234,0.3132940909416236,0.0,0.0,0.4545454545454546,0.0
0.592,0.030033914461768067,0.030703336051894816,0.028565018102467348,41.11000061035156,0.1640361267425508,0.0,0.0,0.4545454545454546,0.0
0.596,0.029007672833415144,0.03378786533311502,0.029736038255164254,45.54999923706055,0.35294263251502767,0.0,0.0,0.4545454545454546,0.0
0.6,0.03213837061083709,0.03342649936909518,0.03278858686192565,44.060001373291016,0.1904143131561279,0.0,0.0,0.4545454545454546,0.0
0.604,0.034281791562790515,0.03702726996169402,0.03453854193538254,47.290000915527344,0.3183367453119912,0.0,0.0,0.4545454545454546,0.0
0.608,0.03825687044445822,0.038008122545423004,0.03743319646237153,48.720001220703125,0.2791341371007155,0.0,0.0,0.4545454545454546,0.0
0.612,0.03877648539244874,0.03980205347143863,0.03797266037278979,48.31999969482422,0.24863087520562532,0.0,0.0,0.4545454545454546,0.0
0.616,0.038672564385035704,0.039569745373642454,0.036499012410130496,46.959999084472656,0.239009536718602,0.0,0.0,0.4545454545454546,0.0
0.62,0.03611344453704214,0.03959555793153559,0.03688058224077635,48.560001373291016,0.28283208363898504,0.0,0.0,0.4545454545454546,0.0
0.624,0.040036560437271995,0.04499025945015005,0.041025208979551184,54.25,0.41794049015444756,0.0,0.0,0.4545454545454546,0.0
0.628,0.045089843928730486,0.045235471365271784,0.044880368257946016,54.31999969482422,0.359418644120808,0.0,0.0,0.4545454545454546,0.0
0.632,0.035541866607613756,0.036885303354902796,0.033525410843255304,45.06999969482422,0.560144302807941,0.0,0.0,0.4545454545454546,0.0
0.636,0.03219032863681229,0.03214880483121617,0.030670222307405303,42.4900016784668,0.28140218027642877,0.0,0.0,0.4545454545454546,0.0
0.64,0.03178762791932559,0.032239146322221135,0.03174914008983633,43.93000030517578,0.22848961564343442,0.0,0.0,0.4545454545454546,0.0
0.644,0.03520411218373039,0.038382397250010414,0.035985869198877043,48.77999877929688,0.3823076514221033,0.0,0.0,0.4545454545454546,0.0
0.648,0.03645119896092551,0.037711285514515,0.03686742691039668,48.65999984741211,0.2331415986173763,0.0,0.0,0.4545454545454546,0.0
0.652,0.03829584020280527,0.038756671954597824,0.03551219699796532,46.470001220703125,0.21522655199297097,0.0,0.0,0.4545454545454546,0.0
0.656,0.0339440420943698,0.03909222536072453,0.034906951416445994,48.810001373291016,0.18931195206945506,0.0,0.0,0.4545454545454546,0.0
0.66,0.03969881096885129,0.041221714616108865,0.03876211069484084,49.25,0.22920514297018862,0.0,0.0,0.4545454545454546,0.0
0.664,0.039023307076547206,0.03891154237871461,0.03688058224077635,48.59999847412109,0.24167208892724817,0.0,0.0,0.4545454545454546,0.0
0.668,0.036490168719272575,0.04040863627382223,0.036604275129978756,48.2400016784668,0.2140516595763134,0.0,0.0,0.4545454545454546,0.0
0.672,0.038451724191656156,0.04097649777774512,0.039288414255676696,50.59000015258789,0.21653154028722021,0.0,0.0,0.4545454545454546,0.0
0.676,0.03908825832561319,0.04087325246941459,0.03765687723244773,50.2400016784668,0.17669917592512463,0.0,0.0,0.4545454545454546,0.0
0.68,0.04015347466777583,0.03999564519401613,0.036577959450016684,47.130001068115234,0.18627695723779203,0.0,0.0,0.4545454545454546,0.0
0.684,0.03716567261157665,0.03871795065613712,0.036696377500244626,48.290000915527344,0.2013364185372426,0.0,0.0,0.4545454545454546,0.0
0.6880000000000001,0.036762966938627295,0.03794359361231117,0.03581481978872496,46.47999954223633,0.1641880971482331,0.0,0.0,0.4545454545454546,0.0
0.6920000000000001,0.034112914350848816,0.03631743692773788,0.034209603464660815,46.790000915527344,0.1285349189424011,0.0,0.0,0.4545454545454546,0.0
0.6960000000000001,0.034333754544228365,0.03520752647778526,0.034854320056521865,46.18000030517578,0.12097822889621321,0.0,0.0,0.4545454545454546,0.0
0.7000000000000001,0.034320761321137566,0.035130088804105855,0.03409118541443289,45.459999084472656,0.12002630316061985,0.0,0.0,0.4545454545454546,0.0
0.704,0.033060691231776976,0.033065128481833336,0.03282805787226738,44.619998931884766,0.13426163202016447,0.0,0.0,0.4545454545454546,0.0
0.708,0.031683701956449886,0.032058463340211216,0.031459677648659076,44.11000061035156,0.16883624248566784,0.0,0.0,0.4545454545454546,0.0
0.712,0.03194351190817647,0.03226495888011427,0.0318544028096846,43.630001068115234,0.10433958017407902,0.0,0.0,0.4545454545454546,0.0
0.716,0.031956500175804606,0.034910684523635216,0.03232807501059633,46.119998931884766,0.18443374042341792,0.0,0.0,0.4545454545454546,0.0
0.72,0.0345416015145171,0.03538820945979518,0.034354337194850815,46.880001068115234,0.13986534884787435,0.0,0.0,0.4545454545454546,0.0
0.724,0.03542495237710992,0.03536239690190204,0.0334464638033691,45.459999084472656,0.13182972176559676,0.0,0.0,0.4545454545454546,0.0
0.728,0.032424157097819956,0.03485906433109098,0.033459624152951506,45.61000061035156,0.14693024577567362,0.0,0.0,0.4545454545454546,0.0
0.732,0.03208640762939924,0.033891115564687546,0.03286753390181185,45.5,0.1111978203759694,0.0,0.0,0.4545454545454546,0.0
0.736,0.031099130803930706,0.0311550435069196,0.03048601756687357,43.09999847412109,0.15584085398157663,0.0,0.0,0.4545454545454546,0.0
0.74,0.031917530417457554,0.034304106644493654,0.03197282085991253,45.58000183105469,0.1801275284987684,0.0,0.0,0.4545454545454546,0.0
0.744,0.032956765268901275,0.034755814099518445,0.03385434931397702,45.95000076293945,0.14482376709691047,0.0,0.0,0.4545454545454546,0.0
0.748,0.032696955317174675,0.03307803722240091,0.03198597619029221,43.41999816894531,0.13804822796174873,0.0,0.0,0.4545454545454546,0.0
0.752,0.030189803406081617,0.033826581708333706,0.029828140625430117,45.58000183105469,0.15385756343469234,0.0,0.0,0.4545454545454546,0.0
0.756,0.03365825065192428,0.036562653766101655,0.034788533366218066,46.77999877929688,0.15826297826305116,0.0,0.0,0.4545454545454546,0.0
0.76,0.035489903626175906,0.0377887231881944,0.0364332257198267,47.97999954223633,0.13379286472081864,0.0,0.0,0.4545454545454546,0.0
0.764,0.036243351990636774,0.03599478733893674,0.03447275022587601,45.25,0.15802677173603735,0.0,0.0,0.4545454545454546,0.0
0.768,0.034385717525666215,0.03497521837998907,0.034762217686255995,45.77000045776367,0.12593645526342398,0.0,0.0,0.4545454545454546,0.0
0.772,0.03690586265985006,0.03822752190265161,0.03515694284728152,45.7599983215332,0.213843659677627,0.0,0.0,0.4545454545454546,0.0
0.776,0.03452861324688897,0.03423957771138182,0.03281490254188771,44.060001373291016,0.1656087901831723,0.0,0.0,0.4545454545454546,0.0
0.78,0.03208640762939924,0.03376205277522189,0.032999107282419435,45.02999877929688,0.1444914277753931,0.0,0.0,0.4545454545454546,0.0
0.784,0.031813609410044505,0.034704188983732176,0.03247280874078633,46.18000030517578,0.1368071363153432,0.0,0.0,0.4545454545454546,0.0
0.788,0.03565878083811759,0.036136753945727976,0.032459648391203924,43.869998931884766,0.3071266253110164,0.0,0.0,0.4545454545454546,0.0
0.792,0.032476120079257806,0.033439403186420746,0.032591226791014255,44.0099983215332,0.1497029381520744,0.0,0.0,0.4545454545454546,0.0
0.796,0.03122903825752534,0.0319552180318807,0.03188071848964667,44.060001373291016,0.12005969059823188,0.0,0.0,0.4545454545454546,0.0
0.8,0.03422982858135265,0.036523932467640935,0.034841164726142196,47.18000030517578,0.1817389520681119,0.0,0.0,0.4545454545454546,0.0
0.804,0.034814399733871834,0.034910684523635216,0.03282805787226738,44.09999847412109,0.15367335688235012,0.0,0.0,0.4545454545454546,0.0
0.808,0.031332959264938384,0.03172290993408451,0.03143336196869702,43.130001068115234,0.12903726556118428,0.0,0.0,0.4545454545454546,0.0
0.812,0.031462866718533,0.03154222695207459,0.02849923141216355,41.18999862670898,0.15704011539005447,0.0,0.0,0.4545454545454546,0.0
0.8160000000000001,0.029163556822266037,0.03185196780030816,0.029775509265505973,44.130001068115234,0.17756936000311613,0.0,0.0,0.4545454545454546,0.0
0.8200000000000001,0.03312564248084296,0.037711285514515,0.034222758795040484,48.02999877929688,0.24339173384609272,0.0,0.0,0.4545454545454546,0.0
0.8240000000000001,0.03450263175617005,0.0399311162609043,0.03561745971781358,50.380001068115234,0.2194750074881882,0.0,0.0,0.4545454545454546,0.0
0.8280000000000001,0.04076402731101393,0.04238325018184777,0.04065679447928498,50.77999877929688,0.14818054774969627,0.0,0.0,0.4545454545454546,0.0
0.8320000000000001,0.042102041872531304,0.043518978112935564,0.042433065232703945,52.90999984741211,0.24328677448762273,0.0,0.0,0.4545454545454546,0.0
0.836,0.04659673570218954,0.05113350545469732,0.047143461523453625,58.95000076293945,0.34892942413769745,0.0,0.0,0.4545454545454546,0.0
0.84,0.050532844825510195,0.05488915139465496,0.05186701816378572,61.720001220703125,0.2933028829668614,0.0,0.0,0.4545454545454546,0.0
0.844,0.05458586322387203,0.05657983208909806,0.054972198130471245,62.380001068115234,0.18395806537835926,0.0,0.0,0.4545454545454546,0.0
0.848,0.05544323259574592,0.059496587128875913,0.05685372658453573,65.18000030517578,0.2098363996368828,0.0,0.0,0.4545454545454546,0.0
0.852,0.05931439047000059,0.058890004326492315,0.056735308534307805,63.810001373291016,0.21115098202239987,0.0,0.0,0.4545454545454546,0.0
0.856,0.05750871403100523,0.05974179412075564,0.05777475530639711,64.94000244140625,0.1713458648795049,0.0,0.0,0.4545454545454546,0.0
0.86,0.059015605804464286,0.06331675707870335,0.05960364738133472,68.5,0.20257808582912423,0.0,0.0,0.4545454545454546,0.0
0.864,0.06410785905426983,0.06553658782509267,0.06416931496109715,68.5,0.2227318177099633,0.0,0.0,0.4545454545454546,0.0
0.868,0.06358823915081664,0.0640911141225293,0.0598668041809554,65.69999694824219,0.1805554249693133,0.0,0.0,0.4545454545454546,0.0
0.872,0.061886493630159634,0.06210359147393617,0.06140623381471576,66.26000213623047,0.17010016806929082,0.0,0.0,0.4545454545454546,0.0
0.876,0.062925733437066,0.0635232476953644,0.06053784147198124,65.2699966430664,0.16792230935149505,0.0,0.0,0.4545454545454546,0.0
0.88,0.060535485845551476,0.06289085725832969,0.06111676635433576,66.77999877929688,0.29240468414236787,0.0,0.0,0.4545454545454546,0.0
0.884,0.08145010519440843,0.08475359654636999,0.07980047751437305,82.54000091552734,0.5346812008194889,0.0,0.0,0.4545454545454546,0.0
0.888,0.08335970264081684,0.08717991790942034,0.08373457881345135,84.98999786376953,0.33783923027757046,0.0,0.0,0.4545454545454546,0.0
0.892,0.08025498635411382,0.08394051328084133,0.08135306749771581,84.5199966430664,0.27826625560462825,0.0,0.0,0.4545454545454546,0.0
0.896,0.08656834489039557,0.09731111302847943,0.08802393928241618,94.75,0.44577410021335334,0.0,0.0,0.4545454545454546,0.0
0.9,0.09885730753907568,0.09826616290079927,0.09543163002924347,94.4800033569336,0.3028727971246892,0.0,0.0,0.4545454545454546,0.0
0.904,0.09573959802928188,0.10440940398210458,0.09689211764232036,99.62000274658205,0.29885383229259826,0.0,0.0,0.4545454545454546,0.0
0.908,0.10350789031304747,0.10359633056305992,0.10082621894139866,95.77999877929688,0.2236192711522369,0.0,0.0,0.4545454545454546,0.0
0.912,0.10523562227988609,0.11735411375585297,0.10672080075363037,108.1500015258789,0.37556665101550574,0.0,0.0,0.4545454545454546,0.0
0.916,0.11883662295482728,0.12125171645611782,0.11527320099239523,113.01000213623048,0.2965844459441075,0.0,0.0,0.4545454545454546,0.0
0.92,0.11888857602533981,0.12255522355188997,0.11865468806987838,109.62000274658205,0.23015457424205238,0.0,0.0,0.4545454545454546,0.0
0.924,0.11991482260915542,0.1432822398320845,0.12214143786720975,124.91999816894533,0.43159480084681284,0.0,0.0,0.4545454545454546,0.0
0.928,0.14468761652010156,0.1460957347938058,0.13808836850321954,129.44000244140625,0.3391177388799205,0.0,0.0,0.4545454545454546,0.0
0.932,0.13621783885331293,0.1396943681335692,0.12635184627708568,120.61000061035156,0.32574357565257567,0.0,0.0,0.4545454545454546,0.0
0.936,0.13588008442942956,0.13609359754097036,0.12820706407039084,120.29000091552734,0.2160790829430297,0.0,0.0,0.4545454545454546,0.0
0.9400000000000001,0.12361710822693103,0.12779504972314562,0.12394401426218533,115.93000030517578,0.22167320567947174,0.0,0.0,0.4545454545454546,0.0
0.9440000000000001,0.11729075646755852,0.11747026288150905,0.11322061810897598,108.7699966430664,0.2541515072029559,0.0,0.0,0.4545454545454546,0.0
0.9480000000000001,0.12207124173966227,0.12388453828231322,0.11168118847521562,108.16999816894533,0.2744103903240903,0.0,0.0,0.4545454545454546,0.0
0.9520000000000001,0.11364044374214602,0.12069675876952049,0.10977334936039178,110.8000030517578,0.282989234853952,0.0,0.0,0.4545454545454546,0.0
0.9560000000000001,0.1256436149483806,0.13214436972491925,0.12608869951587046,118.95999908447266,0.31148752355589254,0.0,0.0,0.4545454545454546,0.0
0.96,0.12611127187039595,0.12887915746168915,0.12394401426218533,118.5,0.1913034935348297,0.0,0.0,0.4545454545454546,0.0
0.964,0.1309956731944501,0.1332284676169788,0.13041752095677156,119.83999633789062,0.15333103970591422,0.0,0.0,0.4545454545454546,0.0
0.968,0.13328199482308895,0.13689377206593148,0.1294438658941888,123.5199966430664,0.20226915609030033,0.0,0.0,0.4545454545454546,0.0
0.972,0.13625680861166,0.13644205476442264,0.12898335404285946,121.7699966430664,0.17378621793438828,0.0,0.0,0.4545454545454546,0.0
0.976,0.1324376137188432,0.13361565106213374,0.12807548065137778,120.88999938964844,0.18145707766666325,0.0,0.0,0.4545454545454546,0.0
0.98,0.135555323228637,0.13821017805578714,0.12443084681267945,114.68000030517578,0.36250736586357085,0.0,0.0,0.4545454545454546,0.0
0.984,0.11682309954554318,0.12099360072367049,0.11494426252167352,109.33000183105467,0.25356511634466655,0.0,0.0,0.4545454545454546,0.0
0.988,0.11425098647445883,0.11544402385769725,0.11210222931620321,107.93000030517578,0.1987556079861983,0.0,0.0,0.4545454545454546,0.0
0.992,0.12590341994464457,0.12743368375912578,0.12090462600500633,112.70999908447266,0.22291851872603513,0.0,0.0,0.4545454545454546,0.0
0.996,0.1154850849840258,0.12078710026052544,0.11645738149467456,111.77999877929688,0.14308992292298955,0.0,0.0,0.4545454545454546,0.0
1.0,0.11289998860077596,0.11214009521924842,0.1044248066141668,99.16999816894533,0.268969141756728,0.0,0.0,0.4545454545454546,0.0
0.0,0.127553212394789,0.12754983288478183,0.12750970608020015,116.19000244140624,0.04660464150622627,0.0,0.0,0.09090909090909091,0.0
0.004,0.1294887863764537,0.13269932741151663,0.13166749316855741,121.7300033569336,0.10109063710714354,0.0,0.0,0.09090909090909091,0.0
0.008,0.13199594324300942,0.13491914831142188,0.13398322281319186,123.23999786376952,0.07471494515729607,0.0,0.0,0.09090909090909091,0.0
0.012,0.13632176481618863,0.1354095819881494,0.13277272161174775,121.13999938964844,0.05662048902618246,0.0,0.0,0.09090909090909091,0.0
0.016,0.13135941406451507,0.1325444520641578,0.1303385789360881,118.5,0.08052224860170916,0.0,0.0,0.09090909090909091,0.0
0.02,0.12542277971046373,0.12690453370717955,0.12643078829776916,116.16000366210938,0.0708980318873055,0.0,0.0,0.09090909090909091,0.0
0.024,0.1287873009934307,0.140146075588594,0.13000964046536637,126.38999938964844,0.18845596724653993,0.0,0.0,0.09090909090909091,0.0
0.028,0.14085542840419393,0.14345000422704282,0.1415882786501333,127.0999984741211,0.160931286926458,0.0,0.0,0.09090909090909091,0.0
0.032,0.14095934445614433,0.14152702528128755,0.14052251117887918,126.79000091552734,0.08994115176298141,0.0,0.0,0.09090909090909091,0.0
0.036000000000000004,0.14224540594714916,0.14617316754424317,0.14286456152267846,128.24000549316406,0.1480888282371759,0.0,0.0,0.09090909090909091,0.0
0.04,0.14415500339355758,0.14674103397140809,0.14190405677127263,129.5800018310547,0.11973234020417375,0.0,0.0,0.09090909090909091,0.0
0.044,0.14800016491070533,0.15389094019433544,0.14994330376037857,138.42999267578125,0.1454811542305817,0.0,0.0,0.09090909090909091,0.0
0.048,0.1577560040684988,0.16084726454116938,0.1585351950862961,143.39999389648438,0.137873423618849,0.0,0.0,0.09090909090909091,0.0
0.052000000000000005,0.1642901978426974,0.16319616300026635,0.16175878808400682,143.67999267578125,0.10635280428571893,0.0,0.0,0.09090909090909091,0.0
0.056,0.16196489654478619,0.16545471012187435,0.16139037860294336,143.80999755859375,0.11356333951896376,0.0,0.0,0.09090909090909091,0.0
0.06,0.16173107799470385,0.16319616300026635,0.16057459754332204,141.89999389648438,0.07717218381281082,0.0,0.0,0.09090909090909091,0.0
0.064,0.1549370792242413,0.15574940497670492,0.15282480797619064,136.11000061035156,0.10074429041237513,0.0,0.0,0.09090909090909091,0.0
0.068,0.15072816692610325,0.1551686396554565,0.1529563913952037,138.52000427246094,0.0699871688623384,0.0,0.0,0.09090909090909091,0.0
0.07200000000000001,0.15537874970007504,0.15480727369143665,0.15571948257999058,137.91000366210938,0.04968223410311844,0.0,0.0,0.09090909090909091,0.0
0.076,0.1520661814876206,0.15214864423059013,0.15069329311049334,134.8000030517578,0.0664699750035546,0.0,0.0,0.09090909090909091,0.0
0.08,0.15305346822401447,0.15435555638992782,0.1538642647866854,137.82000732421875,0.06403230829422621,0.0,0.0,0.09090909090909091,0.0
0.084,0.1548331532613656,0.15629145392273466,0.15607472167306616,138.41000366210938,0.0657371783125183,0.0,0.0,0.09090909090909091,0.0
0.088,0.16043203319153354,0.1629638647489542,0.16167984606332336,144.16000366210938,0.11195843993168238,0.0,0.0,0.09090909090909091,0.0
0.092,0.15991242319900567,0.1650029928203655,0.16135090759260162,146.4199981689453,0.090751084947811,0.0,0.0,0.09090909090909091,0.0
0.096,0.16314703207291534,0.16523531076464573,0.16174561769601895,146.24000549316406,0.08052263236535986,0.0,0.0,0.09090909090909091,0.0
0.1,0.1743967648256144,0.17956094069163564,0.17708731278891485,155.61000061035156,0.17387601862865512,0.0,0.0,0.09090909090909091,0.0
0.10400000000000001,0.17642327154706397,0.1817291561687227,0.1761531387750793,160.0800018310547,0.1088716370071731,0.0,0.0,0.09090909090909091,0.0
0.108,0.184867062767671,0.18379412141423726,0.18382396624471628,160.41000366210938,0.09181775601496754,0.0,0.0,0.09090909090909091,0.0
0.112,0.18198318171888486,0.1823357389711063,0.18004775902541037,156.99000549316406,0.08846884251702135,0.0,0.0,0.09090909090909091,0.0
0.116,0.1794240618708913,0.18170333868758756,0.18150824663848728,157.0,0.0695901653656759,0.0,0.0,0.09090909090909091,0.0
0.12,0.17757942062901153,0.17639897865997806,0.17153482979698725,154.72000122070312,0.0887915877472709,0.0,0.0,0.09090909090909091,0.0
0.124,0.1777353194842504,0.18055470693917422,0.18029775547544863,158.64999389648438,0.0743676390534009,0.0,0.0,0.09090909090909091,0.0
0.128,0.18137262907564675,0.18633658205645964,0.18340293544213415,162.1199951171875,0.08766351449600031,0.0,0.0,0.09090909090909091,0.0
0.132,0.1870754349686904,0.1905310267108745,0.18866595097368177,166.47000122070312,0.09724263898144521,0.0,0.0,0.09090909090909091,0.0
0.136,0.19431112403683734,0.20023633185604392,0.19696835476240837,173.66000366210938,0.12570926718220193,0.0,0.0,0.09090909090909091,0.0
0.14,0.20227427502326356,0.21005778612686937,0.2048760283709067,177.44000244140625,0.20224517086213079,0.0,0.0,0.09090909090909091,0.0
0.14400000000000002,0.20279388501579143,0.20755402216689767,0.20371817860619768,179.50999450683594,0.11909414125303819,0.0,0.0,0.09090909090909091,0.0
0.148,0.21112076696135723,0.2103030029652332,0.20266557148452596,176.30999755859375,0.13242033402404393,0.0,0.0,0.09090909090909091,0.0
0.152,0.19571409480288335,0.19984914841088894,0.19453422212515417,171.6999969482422,0.13938717933908606,0.0,0.0,0.09090909090909091,0.0
0.156,0.20149484021262112,0.2043146273848027,0.20340239044665287,176.77999877929688,0.09631911175600459,0.0,0.0,0.09090909090909091,0.0
0.16,0.2053400215516195,0.20448241147272908,0.20108667084042386,174.30999755859375,0.1651231372831951,0.0,0.0,0.09090909090909091,0.0
0.164,0.18907597506580903,0.18924042835566993,0.18266611648000725,163.1199951171875,0.2511500916907302,0.0,0.0,0.09090909090909091,0.0
0.168,0.19140125654186962,0.20159146406760234,0.1943763180069763,172.39999389648438,0.17786370672321294,0.0,0.0,0.09090909090909091,0.0
0.17200000000000001,0.20075437516032574,0.2025335953528706,0.1994025074764735,172.75999450683594,0.12685844743426175,0.0,0.0,0.09090909090909091,0.0
0.176,0.19555819594764448,0.20555361047070503,0.1979025488530549,172.27999877929688,0.13028219484409695,0.0,0.0,0.09090909090909091,0.0
0.18,0.1998190811381457,0.20083001576434398,0.19674467901153492,174.9499969482422,0.09496154784160768,0.0,0.0,0.09090909090909091,0.0
0.184,0.2083797816337939,0.21565897826214497,0.2110600876819239,184.4199981689453,0.20253356924564153,0.0,0.0,0.09090909090909091,0.0
0.188,0.2082758556709182,0.2140973652804095,0.21129691374397427,180.9499969482422,0.121950302223469,0.0,0.0,0.09090909090909091,0.0
0.192,0.20857463042552918,0.20725719005923168,0.2069417716039084,177.50999450683594,0.09361760753681107,0.0,0.0,0.09090909090909091,0.0
0.196,0.20428777861069702,0.20552779298956989,0.20445499756832458,176.13999938964844,0.06367329739898428,0.0,0.0,0.09090909090909091,0.0
0.2,0.19953328969570017,0.19826171794801836,0.19358687772333072,166.5500030517578,0.11839319694501106,0.0,0.0,0.09090909090909091,0.0
0.20400000000000001,0.18784188646716737,0.1898470111580535,0.18325820171194415,165.1999969482422,0.1102923300421123,0.0,0.0,0.09090909090909091,0.0
0.20800000000000002,0.1901281981848809,0.188853264603483,0.1885343675546687,163.7100067138672,0.06740156126566019,0.0,0.0,0.09090909090909091,0.0
0.212,0.18533471968968634,0.1922733423675879,0.18792913201155487,167.75999450683594,0.0791410832227934,0.0,0.0,0.09090909090909091,0.0
0.216,0.1897254974673942,0.18847898005241157,0.18782386929170658,163.36000061035156,0.06405168835858721,0.0,0.0,0.09090909090909091,0.0
0.22,0.19375252446411179,0.19387369141751007,0.19202112739040555,166.6199951171875,0.09476026380680876,0.0,0.0,0.09090909090909091,0.0
0.224,0.19036201673496325,0.19117632588847677,0.19167901853169594,167.1300048828125,0.0657715251592571,0.0,0.0,0.09090909090909091,0.0
0.228,0.19355767567237647,0.19544822298629708,0.19431052629746975,168.5800018310547,0.06434047050574868,0.0,0.0,0.09090909090909091,0.0
0.232,0.19136228678352254,0.19232497732985818,0.18806069535375697,162.6300048828125,0.06670368706683875,0.0,0.0,0.09090909090909091,0.0
0.23600000000000002,0.18046330167779767,0.18434906925435054,0.18111351645825902,162.32000732421875,0.06888979670312484,0.0,0.0,0.09090909090909091,0.0
0.24,0.184867062767671,0.18739488216035205,0.18632391066828796,162.1300048828125,0.05372480039972821,0.0,0.0,0.09090909090909091,0.0
0.244,0.18243785532873472,0.18391027053989334,0.18265294609201937,161.7899932861328,0.05631654821481784,0.0,0.0,0.09090909090909091,0.0
0.248,0.17877453946930613,0.17757342788952654,0.1726400582401776,151.13999938964844,0.14487480766245528,0.0,0.0,0.09090909090909091,0.0
0.252,0.1718636314238024,0.17176573529110598,0.17137694575562032,151.41000366210938,0.07501639150493106,0.0,0.0,0.09090909090909091,0.0
0.256,0.17211045310790085,0.1769539461930594,0.17494262753522968,155.82000732421875,0.07684598470970486,0.0,0.0,0.09090909090909091,0.0
0.26,0.18711440472703747,0.1871109489467696,0.18292926324122244,159.5399932861328,0.0953871417302483,0.0,0.0,0.09090909090909091,0.0
0.264,0.1807231066740616,0.18153557429262926,0.17896885128138482,155.6699981689453,0.08838806026854627,0.0,0.0,0.09090909090909091,0.0
0.268,0.1786186604359179,0.18179369002507656,0.17887673887271346,158.57000732421875,0.07575283395064913,0.0,0.0,0.09090909090909091,0.0
0.272,0.1825287781575943,0.18423292012869447,0.18240296971879205,161.16000366210938,0.06534497186148971,0.0,0.0,0.09090909090909091,0.0
0.276,0.18429547988277994,0.18378120282718563,0.18453448458448934,160.4600067138672,0.04834002073475004,0.0,0.0,0.09090909090909091,0.0
0.28,0.18158048100139815,0.18336822159386357,0.17998196731590382,159.16000366210938,0.07496803728494124,0.0,0.0,0.09090909090909091,0.0
0.28400000000000003,0.1707724385463835,0.17967710951025978,0.17220587712641858,157.9199981689453,0.15695089034126372,0.0,0.0,0.09090909090909091,0.0
0.28800000000000003,0.17911230380411483,0.18105803950998528,0.18016617205643556,157.38999938964844,0.10111059281698061,0.0,0.0,0.09090909090909091,0.0
0.292,0.17916425687462736,0.18472333411245392,0.18216612357993073,159.7899932861328,0.08395136870265435,0.0,0.0,0.09090909090909091,0.0
0.296,0.18319130369319558,0.1856396676095551,0.1845213342733124,160.89999389648438,0.07040988452359867,0.0,0.0,0.09090909090909091,0.0
0.3,0.18638694280875817,0.18784659946186089,0.18349502777399454,160.8800048828125,0.06852138359844046,0.0,0.0,0.09090909090909091,0.0
0.304,0.17880052591548773,0.18336822159386357,0.17869253413218175,161.27000427246094,0.06534727444339399,0.0,0.0,0.09090909090909091,0.0
0.308,0.18319130369319558,0.1839877032903307,0.18167930106784208,159.4600067138672,0.05288838752299943,0.0,0.0,0.09090909090909091,0.0
0.312,0.18267167387881708,0.18681411683910362,0.18542918758798316,161.36000061035156,0.07113999486907997,0.0,0.0,0.09090909090909091,0.0
0.316,0.1835420315183191,0.18420710264755932,0.18467921831467934,161.7899932861328,0.05164576082199104,0.0,0.0,0.09090909090909091,0.0
0.32,0.1837238969978889,0.18665923164526077,0.18620549763726277,164.00999450683594,0.07126740440111666,0.0,0.0,0.09090909090909091,0.0
0.324,0.19379149422245884,0.195538554630818,0.19361317834568456,169.72999572753906,0.1011625927916522,0.0,0.0,0.09090909090909091,0.0
0.328,0.19638958382879945,0.1950481209540905,0.18969223739618868,164.6699981689453,0.07664757890228628,0.0,0.0,0.09090909090909091,0.0
0.332,0.26883731805172595,0.2673603649137332,0.24215133828230997,203.7100067138672,0.47223210946627875,0.0,0.0,0.09090909090909091,0.0
0.336,0.2537684102280607,0.2572807752174924,0.25040112074951787,211.50999450683597,0.2168153335069224,0.0,0.0,0.09090909090909091,0.0
0.34,0.2513002132089267,0.27918223088075134,0.2522694888539999,235.55999755859372,0.3016950264806513,0.0,0.0,0.09090909090909091,0.0
0.34400000000000003,0.28163291729169376,0.28464147610220364,0.2770451368779776,232.88999938964844,0.17564248271288663,0.0,0.0,0.09090909090909091,0.0
0.34800000000000003,0.2770472907222506,0.27705275147185104,0.2555588735612172,214.8999938964844,0.22239621639741486,0.0,0.0,0.09090909090909091,0.0
0.352,0.2607182880319115,0.2641080515445866,0.2577956511467628,216.4199981689453,0.11580087348444537,0.0,0.0,0.09090909090909091,0.0
0.356,0.25941924322874116,0.26512761558029224,0.2591114050296497,218.08999633789065,0.131366902802837,0.0,0.0,0.09090909090909091,0.0
0.36,0.26397890317385336,0.28353156072900904,0.26550596970355245,238.6000061035156,0.20287108937644352,0.0,0.0,0.09090909090909091,0.0
0.364,0.2816199141576777,0.2860611224771479,0.28061083873439796,234.55999755859372,0.12850805548685118,0.0,0.0,0.09090909090909091,0.0
0.368,0.2776838099898197,0.2785498502902007,0.2749136220122803,233.0800018310547,0.10179388399707494,0.0,0.0,0.09090909090909091,0.0
0.372,0.28185375252961065,0.28822933795423494,0.28345285186305735,240.55999755859372,0.1035927761097917,0.0,0.0,0.09090909090909091,0.0
0.376,0.28564696097624587,0.28742915358278986,0.2829528790397917,238.02999877929688,0.08513508768327831,0.0,0.0,0.09090909090909091,0.0
0.38,0.28234739589780755,0.2846801924774224,0.2709268893532779,230.22999572753903,0.10920934901980046,0.0,0.0,0.09090909090909091,0.0
0.384,0.27365678299310203,0.2792209472559701,0.27574253330626763,234.9900054931641,0.06959649746591266,0.0,0.0,0.09090909090909091,0.0
0.388,0.2908041704305801,0.30179351957796646,0.2933867976942156,252.9199981689453,0.1313761131304541,0.0,0.0,0.09090909090909091,0.0
0.392,0.3096663065227312,0.31086644413258524,0.30371547370560215,259.6700134277344,0.12061538036446415,0.0,0.0,0.09090909090909091,0.0
0.396,0.3113031156607102,0.31623529863061245,0.3131888976470257,258.010009765625,0.08576119807941641,0.0,0.0,0.09090909090909091,0.0
0.4,0.31786327605923975,0.3194617945186239,0.31371519116945606,264.3299865722656,0.08938181624206736,0.0,0.0,0.09090909090909091,0.0
0.404,0.31231636902143495,0.3153319034135309,0.3070180087239963,254.83999633789065,0.08137439578811717,0.0,0.0,0.09090909090909091,0.0
0.40800000000000003,0.31190066516993215,0.3130733562919229,0.3084653460258963,256.1199951171875,0.060817520192204176,0.0,0.0,0.09090909090909091,0.0
0.41200000000000003,0.31154989770110736,0.3114988247231359,0.309096902268175,259.6499938964844,0.06446749627413464,0.0,0.0,0.09090909090909091,0.0
0.41600000000000004,0.29988450074060674,0.3069430141047012,0.30054450202941013,250.0500030517578,0.10311326342822591,0.0,0.0,0.09090909090909091,0.0
0.42,0.2906482913971919,0.3098726581920786,0.29451834683657074,256.3299865722656,0.12398002817208958,0.0,0.0,0.09090909090909091,0.0
0.424,0.30393751418350595,0.30194838507884125,0.2852159773245021,237.6999969482422,0.12145313641397043,0.0,0.0,0.09090909090909091,0.0
0.428,0.27467003635382686,0.27918223088075134,0.2706111011937331,233.5399932861328,0.0948063154448943,0.0,0.0,0.09090909090909091,0.0
0.432,0.28921933418496426,0.29599872587362946,0.2914789585793918,243.97999572753903,0.07791879599527278,0.0,0.0,0.09090909090909091,0.0
0.436,0.2885957982295606,0.2954308791394326,0.2837686400226021,237.5200042724609,0.11240993786674612,0.0,0.0,0.09090909090909091,0.0
0.44,0.3034958437076722,0.314854388323855,0.30397862046681734,258.8900146484375,0.2037556645913368,0.0,0.0,0.09090909090909091,0.0
0.444,0.3018980043280403,0.3098468604039115,0.2987945469559532,247.9600067138672,0.11594401732616129,0.0,0.0,0.09090909090909091,0.0
0.448,0.2865822748202766,0.3018580534343203,0.2843475749433621,246.80999755859372,0.08615820157607892,0.0,0.0,0.09090909090909091,0.0
0.452,0.29001175230777215,0.2958309614786711,0.28707117504099633,240.5200042724609,0.06751995235190511,0.0,0.0,0.09090909090909091,0.0
0.456,0.28225645324709736,0.28193121167908686,0.27070321360240446,230.2899932861328,0.08225206325729759,0.0,0.0,0.09090909090909091,0.0
0.46,0.2737866755803088,0.278420782577493,0.26412444418796993,223.5500030517578,0.09467353322174764,0.0,0.0,0.09090909090909091,0.0
0.464,0.2769563480715404,0.27709146784706973,0.2441512898058051,206.0200042724609,0.12201573392591555,0.0,0.0,0.09090909090909091,0.0
0.468,0.24592216851667564,0.2442844600209257,0.2316121569080378,203.77999877929688,0.12408460376690886,0.0,0.0,0.09090909090909091,0.0
0.47200000000000003,0.24377875252018488,0.25499643030771724,0.24588809456808505,215.0500030517578,0.08441975223834945,0.0,0.0,0.09090909090909091,0.0
0.47600000000000003,0.23640016773081518,0.24138061372171543,0.23066481250621437,206.1300048828125,0.12859843182659408,0.0,0.0,0.09090909090909091,0.0
0.48,0.24753299120847305,0.25300889781264013,0.2474012035026806,214.2400054931641,0.07774341600689699,0.0,0.0,0.09090909090909091,0.0
0.484,0.2554441693025361,0.25650642802015045,0.25663780138205367,217.52999877929688,0.03051707738651581,0.0,0.0,0.09090909090909091,0.0
0.488,0.25250833518323745,0.259965222159474,0.25595360374144543,219.75999450683597,0.05375530960995989,0.0,0.0,0.09090909090909091,0.0
0.492,0.26278376451170815,0.2664182139354968,0.25712462389414237,215.2400054931641,0.07531093010685322,0.0,0.0,0.09090909090909091,0.0
0.496,0.25560004833592437,0.25637736030744274,0.25367735514555817,217.6000061035156,0.049488817223159134,0.0,0.0,0.09090909090909091,0.0
0.5,0.2564054695927484,0.25756470843107476,0.2567956854234206,215.97999572753903,0.04168498338591215,0.0,0.0,0.09090909090909091,0.0
0.504,0.2567821838640535,0.2633982185106305,0.25955877660820753,217.97000122070312,0.05859783123648072,0.0,0.0,0.09090909090909091,0.0
0.508,0.25927634750751843,0.26348856984811947,0.26234816841534825,221.1100006103516,0.0540901433952069,0.0,0.0,0.09090909090909091,0.0
0.512,0.26180948090933037,0.2649469325982824,0.26175608318341126,221.6199951171875,0.043004938462539194,0.0,0.0,0.09090909090909091,0.0
0.516,0.2630565726419882,0.26206890378020725,0.2627560489067534,221.4199981689453,0.03938470406353898,0.0,0.0,0.09090909090909091,0.0
0.52,0.25761357174520844,0.2606363388182114,0.25159846160137955,221.42999267578125,0.05361312517737076,0.0,0.0,0.09090909090909091,0.0
0.524,0.25834103366348776,0.2619140382793325,0.2501116532891378,210.77999877929688,0.06585384246233503,0.0,0.0,0.09090909090909091,0.0
0.528,0.2504298555694247,0.2527120657049741,0.2468485892810854,207.5800018310547,0.04695022067369325,0.0,0.0,0.09090909090909091,0.0
0.532,0.2434669746315578,0.24607839094694134,0.24491442946709688,209.1699981689453,0.039745825658859826,0.0,0.0,0.09090909090909091,0.0
0.536,0.24751998807445696,0.2477303552661657,0.23494101262559677,198.1100006103516,0.055341596660181694,0.0,0.0,0.09090909090909091,0.0
0.54,0.23943994763484022,0.241096680508133,0.23884880326391575,201.05999755859372,0.05174323678927211,0.0,0.0,0.09090909090909091,0.0
0.544,0.24045320099556494,0.2524797477606939,0.24371708861523508,213.42999267578125,0.10686205865021496,0.0,0.0,0.09090909090909091,0.0
0.548,0.26045848303564756,0.2589198406426332,0.2557036072914072,214.9499969482422,0.0425916250107214,0.0,0.0,0.09090909090909091,0.0
0.552,0.2511833039338856,0.2548673625950096,0.25434838239817853,214.8999938964844,0.03361462569324505,0.0,0.0,0.09090909090909091,0.0
0.556,0.25393727257361437,0.25423496231149084,0.2565720096725472,215.0399932861328,0.009983419491470948,0.0,0.0,0.09090909090909091,0.0
0.56,0.2545218387706709,0.25460924686256226,0.25533519781034375,214.9900054931641,0.025018895562751976,0.0,0.0,0.09090909090909091,0.0
0.5640000000000001,0.2495205281715756,0.25360258172094013,0.25034849942799925,215.6100006103516,0.03371939316988967,0.0,0.0,0.09090909090909091,0.0
0.5680000000000001,0.255093421655562,0.25459634796847874,0.2570456818734589,215.33999633789065,0.0262028064252013,0.0,0.0,0.09090909090909091,0.0
0.5720000000000001,0.25502848527288396,0.25565462837940306,0.2563483339216737,214.16000366210935,0.02847084960091458,0.0,0.0,0.09090909090909091,0.0
0.5760000000000001,0.25902952582342,0.26792821164793007,0.26305866667831035,223.47000122070312,0.06464940024457257,0.0,0.0,0.09090909090909091,0.0
0.58,0.27377369226814324,0.27679463573940366,0.2651375602224889,221.0800018310547,0.05600493213043896,0.0,0.0,0.09090909090909091,0.0
0.584,0.26397890317385336,0.26246898611944575,0.25299315750494994,214.3500061035156,0.07153220132010857,0.0,0.0,0.09090909090909091,0.0
0.588,0.2502350067776894,0.24854343853169442,0.24762487925355406,210.0200042724609,0.05173441022530572,0.0,0.0,0.09090909090909091,0.0
0.592,0.24863716739805752,0.24700762333812604,0.242572389161703,204.67999267578125,0.0474928624758013,0.0,0.0,0.09090909090909091,0.0
0.596,0.24190812483212354,0.24230984611290013,0.24223030037980434,203.1699981689453,0.04118436370355716,0.0,0.0,0.09090909090909091,0.0
0.6,0.236010450325494,0.2456395922324841,0.23792777956125713,207.69000244140625,0.0470751357420003,0.0,0.0,0.09090909090909091,0.0
0.604,0.25409317142885324,0.26271420295780956,0.25790091386661096,220.97000122070312,0.10388673906623778,0.0,0.0,0.09090909090909091,0.0
0.608,0.2572628240982343,0.26397898383187895,0.25807196829596585,223.6000061035156,0.07236362526937809,0.0,0.0,0.09090909090909091,0.0
0.612,0.2707209290519528,0.28238292898059564,0.27400574862079863,227.9199981689453,0.10076923504967147,0.0,0.0,0.09090909090909091,0.0
0.616,0.27903482768535315,0.27740121854178734,0.2761635841856607,231.8300018310547,0.07635304030036412,0.0,0.0,0.09090909090909091,0.0
0.62,0.26835667781754513,0.28386710921189373,0.271624237305063,231.9199981689453,0.0797725663100415,0.0,0.0,0.09090909090909091,0.0
0.624,0.2812302165742071,0.3011611192944478,0.2852685986460207,249.8000030517578,0.11442239445108461,0.0,0.0,0.09090909090909091,0.0
0.628,0.30170315553630495,0.30526521261137357,0.29954453630606803,253.72999572753903,0.0675253250430151,0.0,0.0,0.09090909090909091,0.0
0.632,0.3139531385157127,0.3193069290177491,0.3122020822348605,259.67999267578125,0.0859093308485916,0.0,0.0,0.09090909090909091,0.0
0.636,0.3081983795521565,0.3081174633342497,0.3043733506470456,251.30999755859372,0.053570719293966985,0.0,0.0,0.09090909090909091,0.0
0.64,0.3022357686628489,0.30458121675152067,0.3012944913795249,252.02999877929688,0.044013277454787364,0.0,0.0,0.09090909090909091,0.0
0.644,0.3047948885108425,0.3069688118928683,0.30425493761602046,252.7400054931641,0.04664129093486936,0.0,0.0,0.09090909090909091,0.0
0.648,0.3054833806707747,0.3110083910464084,0.29201842248981,252.17999267578125,0.055513906539351794,0.0,0.0,0.09090909090909091,0.0
0.652,0.2824513020388326,0.2912751508602365,0.28365022699157694,236.72999572753903,0.07153699836574248,0.0,0.0,0.09090909090909091,0.0
0.656,0.2809444251317615,0.297379675566323,0.2842423122235138,246.2700042724609,0.0643844114437553,0.0,0.0,0.09090909090909091,0.0
0.66,0.301443350540041,0.3008384697056466,0.2869264413108063,242.1100006103516,0.09659945110285037,0.0,0.0,0.09090909090909091,0.0
0.664,0.253963259019796,0.25686779398417026,0.23707252749129412,200.19000244140625,0.20036185074625718,0.0,0.0,0.09090909090909091,0.0
0.668,0.23689381109901214,0.2381024828714337,0.22598073189542675,192.5,0.11405935403751019,0.0,0.0,0.09090909090909091,0.0
0.672,0.2307493347301347,0.24485232644809057,0.23349367532369683,208.44000244140625,0.0992999959129171,0.0,0.0,0.09090909090909091,0.0
0.676,0.24344098818537624,0.2556030131101008,0.2436512969057286,216.0,0.06918663788695127,0.0,0.0,0.09090909090909091,0.0
0.68,0.2541451244993658,0.25791317550101106,0.2554667812293568,213.57000732421875,0.04331310067406166,0.0,0.0,0.09090909090909091,0.0
0.684,0.2577045143959187,0.2582487239838958,0.25030902841765745,213.5800018310547,0.05877493816128473,0.0,0.0,0.09090909090909091,0.0
0.6880000000000001,0.25504146858504945,0.25671292848329547,0.24495390047743856,205.94000244140625,0.05646525662946909,0.0,0.0,0.09090909090909091,0.0
0.6920000000000001,0.2396997526311041,0.2458589915897127,0.24329605781265298,207.32000732421875,0.04484278258580331,0.0,0.0,0.09090909090909091,0.0
0.6960000000000001,0.2372705253703173,0.239728649402491,0.23138848115716434,203.0800018310547,0.05940315925750176,0.0,0.0,0.09090909090909091,0.0
0.7000000000000001,0.23241211049244465,0.23701838497937416,0.2316121569080378,200.1199951171875,0.06314869248845974,0.0,0.0,0.09090909090909091,0.0
0.704,0.23462048269346408,0.2381799353148391,0.23594097834893887,203.3699951171875,0.04430244336559954,0.0,0.0,0.09090909090909091,0.0
0.708,0.23463346600562957,0.23917368186940963,0.23629623751882536,200.1499938964844,0.0644020645716881,0.0,0.0,0.09090909090909091,0.0
0.712,0.2319964066409419,0.2320883095028361,0.2304937580768596,196.6000061035156,0.048803223461160526,0.0,0.0,0.09090909090909091,0.0
0.716,0.24958548437610423,0.25445438136168747,0.24674332656123718,213.83999633789065,0.15084425124929457,0.0,0.0,0.09090909090909091,0.0
0.72,0.25372944046971363,0.25444146277463586,0.25178266634191127,210.8600006103516,0.0802722265832697,0.0,0.0,0.09090909090909091,0.0
0.724,0.24590918520451016,0.24552342341385996,0.24011193582528398,203.67999267578125,0.061913741060465606,0.0,0.0,0.09090909090909091,0.0
0.728,0.23462048269346408,0.2353277042849311,0.2352173297747999,200.2100067138672,0.05479857109442293,0.0,0.0,0.09090909090909091,0.0
0.732,0.2264884693614841,0.23126232734322394,0.2250333874936033,198.6199951171875,0.06018622898678145,0.0,0.0,0.09090909090909091,0.0
0.736,0.22338375307478112,0.22468026785449338,0.2226913471882095,190.9499969482422,0.06721965729522227,0.0,0.0,0.09090909090909091,0.0
0.74,0.22424110758026705,0.23603753731888721,0.2248491827530716,202.07000732421875,0.07321961009229323,0.0,0.0,0.09090909090909091,0.0
0.744,0.23158072261128965,0.23777983328263252,0.2314542728666709,199.4499969482422,0.06379456671260957,0.0,0.0,0.09090909090909091,0.0
0.748,0.22833311060336386,0.2331982248760308,0.22667807984721192,192.42999267578125,0.05979018489924572,0.0,0.0,0.09090909090909091,0.0
0.752,0.22065575105938326,0.2367215528717082,0.22374395430988117,202.67999267578125,0.06931404741898796,0.0,0.0,0.09090909090909091,0.0
0.756,0.23773818229233262,0.241393512615799,0.24108558084946127,203.22999572753903,0.050628595265776476,0.0,0.0,0.09090909090909091,0.0
0.76,0.24111570670931565,0.2447748936976532,0.24296711934193124,204.8300018310547,0.03899518395806537,0.0,0.0,0.09090909090909091,0.0
0.764,0.23815388614383537,0.23756043392540394,0.23380946348324164,197.7400054931641,0.050144477420402137,0.0,0.0,0.09090909090909091,0.0
0.768,0.23202239308712347,0.23247547325502305,0.22802015442926357,193.38999938964844,0.047602043234429126,0.0,0.0,0.09090909090909091,0.0
0.772,0.22795637651020811,0.2331078735385418,0.2313490101468226,196.5800018310547,0.052827560984361435,0.0,0.0,0.09090909090909091,0.0
0.776,0.23016474871122755,0.2318689101456075,0.23195424568993647,196.30999755859372,0.03842587058223278,0.0,0.0,0.09090909090909091,0.0
0.78,0.22928140775956007,0.23657958626491699,0.23259897232020296,199.4600067138672,0.04953467697941933,0.0,0.0,0.09090909090909091,0.0
0.784,0.2280213327147368,0.24047719881166585,0.22875697339139053,205.2700042724609,0.05658863664317329,0.0,0.0,0.09090909090909091,0.0
0.788,0.2408299152668701,0.24101924775769556,0.2359015073385972,201.3300018310547,0.06622072051241656,0.0,0.0,0.09090909090909091,0.0
0.792,0.24279146578379107,0.24464582598494555,0.24044087429600572,202.67999267578125,0.055845094569917035,0.0,0.0,0.09090909090909091,0.0
0.796,0.23628325845577403,0.24118701215265387,0.2383619807518271,205.3699951171875,0.04702044942177371,0.0,0.0,0.09090909090909091,0.0
0.8,0.24942958552086542,0.2604169394609828,0.2533352462868486,220.2700042724609,0.08781356608342905,0.0,0.0,0.09090909090909091,0.0
0.804,0.2578344069831253,0.25999103964060916,0.2427039525039051,203.7700042724609,0.08914656912418034,0.0,0.0,0.09090909090909091,0.0
0.808,0.23677690182397093,0.23710873631686313,0.2351515380652933,201.9900054931641,0.05075792361606672,0.0,0.0,0.09090909090909091,0.0
0.812,0.24090785478356425,0.24376820886306305,0.2288095947129092,196.0399932861328,0.07348958782056976,0.0,0.0,0.09090909090909091,0.0
0.8160000000000001,0.2319444535704293,0.23805086760213146,0.2334673747013429,203.42999267578125,0.07591766043863032,0.0,0.0,0.09090909090909091,0.0
0.8200000000000001,0.24433733227105986,0.25073745179694856,0.24587492418009724,210.2100067138672,0.07307224485041947,0.0,0.0,0.09090909090909091,0.0
0.8240000000000001,0.2397387223894512,0.25583531136141296,0.23900668730528266,217.5,0.06852023230748831,0.0,0.0,0.09090909090909091,0.0
0.8280000000000001,0.2595231691916169,0.26684411375587047,0.26151923704454993,220.17999267578125,0.053789272693047986,0.0,0.0,0.09090909090909091,0.0
0.8320000000000001,0.25819813794226504,0.2614107057085214,0.25842722746585234,221.52999877929688,0.04553183022065834,0.0,0.0,0.09090909090909091,0.0
0.836,0.2762028997070795,0.27676881825826855,0.27383469419144385,231.82000732421875,0.06282690666733697,0.0,0.0,0.09090909090909091,0.0
0.84,0.2773590487890271,0.28076968103658995,0.27886088366094103,236.63999938964844,0.04676601412135105,0.0,0.0,0.09090909090909091,0.0
0.844,0.2851403342958835,0.29687634299551197,0.28945270643354276,245.0399932861328,0.06470888361043306,0.0,0.0,0.09090909090909091,0.0
0.848,0.29297357287325243,0.29397249669630166,0.2934920604140639,246.8300018310547,0.03842990010056526,0.0,0.0,0.09090909090909091,0.0
0.852,0.29915701900047686,0.3044650676258646,0.2983208747550415,255.07000732421875,0.04409310029413565,0.0,0.0,0.09090909090909091,0.0
0.856,0.3058730980760959,0.3079754770344904,0.3064127731808825,258.1199951171875,0.042101366946935656,0.0,0.0,0.09090909090909091,0.0
0.86,0.3189024960442955,0.33528454295693144,0.3191229605080046,278.260009765625,0.11915266520977191,0.0,0.0,0.09090909090909091,0.0
0.864,0.3397002160290366,0.33749145511626916,0.33574093847344566,278.3900146484375,0.06287199889629573,0.0,0.0,0.09090909090909091,0.0
0.868,0.33918060603650874,0.3459577771755363,0.3329252058903292,274.95001220703125,0.06155568957435046,0.0,0.0,0.09090909090909091,0.0
0.872,0.334932704158173,0.34413806815432163,0.33900398240468715,284.489990234375,0.06945546432427567,0.0,0.0,0.09090909090909091,0.0
0.876,0.35297645550318524,0.36743335271138966,0.3515299850680885,303.4599914550781,0.08884186078551429,0.0,0.0,0.09090909090909091,0.0
0.88,0.36699316002962923,0.37513822646739836,0.3694505465284286,305.3299865722656,0.08225167949364688,0.0,0.0,0.09090909090909091,0.0
0.884,0.41213496693979756,0.43033710394056085,0.41521246496909014,347.8099975585937,0.15132338016720964,0.0,0.0,0.09090909090909091,0.0
0.888,0.4245538320866097,0.42545864373332504,0.40767318076484427,334.6300048828125,0.09177976341354696,0.0,0.0,0.09090909090909091,0.0
0.892,0.37978871962589583,0.39743976446989593,0.38292385344003144,323.2099914550781,0.07722974836041777,0.0,0.0,0.09090909090909091,0.0
0.896,0.39891066071431086,0.41379166296014974,0.3945814135686709,337.1099853515625,0.08049538514615925,0.0,0.0,0.09090909090909091,0.0
0.9,0.41811054131942,0.4328795842757513,0.4126598992239998,354.489990234375,0.0755273728058553,0.0,0.0,0.09090909090909091,0.0
0.904,0.4317635148867244,0.44298499145312736,0.4345671933433424,360.5400085449219,0.06049132108909821,0.0,0.0,0.09090909090909091,0.0
0.908,0.44272745619697795,0.44177182584836017,0.4206860059403343,341.5400085449219,0.07530651682487002,0.0,0.0,0.09090909090909091,0.0
0.912,0.4312958777865597,0.43882926317393117,0.4288173552997061,355.260009765625,0.11797124881105223,0.0,0.0,0.09090909090909091,0.0
0.916,0.5066144701024057,0.5305004627686744,0.5040258520639561,421.3900146484375,0.1630579131968836,0.0,0.0,0.09090909090909091,0.0
0.92,0.5164612519109094,0.5190270244856564,0.5027626994257769,408.4599914550781,0.08084288313187979,0.0,0.0,0.09090909090909091,0.0
0.924,0.5184357857399957,0.5636559376647546,0.5254068526608682,455.1900024414063,0.10626607370065781,0.0,0.0,0.09090909090909091,0.0
0.928,0.5729436945807858,0.5803433649449251,0.5682872668857177,458.7900085449219,0.08314527315433189,0.0,0.0,0.09090909090909091,0.0
0.932,0.5582645041624417,0.5668953127538817,0.5356960175082911,448.2900085449219,0.06981850473785008,0.0,0.0,0.09090909090909091,0.0
0.936,0.5683840742793748,0.5677987473568993,0.5443010591453856,445.5,0.053092741667004055,0.0,0.0,0.09090909090909091,0.0
0.9400000000000001,0.5470277745437587,0.559809940387308,0.5482877918043881,449.7000122070313,0.0448230187577916,0.0,0.0,0.09090909090909091,0.0
0.9440000000000001,0.5375966965867578,0.5413414810752055,0.5320776943303521,424.1000061035156,0.05061401224704938,0.0,0.0,0.09090909090909091,0.0
0.9480000000000001,0.532608369299828,0.5410833456497902,0.5154334157425572,420.989990234375,0.04927179887868099,0.0,0.0,0.09090909090909091,0.0
0.9520000000000001,0.5106545200549899,0.5281128479343586,0.492605077843745,414.0499877929688,0.06908321358308414,0.0,0.0,0.09090909090909091,0.0
0.9560000000000001,0.5307117749874357,0.5547508168910303,0.5356170754876077,447.5799865722656,0.06405706104969719,0.0,0.0,0.09090909090909091,0.0
0.96,0.5488334262054407,0.5570867967630758,0.5429195336298032,449.5899963378906,0.04700740145764947,0.0,0.0,0.09090909090909091,0.0
0.964,0.5850118319024742,0.5960757620457438,0.5825368637697892,467.510009765625,0.061411202559857055,0.0,0.0,0.09090909090909091,0.0
0.968,0.6043675915409716,0.6290505342668461,0.6069046513791727,503.8900146484375,0.06853999613550002,0.0,0.0,0.09090909090909091,0.0
0.972,0.6345833863486975,0.6332449789212609,0.6153649392092662,495.5400085449219,0.047654618854576794,0.0,0.0,0.09090909090909091,0.0
0.976,0.6228919831201647,0.6551722717586231,0.6243909915721318,518.0900268554688,0.05504053407619742,0.0,0.0,0.09090909090909091,0.0
0.98,0.6512111439717969,0.648461144557185,0.6374301173699757,516.0999755859375,0.05382150883970787,0.0,0.0,0.09090909090909091,0.0
0.984,0.6243988798490864,0.6426534519587643,0.615549123872987,510.1300048828125,0.058630067383140604,0.0,0.0,0.09090909090909091,0.0
0.988,0.6323749943258276,0.6490935251477356,0.6345223125318097,521.5399780273438,0.041330002009002706,0.0,0.0,0.09090909090909091,0.0
0.992,0.668033790030333,0.6800033715092595,0.6648898944812458,542.52001953125,0.05115032194892067,0.0,0.0,0.09090909090909091,0.0
0.996,0.6433519387700971,0.6616123449475944,0.6327460367591881,523.2000122070312,0.05057256577277239,0.0,0.0,0.09090909090909091,0.0
1.0,0.6230478621535529,0.6273211371971843,0.5855104803942727,466.3800048828125,0.08250050416949611,0.0,0.0,0.09090909090909091,0.0
0.0,0.2358927841648336,0.23774919183371912,0.23916943872860105,202.6698303222656,0.011087123750921274,0.0,0.0,1.0,0.0
0.004,0.23951124813511954,0.24154812177234908,0.2426005168117167,204.46755981445312,0.016729025061877092,0.0,0.0,1.0,0.0
0.008,0.24619649312070008,0.24659636818850428,0.24791614183243563,209.86077880859372,0.022565494543744354,0.0,0.0,1.0,0.0
0.012,0.25054635674692116,0.2519505409156707,0.25180208148231537,211.48069763183597,0.020286705985811105,0.0,0.0,1.0,0.0
0.016,0.24887640347087042,0.25098091032394987,0.25145750278201706,213.572509765625,0.013512701905252208,0.39,0.0,1.0,0.0
0.02,0.24525756994055742,0.24762868969729934,0.24818342849338995,209.2798614501953,0.01419656873082261,0.0,0.0,1.0,0.0
0.024,0.24897941899974207,0.2531815866434977,0.25252709342684254,213.82034301757807,0.01569401449590438,0.0,0.0,1.0,0.0
0.028,0.2501256029983039,0.25105766451584294,0.2535314975892335,212.05569458007807,0.010814075913439039,0.0,0.0,1.0,0.0
0.032,0.25116873318098293,0.25007244645292387,0.2527357867344468,211.6591339111328,0.008017014545218006,0.0,0.0,1.0,0.0
0.036000000000000004,0.25181268282356334,0.25049470151915154,0.24655290785236791,207.70355224609372,0.027320326176077284,0.0,0.0,1.0,0.0
0.04,0.24077588254521087,0.244212510566095,0.24400932796765898,208.506591796875,0.009175021361244207,0.0,0.0,1.0,0.0
0.044,0.25076952063519464,0.25672570491494806,0.2540271749592239,218.19232177734372,0.023142483192591212,0.0,0.0,1.0,0.0
0.048,0.2590246145858305,0.26073046238853603,0.26305369226948905,220.81948852539065,0.012308259687489748,0.0,0.0,1.0,0.0
0.052000000000000005,0.2644077862334772,0.26293114587871036,0.2655320542673913,222.0785217285156,0.010032157475111488,0.0,0.0,1.0,0.0
0.056,0.26353207567931763,0.2676140267094344,0.2672669349341175,226.59922790527344,0.019915606535571725,0.0,0.0,1.0,0.0
0.06,0.2675758988513656,0.2666799924721273,0.2682713288532655,224.5371551513672,0.012522016040936838,0.0,0.0,1.0,0.0
0.064,0.26756301228194657,0.2672557742630403,0.2635493586065137,222.7427520751953,0.013885144528269087,0.0,0.0,1.0,0.0
0.068,0.2637638834953522,0.27393461978750233,0.26722780960737164,231.5858612060547,0.017765570682452655,0.0,0.0,1.0,0.0
0.07200000000000001,0.2758567213504932,0.27874540365438416,0.2793196699818004,232.77549743652344,0.009643404896939312,0.0,0.0,1.0,0.0
0.076,0.27297197642316,0.2723096819311123,0.2717149756658443,227.1940460205078,0.02122903763013665,0.0,0.0,1.0,0.0
0.08,0.2705894721684526,0.26946927100938056,0.27184541999665024,225.89535522460935,0.011705750755870482,0.0,0.0,1.0,0.0
0.084,0.271452304636034,0.2732308967987622,0.27536731981647966,229.8410186767578,0.012897145009508705,0.0,0.0,1.0,0.0
0.088,0.2744529770297171,0.27294940494666153,0.2721454208700106,227.7789459228516,0.01989968034406714,0.0,0.0,1.0,0.0
0.092,0.2721606288643918,0.2719514322933131,0.27427160705887754,228.41343688964844,0.011635522007790017,0.0,0.0,1.0,0.0
0.096,0.27000992032689897,0.26885510482535896,0.27024097634608785,226.69834899902344,0.015196273040929735,0.0,0.0,1.0,0.0
0.1,0.2766165622105228,0.2789117389519802,0.28007622753869604,234.90695190429688,0.022097494771699963,0.0,0.0,1.0,0.0
0.10400000000000001,0.2791149769072779,0.27967942319878913,0.2804675480453879,235.5117034912109,0.023676106548907512,0.0,0.0,1.0,0.0
0.108,0.2912078155421799,0.292435728730775,0.2899114604625693,243.4823760986328,0.047283135640686695,0.0,0.0,1.0,0.0
0.112,0.29058966869161773,0.2894801678387005,0.28638957250902397,238.32720947265625,0.025900400668439526,0.0,0.0,1.0,0.0
0.116,0.2839057774614902,0.28483570666557667,0.286415689414349,236.7906036376953,0.01768747477953258,0.0,0.0,1.0,0.0
0.12,0.2809566125161465,0.27928279865648975,0.27735001907483203,232.5772399902344,0.017587120584871153,0.0,0.0,1.0,0.0
0.124,0.28184522449006477,0.28248147141193,0.28337639944391146,238.25782775878903,0.013684052375295522,0.0,0.0,1.0,0.0
0.128,0.2840216770885639,0.284336692604198,0.28552865941089395,239.51687622070312,0.012142281908556415,0.0,0.0,1.0,0.0
0.132,0.2854511705574901,0.2898256175715314,0.28932448035042646,243.4823760986328,0.016961393952383757,0.0,0.0,1.0,0.0
0.136,0.28761476993119334,0.28689564993428207,0.28946799703461096,240.65696716308597,0.017534736846548844,0.0,0.0,1.0,0.0
0.14,0.2856829760771902,0.2869212171763064,0.2878635515671331,239.2491912841797,0.012774724404931288,0.0,0.0,1.0,0.0
0.14400000000000002,0.2864814293637128,0.28768890349277215,0.2896897125563962,240.8155670166016,0.007809398410182323,0.0,0.0,1.0,0.0
0.148,0.2914525094331149,0.291322596043494,0.2878374551437554,239.53668212890625,0.02060196782487176,0.0,0.0,1.0,0.0
0.152,0.2781104620401696,0.27824642444963954,0.2774543680516516,233.18197631835935,0.020715369983657424,0.0,0.0,1.0,0.0
0.156,0.2810596281597669,0.28056225500394577,0.2833894257052658,236.9392852783203,0.007093487319777394,0.0,0.0,1.0,0.0
0.16,0.2816005429652091,0.2800888796725807,0.27527602139322116,230.46560668945312,0.017490028381240787,0.0,0.0,1.0,0.0
0.164,0.2721992450781044,0.2718618424705604,0.27351504965641676,229.37506103515625,0.012862414399119185,0.0,0.0,1.0,0.0
0.168,0.28950787331630895,0.29187276036377163,0.28914186561804056,240.52806091308597,0.0286615801353189,0.0,0.0,1.0,0.0
0.17200000000000001,0.28782079271452793,0.2858848399912676,0.2867547866244416,239.744873046875,0.014964096032248426,0.0,0.0,1.0,0.0
0.176,0.286378412142272,0.28868690164457017,0.2901071259156509,240.0026397705078,0.0105899579414227,0.0,0.0,1.0,0.0
0.18,0.288542003376275,0.28794480926570354,0.29031583903719416,242.1836700439453,0.008715080625864787,0.0,0.0,1.0,0.0
0.184,0.29203204124366333,0.29006870679231683,0.28802007744109637,239.35824584960935,0.010012393647099774,0.0,0.0,1.0,0.0
0.188,0.28113689828405514,0.28360740370576987,0.2839503346271529,238.9220428466797,0.015900479339987922,0.0,0.0,1.0,0.0
0.192,0.28417619253873094,0.28286528984067777,0.2845242392307399,236.8203125,0.010364688678454224,0.0,0.0,1.0,0.0
0.196,0.28373834263264003,0.2855010082564293,0.28808530284892603,239.32850646972656,0.00799360496252452,0.0,0.0,1.0,0.0
0.2,0.28377696118038137,0.28205921438783915,0.27841961153300493,230.69358825683597,0.022720343176807014,0.0,0.0,1.0,0.0
0.20400000000000001,0.2684773717971189,0.26780591878983234,0.2668364569151424,226.6289520263672,0.027652665497594667,0.0,0.0,1.0,0.0
0.20800000000000002,0.2684902701928976,0.2694692613899944,0.27017576812512095,225.3699188232422,0.00900923546413623,0.0,0.0,1.0,0.0
0.212,0.26829706775710416,0.2747406394872045,0.270058342246854,230.9810943603516,0.014478635014096599,0.0,0.0,1.0,0.0
0.216,0.2764105124209717,0.2783615665381723,0.2779891750272147,233.5586853027344,0.00940432014254517,0.0,0.0,1.0,0.0
0.22,0.27907631328772753,0.28034472336187394,0.28252848674719194,236.66168212890625,0.013506945450491515,0.0,0.0,1.0,0.0
0.224,0.279720256622727,0.2810740327510844,0.28215023834789127,237.22677612304688,0.012976008439730208,0.0,0.0,1.0,0.0
0.228,0.27898620822215076,0.2826861907516641,0.2828807169498061,236.2155914306641,0.010960865509836725,0.0,0.0,1.0,0.0
0.232,0.2783937611886624,0.2766598459776998,0.2758107917907522,228.87936401367188,0.024507338616351668,0.0,0.0,1.0,0.0
0.23600000000000002,0.2659145419017505,0.26820253828640295,0.2693539635301431,226.42074584960935,0.021531059623247712,0.0,0.0,1.0,0.0
0.24,0.27283030178209305,0.2721817160981652,0.2732280840876863,229.3948974609375,0.008528379609792958,0.0,0.0,1.0,0.0
0.244,0.27261138160732473,0.27584101358066065,0.275445586680104,233.18197631835935,0.006692838068433117,0.0,0.0,1.0,0.0
0.248,0.2840603258748096,0.2876633389809742,0.2853590949305313,241.311279296875,0.021687827074563935,0.0,0.0,1.0,0.0
0.252,0.28631405202849464,0.2919239771456886,0.2902114975931659,245.0586853027344,0.019634691543249875,0.0,0.0,1.0,0.0
0.256,0.2926759797135179,0.30068833259237354,0.29713790108441374,248.7565155029297,0.02051120772147816,0.0,0.0,1.0,0.0
0.26,0.30805283085506063,0.31329109420061213,0.31125160647460026,258.1944274902344,0.03083253110740182,0.0,0.0,1.0,0.0
0.264,0.3099588433281468,0.3095294758403983,0.31187772615042253,256.6776123046875,0.013913543038421843,0.0,0.0,1.0,0.0
0.268,0.31060279167788074,0.3086466642350479,0.31207340594426874,257.093994140625,0.011019197584745087,0.0,0.0,1.0,0.0
0.272,0.3095081239683567,0.3110136613005539,0.3125560387558336,259.1263427734375,0.01034972189607642,0.0,0.0,1.0,0.0
0.276,0.3182125371747526,0.316746385445146,0.3160546245104644,260.6200561523437,0.014636745638190316,0.411,0.0,1.0,0.0
0.28,0.316171319627285,0.314654280339916,0.3149031741630852,261.3460693359375,0.014713690250158253,0.0,0.0,1.0,0.0
0.28400000000000003,0.3079806448283492,0.32200880071487464,0.3126132677096945,267.1639404296875,0.027176990452536014,0.0,0.0,1.0,0.0
0.28800000000000003,0.31879386929420894,0.31691324527511505,0.3189333913955435,263.41461181640625,0.02856410416803782,0.0,0.0,1.0,0.0
0.292,0.3190135183532817,0.32947875732548226,0.32238792204888295,271.1319885253906,0.02470747136019845,0.0,0.0,1.0,0.0
0.296,0.33950317946144276,0.34185181873092374,0.3414269694006899,281.1566162109375,0.02892887151804044,0.0,0.0,1.0,0.0
0.3,0.336803055099013,0.3357037658648339,0.33713496783097824,279.1675720214844,0.014347195963727428,0.0,0.0,1.0,0.0
0.304,0.3275142331759747,0.3304799145773651,0.32859029845678867,275.13983154296875,0.017479474880846183,0.0,0.0,1.0,0.0
0.308,0.32850901986486014,0.32837493766311093,0.3291529474023175,271.8579406738281,0.014771062915939836,0.0,0.0,1.0,0.0
0.312,0.3318679701891657,0.33398388040798804,0.3325682401915113,271.72869873046875,0.010154961843339617,0.0,0.0,1.0,0.0
0.316,0.33035646507287186,0.33349614549561385,0.33335332676691,277.7554016113281,0.010735596246868248,0.0,0.0,1.0,0.0
0.32,0.33438720288240364,0.34760190754962805,0.3377238271920511,286.88494873046875,0.02276908116044755,0.0,0.0,1.0,0.0
0.324,0.3577448706463568,0.35561098546795145,0.350625864065577,286.52691650390625,0.014283874961359796,0.0,0.0,1.0,0.0
0.328,0.35301647063188973,0.35476385038856156,0.35515333099447943,290.5845031738281,0.015002472397319718,0.0,0.0,1.0,0.0
0.332,0.3622536491274983,0.3691904679496998,0.3675189132001763,300.7384033203125,0.025004312544024885,0.0,0.0,1.0,0.0
0.336,0.370793134684644,0.3689337894753533,0.35880413640222186,292.4143981933594,0.019815827986386366,0.0,0.0,1.0,0.0
0.34,0.35578117123313935,0.36803530782517707,0.35972010845372154,302.84674072265625,0.0193173190041103,0.0,0.0,1.0,0.0
0.34400000000000003,0.3652250304579891,0.3634532014088917,0.3642214575237234,298.2322692871094,0.014402649811255441,0.0,0.0,1.0,0.0
0.34800000000000003,0.3621890183999844,0.360077588405232,0.3418587210100735,279.11785888671875,0.03961227590841173,0.0,0.0,1.0,0.0
0.352,0.3599669574591362,0.3657635354071282,0.3575479737251346,301.2257385253906,0.03370289133290902,0.0,0.0,1.0,0.0
0.356,0.35659508557970115,0.362067015364181,0.35626559205684954,294.3139038085937,0.026506555354740564,0.0,0.0,1.0,0.0
0.36,0.37036685975251926,0.36830488126168665,0.3676890638881012,303.0357360839844,0.03460416026660828,0.0,0.0,1.0,0.0
0.364,0.3763612541845409,0.37441435357123004,0.36326621234141254,298.1924743652344,0.04526031743777896,0.0,0.0,1.0,0.0
0.368,0.360173659829359,0.36405644165769596,0.3609501373230916,293.4586181640625,0.028550864322088226,0.0,0.0,1.0,0.0
0.372,0.36224070825880483,0.3645056662445547,0.3637503477927596,296.0642395019531,0.020411812935943515,0.0,0.0,1.0,0.0
0.376,0.36094882703163267,0.35901228384571104,0.35930139905017194,292.89178466796875,0.016188302078022604,0.0,0.0,1.0,0.0
0.38,0.35319735784468,0.35366005458257654,0.3471844247219211,287.2926940917969,0.024283028762509973,0.0,0.0,1.0,0.0
0.384,0.34906324362522456,0.35223534532824746,0.3540280244565416,289.1325378417969,0.014632908001683188,0.0,0.0,1.0,0.0
0.388,0.35651759612644324,0.35718972658975573,0.36025663689880943,293.3392944335937,0.01149966967543765,0.0,0.0,1.0,0.0
0.392,0.36049666671454444,0.3604370119913179,0.35934066814930554,296.6112365722656,0.020840476933789834,0.0,0.0,1.0,0.0
0.396,0.3600703372239692,0.3625547731588121,0.3624680029764748,299.8731994628906,0.017365880840235163,0.0,0.0,1.0,0.0
0.4,0.36973377536628177,0.37003760049970574,0.37071172882557785,303.41363525390625,0.025757064944898253,0.0,0.0,1.0,0.0
0.404,0.36621975937675516,0.3692033012627727,0.3686704066584529,301.55389404296875,0.02255225469779476,0.0,0.0,1.0,0.0
0.40800000000000003,0.36997923977378133,0.3696782190351251,0.3632531233795224,298.7792358398437,0.019023164165838855,0.0,0.0,1.0,0.0
0.41200000000000003,0.36558674863516977,0.3728099637156975,0.3703714832936345,303.18487548828125,0.018636906051396313,0.0,0.0,1.0,0.0
0.41600000000000004,0.3582099573790653,0.36237503247032277,0.3591050952811977,292.43426513671875,0.025847249402815787,0.0,0.0,1.0,0.0
0.42,0.3527064285734906,0.35753623300082016,0.35647495622727743,292.02655029296875,0.014868155119570198,0.0,0.0,1.0,0.0
0.424,0.35461845592175945,0.35294128645410405,0.35108383386038783,287.65069580078125,0.01681460435598607,0.0,0.0,1.0,0.0
0.428,0.3431334106913392,0.34427764125569255,0.3376714867498857,284.92578125,0.024871338439052863,0.0,0.0,1.0,0.0
0.432,0.3549543133823749,0.35613719447025555,0.3568020665499777,293.6475524902344,0.015571785773152318,0.0,0.0,1.0,0.0
0.436,0.35198297478927915,0.35330068687524624,0.3530858942907293,289.57012939453125,0.01326363929593953,0.0,0.0,1.0,0.0
0.44,0.3541017199337699,0.35323648680802155,0.35396258195269115,289.02313232421875,0.013358812681316331,0.0,0.0,1.0,0.0
0.444,0.34824942297326483,0.3463441006669156,0.3414269765688545,280.6494445800781,0.021248417694497652,0.0,0.0,1.0,0.0
0.448,0.3311186729007411,0.3429555724105859,0.3325682315688045,283.2550048828125,0.016756847926553776,0.0,0.0,1.0,0.0
0.452,0.33826291897201877,0.3425320347059887,0.34116520754646323,280.46044921875,0.014339712572538525,0.0,0.0,1.0,0.0
0.456,0.33323741342318863,0.334394637105176,0.3319009049415043,276.38299560546875,0.017454530243549843,0.0,0.0,1.0,0.0
0.46,0.3324235454968958,0.3399907093022285,0.3366116008982463,280.8184814453125,0.016166619431757324,0.0,0.0,1.0,0.0
0.464,0.3521767413303008,0.35064380654044314,0.3367293300892015,275.9752197265625,0.024931973095865503,0.0,0.0,1.0,0.0
0.468,0.3271137419182759,0.3324693312298375,0.3241805751514715,273.5486145019531,0.03476687605451056,0.0,0.0,1.0,0.0
0.47200000000000003,0.3276047069997977,0.34064529902583496,0.33251590224269634,283.0760192871094,0.0207547057578555,0.0,0.0,1.0,0.0
0.47600000000000003,0.33992951875993355,0.3410816945153161,0.33237195143203113,283.11578369140625,0.021055000814538347,0.0,0.0,1.0,0.0
0.48,0.34815894656154506,0.35059247228303364,0.35154185069237714,288.36676025390625,0.018164301115543367,0.0,0.0,1.0,0.0
0.484,0.3525256016644709,0.35041280480936704,0.3532036652854441,289.90826416015625,0.005298816607218479,0.0,0.0,1.0,0.0
0.488,0.3453425785518518,0.34847467324919995,0.3456011191351408,286.0992736816406,0.009515611601251913,0.0,0.0,1.0,0.0
0.492,0.35190544935310547,0.3527615825261618,0.35343916724582114,290.48504638671875,0.015336154891614592,0.0,0.0,1.0,0.0
0.496,0.3521380212888139,0.3554826493466297,0.3493697139966885,293.8266296386719,0.013134886591125352,0.0,0.0,1.0,0.0
0.5,0.35446344888849834,0.35215834228405624,0.3547738971059833,291.3204345703125,0.007673546077829955,0.0,0.0,1.0,0.0
0.504,0.35713767791275614,0.36084768174317927,0.3587648916495545,293.1006164550781,0.014432199612360336,0.0,0.0,1.0,0.0
0.508,0.3637910047227027,0.3631836480815291,0.3633054467366644,300.2113037109375,0.026650850487408617,0.0,0.0,1.0,0.0
0.512,0.3622277799489594,0.36582768019364326,0.3656346292492556,301.74285888671875,0.01649262665303794,0.0,0.0,1.0,0.0
0.516,0.3691782745041217,0.3777643474636773,0.3708687550741938,308.4359130859375,0.018565142248713,0.0,0.0,1.0,0.0
0.52,0.37017852051410943,0.36837628537670847,0.3681848525219084,303.993408203125,0.023552534653377952,0.4175,0.0,1.0,0.0
0.524,0.36883132061127527,0.366368633777777,0.3568224571824866,291.21942138671875,0.031760663496650986,0.0,0.0,1.0,0.0
0.528,0.35700436421146403,0.3554551007179681,0.3523220752514344,286.9314880371094,0.01789969607837682,0.0,0.0,1.0,0.0
0.532,0.34678371650211204,0.34600872698645024,0.3467720964088657,286.0639343261719,0.01662560075800996,0.0,0.0,1.0,0.0
0.536,0.3484288351672345,0.3468323896290075,0.3359607032948894,276.1817626953125,0.026996045891224875,0.0,0.0,1.0,0.0
0.54,0.34385608645131943,0.34433565369775676,0.3447121321549223,283.88006591796875,0.01632223559212141,0.0,0.0,1.0,0.0
0.544,0.3456437437401002,0.3507834019054283,0.35078696770300033,288.1380920410156,0.019153451925255888,0.0,0.0,1.0,0.0
0.548,0.35638256355383463,0.3544383848209882,0.357124171517269,292.4559020996094,0.006403480275795585,0.0,0.0,1.0,0.0
0.552,0.354737423159366,0.3581706317008274,0.3584231712149767,296.1156311035156,0.007768143817730686,0.0,0.0,1.0,0.0
0.556,0.3603594050340828,0.3597793203520684,0.3637107320550386,297.9603881835937,0.0,0.0,0.0,1.0,0.0
0.56,0.3631574614955316,0.36521034268103963,0.36671531251227685,301.9890441894531,0.004551436897455091,0.0,0.0,1.0,0.0
0.5640000000000001,0.36559281833274326,0.36665175358791147,0.36688589496324536,300.074462890625,0.006622225556701943,0.0,0.0,1.0,0.0
0.5680000000000001,0.36634411454214544,0.36671607117744587,0.36793554906718984,298.7381896972656,0.006594402692025257,0.0,0.0,1.0,0.0
0.5720000000000001,0.3684686142822675,0.37037113965406976,0.3731575431783359,303.0361328125,0.010402297516224089,0.0,0.0,1.0,0.0
0.5760000000000001,0.3788058542625212,0.3886460937268389,0.3840082545434389,318.7119140625,0.0302655203134735,0.0,0.0,1.0,0.0
0.58,0.40266700422861673,0.4010782502359114,0.39686639782019556,321.3445129394531,0.028192045308671657,0.0,0.0,1.0,0.0
0.584,0.4024338404884836,0.4034333893615591,0.4009206462163606,326.50994873046875,0.02464856363981402,0.0,0.0,1.0,0.0
0.588,0.3952444301505269,0.3947077353767582,0.39298273280216467,317.7845458984375,0.017251903035973428,0.0,0.0,1.0,0.0
0.592,0.39488169341487833,0.39239117393439027,0.389833777047948,317.1164245605469,0.01553647951728673,0.0,0.0,1.0,0.0
0.596,0.3889746759774447,0.39273866058171436,0.39260221584945887,322.7206420898437,0.01836539326851693,0.0,0.0,1.0,0.0
0.6,0.39191526570307866,0.4040382916314709,0.3962891109368776,330.8377685546875,0.019113156741931033,0.0,0.0,1.0,0.0
0.604,0.4058666300093179,0.4077319117822828,0.4090422824031985,330.2793273925781,0.016731519525606725,0.0,0.0,1.0,0.0
0.608,0.4019674992724862,0.399289359509141,0.40122245503343384,326.1908569335937,0.016227254088569964,0.0,0.0,1.0,0.0
0.612,0.41874286927850596,0.4269206422047668,0.4184104003493187,340.6800537109375,0.07566783030201622,0.0,0.0,1.0,0.0
0.616,0.4235358443182413,0.4250159478024551,0.42305505154039874,341.4378967285156,0.029726716147872576,0.0,0.0,1.0,0.0
0.62,0.4161261769632946,0.4151062398056886,0.4039514997626967,326.24072265625,0.038483818893490424,0.0,0.0,1.0,0.0
0.624,0.4065920616620697,0.40415414517407044,0.4023507986073106,325.2036437988281,0.026932341125206538,0.0,0.0,1.0,0.0
0.628,0.4065791383054657,0.4059687447708986,0.4039515131867505,326.4501342773437,0.019278558875388298,0.0,0.0,1.0,0.0
0.632,0.4048303298469704,0.4086713758686258,0.409816390809878,333.9290466308594,0.01947696468280687,0.0,0.0,1.0,0.0
0.636,0.4057630202655133,0.4060331038635406,0.40832067165760694,331.7751159667969,0.011306636559129057,0.0,0.0,1.0,0.0
0.64,0.4105689382250333,0.4139479883814,0.4140018748702576,337.3893127441406,0.01639476692210615,0.0,0.0,1.0,0.0
0.644,0.41902784839243157,0.4194176036979066,0.4193813002724327,341.3381652832031,0.018010411891607493,0.0,0.0,1.0,0.0
0.648,0.41484370137496046,0.41715251240276574,0.40565718974959336,338.59588623046875,0.021281421368458963,0.0,0.0,1.0,0.0
0.652,0.409169916150936,0.4122105550682945,0.4068380427417457,329.63116455078125,0.017795504247208264,0.0,0.0,1.0,0.0
0.656,0.4031333876678676,0.41774457377568414,0.4068380581756253,340.4008178710937,0.01862251491449458,0.0,0.0,1.0,0.0
0.66,0.4216704610681892,0.4214123910159002,0.40804510720802506,334.8065795898437,0.018777747311207953,0.0,0.0,1.0,0.0
0.664,0.40940308596521024,0.41079488637789763,0.3936781228394546,324.82470703125,0.029592206988297703,0.0,0.0,1.0,0.0
0.668,0.3928479222998187,0.40535099815765296,0.39443907675756823,329.8006896972656,0.023137302383306586,0.0,0.0,1.0,0.0
0.672,0.4118643209753559,0.42484863026261976,0.4167440567517011,347.8697814941406,0.0273846065875717,0.0,0.0,1.0,0.0
0.676,0.42645047758501203,0.4375639194732187,0.4313734820349625,354.4113464355469,0.022720726940457726,0.0,0.0,1.0,0.0
0.68,0.4466197215338536,0.4442046787629175,0.4426440644797229,360.89306640625,0.022772918796954682,0.0,0.0,1.0,0.0
0.684,0.45406825917552396,0.4632775912590586,0.458388764033806,373.0388488769531,0.030504221304216927,0.0,0.0,1.0,0.0
0.6880000000000001,0.46562317545723286,0.46381811548769974,0.39765362636719787,367.065673828125,0.02701983923756908,0.0,0.0,1.0,0.0
0.6920000000000001,0.45286356227652,0.45237694805632306,0.44839086830508906,365.33056640625,0.014802339653472937,0.0,0.0,1.0,0.0
0.6960000000000001,0.4434330955160811,0.44605795520909064,0.44244725745678615,363.1766662597656,0.014026369551731435,0.0,0.0,1.0,0.0
0.7000000000000001,0.44601089352981044,0.4501633739670246,0.4483121281657706,361.2420959472656,0.008743287254192187,0.0,0.0,1.0,0.0
0.704,0.4406479732666,0.4416821874406196,0.44402170987198664,359.3773498535156,0.006893546457755968,0.0,0.0,1.0,0.0
0.708,0.44072571545919065,0.4537797768650283,0.4461997507622266,369.4988403320313,0.012002783821522273,0.0,0.0,1.0,0.0
0.712,0.4500914316317037,0.45536272575626346,0.4558564680454008,369.000244140625,0.013040864496700687,0.0,0.0,1.0,0.0
0.716,0.4661413305483347,0.47563251313116495,0.4684390674186155,384.66607666015625,0.020177525227183284,0.0,0.0,1.0,0.0
0.72,0.4801445553994724,0.4769581048872755,0.4799589362642193,386.6405334472656,0.01572375617883463,0.0,0.0,1.0,0.0
0.724,0.4749241388116044,0.47214486455410193,0.46010757260469437,375.751220703125,0.022607132899846706,0.0,0.0,1.0,0.0
0.728,0.4541460237450036,0.4595453850865267,0.4586905160261795,373.5274658203125,0.01234318217970462,0.0,0.0,1.0,0.0
0.732,0.44795397407070753,0.4549380171837222,0.4534816234447499,368.0728149414063,0.018838381968020592,0.0,0.0,1.0,0.0
0.736,0.4274738137030693,0.4329050901858167,0.4265713922525985,352.13775634765625,0.03036779332638849,0.0,0.0,1.0,0.0
0.74,0.43768152350566786,0.43948149150963506,0.4402298617192495,356.4356384277344,0.01799314252732541,0.0,0.0,1.0,0.0
0.744,0.43440419146749676,0.43739661818849745,0.42612526598030065,352.8656921386719,0.025896179268281683,0.0,0.0,1.0,0.0
0.748,0.419636686637333,0.4235616560643919,0.4167965480078304,337.9377746582031,0.021201214765459966,0.0,0.0,1.0,0.0
0.752,0.40940308627439576,0.42443679729432954,0.4105380610497695,347.72021484375,0.031524073205986484,0.0,0.0,1.0,0.0
0.756,0.42607479984336855,0.4297133805624656,0.42679441445815985,346.1147155761719,0.01963277272499631,0.0,0.0,1.0,0.0
0.76,0.43314763537018364,0.43466822215900364,0.43473233373845904,353.563720703125,0.01521507745981467,0.0,0.0,1.0,0.0
0.764,0.4227844973878639,0.42120652592463287,0.4163898246941728,335.7638854980469,0.02838987547061416,0.0,0.0,1.0,0.0
0.768,0.42018075347778777,0.4181563420226168,0.41617986357833986,337.359375,0.027911130316349807,0.0,0.0,1.0,0.0
0.772,0.41672206375714993,0.4182979607043037,0.42090330731456355,339.2740173339844,0.01605974125503378,0.0,0.0,1.0,0.0
0.776,0.41712329422672745,0.4222967013946355,0.42029125568329506,345.9800109863281,0.01665668561371771,0.478,0.0,1.0,0.0
0.78,0.4238523367926613,0.42383251658820387,0.42152806754549854,339.57000732421875,0.018955429881488028,0.0,0.0,1.0,0.0
0.784,0.4023401580236571,0.41344317619724535,0.4029101581333733,338.7900085449219,0.024287825808143884,0.0,0.0,1.0,0.0
0.788,0.41203102115507123,0.41047481573464933,0.40384433214720883,329.239990234375,0.02814963942526788,0.0,0.0,1.0,0.0
0.792,0.4047823685966095,0.41797318902751296,0.4106862683996695,338.45001220703125,0.025142851221932244,0.0,0.0,1.0,0.0
0.796,0.41058910045252883,0.41987037018510115,0.4145282472516709,343.25,0.01337627392742377,0.0,0.0,1.0,0.0
0.8,0.4241381282351069,0.42705901247621525,0.4270016085167427,347.75,0.018061836220803023,0.0,0.0,1.0,0.0
0.804,0.4161100408660026,0.4147466931395016,0.4031469841954236,326.1099853515625,0.022654143947059037,0.0,0.0,1.0,0.0
0.808,0.3966373323087628,0.40009839393074237,0.3991207805260794,326.739990234375,0.0225088894052642,0.0,0.0,1.0,0.0
0.812,0.3997161017929855,0.40015002889301277,0.38792370213355293,316.5,0.024917965722614482,0.0,0.0,1.0,0.0
0.8160000000000001,0.393363753676506,0.41152019725149014,0.39758137096913004,337.95001220703125,0.03019087828340984,0.0,0.0,1.0,0.0
0.8200000000000001,0.42141012621970897,0.42477462818050404,0.4220675314559168,341.489990234375,0.02352029850671807,0.0,0.0,1.0,0.0
0.8240000000000001,0.39924842504911956,0.41624379195785116,0.40502850261108264,339.0400085449219,0.01197476907502023,0.0,0.0,1.0,0.0
0.8280000000000001,0.4160190982152924,0.4189927727561867,0.42058072314367506,341.760009765625,0.006007628070085221,0.0,0.0,1.0,0.0
0.8320000000000001,0.4156163974978057,0.4207092512387969,0.4166729325053561,345.32000732421875,0.007808822764706254,0.0,0.0,1.0,0.0
0.836,0.4556919376043501,0.45783975173909547,0.4477115617842235,365.8999938964844,0.026101684703238447,0.0,0.0,1.0,0.0
0.84,0.4466115874724728,0.4499284169058777,0.44965889198619996,365.489990234375,0.012457159983966355,0.0,0.0,1.0,0.0
0.844,0.46257685920367225,0.4626149814077267,0.46154014794252385,370.6000061035156,0.019983148938097196,0.0,0.0,1.0,0.0
0.848,0.45565296784600307,0.45417445713662674,0.4566718425143936,369.5700073242188,0.013129322018190014,0.0,0.0,1.0,0.0
0.852,0.46705857963209035,0.4679838752916901,0.46610581552228625,379.8900146484375,0.019390809743221823,0.0,0.0,1.0,0.0
0.856,0.4701373094726118,0.46775157704037795,0.4647768912514115,375.1000061035156,0.0234126528026931,0.0,0.0,1.0,0.0
0.86,0.4538342734066036,0.4525483299915056,0.4494351961585156,363.3500061035156,0.04538369745148316,0.0,0.0,1.0,0.0
0.864,0.4594721627388199,0.4594917160583198,0.4554745418161537,370.5,0.03005924735121531,0.0,0.0,1.0,0.0
0.868,0.45430195015046954,0.45238054590357923,0.4543035015866459,366.239990234375,0.017047548891968804,0.0,0.0,1.0,0.0
0.872,0.4528210200458788,0.4532581433324936,0.4554350306521901,368.0799865722656,0.013535919606120338,0.0,0.0,1.0,0.0
0.876,0.4576275016750895,0.4754048158341164,0.4627111881720317,387.4400024414063,0.026025507618571933,0.0,0.0,1.0,0.0
0.88,0.4738265919563713,0.4765018323132275,0.4695136132605287,382.6600036621094,0.018173127679509765,0.0,0.0,1.0,0.0
0.884,0.48927225369504296,0.5032559110096191,0.4932498245508225,402.4599914550781,0.03616914843421552,0.0,0.0,1.0,0.0
0.888,0.5121484136498956,0.5097218213726936,0.5018679964222831,404.9800109863281,0.026493699272441683,0.0,0.0,1.0,0.0
0.892,0.48405006821432944,0.4882591644238917,0.4812106845531318,392.3399963378906,0.02295271206731368,0.0,0.0,1.0,0.0
0.896,0.4850763247090703,0.48565216992531557,0.4857894823672602,393.8299865722656,0.014504539060519718,0.0,0.0,1.0,0.0
0.9,0.4914416363158646,0.48944653224049184,0.48253956867038467,396.05999755859375,0.019253806119917314,0.0,0.0,1.0,0.0
0.904,0.4857648168690027,0.49615762005599395,0.49098672626611223,397.6700134277344,0.01376272392369167,0.0,0.0,1.0,0.0
0.908,0.5001582158449012,0.500945768311677,0.49502610032344435,401.6099853515625,0.01386269435470238,0.0,0.0,1.0,0.0
0.912,0.5002621616296274,0.49891951944138113,0.49160513219721397,394.4100036621094,0.02269021773022605,0.0,0.0,1.0,0.0
0.916,0.49740424720517223,0.5164329485741319,0.5021969348930048,419.5,0.02874869448403073,0.0,0.0,1.0,0.0
0.92,0.5177862633384106,0.5168201123263187,0.5120124476163269,414.1499938964844,0.020434071227684862,0.0,0.0,1.0,0.0
0.924,0.5163053728775211,0.512948317260705,0.5024995727413727,411.6799926757813,0.030273771231963828,0.0,0.0,1.0,0.0
0.928,0.5030420968936873,0.5009844846868956,0.49896019158411714,404.5400085449219,0.02288401837383607,0.0,0.0,1.0,0.0
0.932,0.4913636967991705,0.49389907293438595,0.4830790325808029,397.2799987792969,0.029488207038954502,0.0,0.0,1.0,0.0
0.936,0.4920391858250866,0.4970481360719601,0.4901183238849722,399.7999877929688,0.019905628680653188,0.0,0.0,1.0,0.0
0.9400000000000001,0.49845647032424406,0.5193625926615092,0.5041047940846395,417.7200012207031,0.03036184498980244,0.0,0.0,1.0,0.0
0.9440000000000001,0.5027303388269108,0.5037463446863466,0.49980225318928134,404.3500061035156,0.01748945273576472,0.0,0.0,1.0,0.0
0.9480000000000001,0.5032239821951077,0.4998874682077845,0.48956568958656616,395.9500122070313,0.017966470953600863,0.0,0.0,1.0,0.0
0.9520000000000001,0.48065958030703154,0.489562681366148,0.4816843366772326,392.6099853515625,0.021738483876458038,0.0,0.0,1.0,0.0
0.9560000000000001,0.4903894131967928,0.49601567314217077,0.4960129157356095,401.6199951171875,0.014391904429035481,0.0,0.0,1.0,0.0
0.96,0.49365002833873467,0.5057983913448095,0.5006969963463971,407.1499938964844,0.01186597208004312,0.0,0.0,1.0,0.0
0.964,0.5065365305857116,0.504778847002072,0.5051047397311706,404.5199890136719,0.008362209949034267,0.0,0.0,1.0,0.0
0.968,0.5113300090809061,0.5122900994960511,0.5145913541373931,412.3200073242188,0.014157232956624539,0.0,0.0,1.0,0.0
0.972,0.5293867239162331,0.5304359092193526,0.5215780040432327,422.7300109863281,0.022913951938591675,0.0,0.0,1.0,0.0
0.976,0.5231513247184961,0.5266286677030607,0.5206964312741048,424.8599853515625,0.011804378014103698,0.0,0.0,1.0,0.0
0.98,0.5294516999426125,0.5302939623055294,0.5240384573796517,418.4500122070313,0.0162685086810216,0.0,0.0,1.0,0.0
0.984,0.5266067886521734,0.5547508168910303,0.530946165264808,435.6300048828125,0.02933201523311435,0.0,0.0,1.0,0.0
0.988,0.5470017682757264,0.5534472999487742,0.548722013071769,446.6900024414063,0.014187742166856213,0.0,0.0,1.0,0.0
0.992,0.5592257846308033,0.5557445634456009,0.5467746828697925,436.6900024414063,0.014374443182928045,0.0,0.0,1.0,0.0
0.996,0.5340762962704027,0.5529697848590983,0.5372617678412164,444.9200134277344,0.015773069807951238,0.0,0.0,1.0,0.0
1.0,0.5329590971249515,0.534759421586475,0.5181702063049902,415.1700134277344,0.031187170934662126,0.0,0.0,1.0,0.0
0.0,0.12668558857403087,0.12677458346448423,0.12800321514198534,117.39579010009766,0.01343038460217429,0.0,0.0,0.2727272727272727,0.0
0.004,0.12935546109806212,0.1298015021952581,0.13046159774022045,119.4608917236328,0.014691815722067618,0.0,0.0,0.2727272727272727,0.0
0.008,0.12874867660216738,0.12980785810207446,0.13015106225082326,119.85424041748048,0.011779433376807358,0.0,0.0,0.2727272727272727,0.0
0.012,0.1313227373242369,0.13145773666704105,0.1303710229540505,118.33000183105467,0.014754177315308467,0.0,0.0,0.2727272727272727,0.0
0.016,0.12733236724594685,0.1264786437332899,0.12760180845046606,116.62000274658205,0.014296347280007966,1.0,0.0,0.2727272727272727,0.0
0.02,0.12233104673592621,0.12290368077534222,0.1227585187287883,112.87000274658205,0.020341776069688407,0.0,0.0,0.2727272727272727,0.0
0.024,0.12403280216750853,0.12563975283311016,0.12618080188613637,115.95999908447266,0.014370029900944846,0.0,0.0,0.2727272727272727,0.0
0.028,0.12527988398924098,0.12526547812852273,0.1263913172874274,115.02999877929688,0.014298649861912243,0.0,0.0,0.2727272727272727,0.0
0.032,0.12229207697757916,0.12228419907887506,0.12374664917207119,113.48999786376952,0.02158363524339538,0.0,0.0,0.2727272727272727,0.0
0.036000000000000004,0.12290262962081724,0.12244810365209235,0.12322298571187619,113.01000213623048,0.019156330152636236,0.0,0.0,0.2727272727272727,0.0
0.04,0.12031103167055934,0.12072256640417159,0.12143092956584219,113.08999633789062,0.018771031447320476,0.0,0.0,0.2727272727272727,0.0
0.044,0.12355864367848512,0.1261818017791399,0.12453610953252774,117.01000213623048,0.027575720885626723,0.0,0.0,0.2727272727272727,0.0
0.048,0.12691667330536938,0.12634957602058228,0.12525976814507225,114.5500030517578,0.01934475810513627,0.0,0.0,0.2727272727272727,0.0
0.052000000000000005,0.12288963639772646,0.1221551313661674,0.12422032137298288,113.93000030517578,0.010810813922407979,0.0,0.0,0.2727272727272727,0.0
0.056,0.12324038404470064,0.12383291316652695,0.12414137935229945,114.08000183105467,0.018423725343425294,0.0,0.0,0.2727272727272727,0.0
0.06,0.12075920371340115,0.1212388077155502,0.1216151343063739,113.41000366210938,0.014781424534509084,0.0,0.0,0.2727272727272727,0.0
0.064,0.12139573289189554,0.12291658951590978,0.12337823969100771,113.97000122070312,0.012451787292856373,0.0,0.0,0.2727272727272727,0.0
0.068,0.1196030546314536,0.11908351082551477,0.12025990941314528,110.70999908447266,0.0212795025502054,0.0,0.0,0.2727272727272727,0.0
0.07200000000000001,0.11540064390032362,0.11554727408926976,0.11707577738737084,108.6999969482422,0.017448390025138438,0.0,0.0,0.2727272727272727,0.0
0.076,0.11422500993920254,0.11441154123493999,0.11443111931042006,106.2699966430664,0.028191853426846297,0.0,0.0,0.2727272727272727,0.0
0.08,0.11595923356212387,0.11561179809913957,0.11702315606585216,107.98999786376952,0.016436597160033855,0.0,0.0,0.2727272727272727,0.0
0.084,0.11169187653739057,0.11095919654265815,0.11149698373468388,103.83000183105467,0.04193654045895446,0.0,0.0,0.2727272727272727,0.0
0.088,0.1112501961506315,0.11255308629905456,0.1124232776002188,106.63999938964844,0.020724388429449177,0.0,0.0,0.2727272727272727,0.0
0.092,0.11354951100236113,0.11340487609331787,0.11490479151133177,106.72000122070312,0.015390265566365111,0.0,0.0,0.2727272727272727,0.0
0.096,0.11450429981464,0.11518590812524993,0.11607581166402868,108.22000122070312,0.02010422636989712,0.0,0.0,0.2727272727272727,0.0
0.1,0.12361060665992299,0.12604628461939046,0.12398875543540329,116.97000122070312,0.06146262688905258,0.0,0.0,0.2727272727272727,0.0
0.10400000000000001,0.12470830110434994,0.12451692871934791,0.1250887237541229,115.7300033569336,0.022421583174727013,0.0,0.0,0.2727272727272727,0.0
0.108,0.12411074168420264,0.1273175247869857,0.12616764153655394,117.3000030517578,0.0226798561116568,0.0,0.0,0.2727272727272727,0.0
0.112,0.13234668097905825,0.13242830293850172,0.13262798788155777,120.2300033569336,0.046116494142519456,0.0,0.0,0.2727272727272727,0.0
0.116,0.129917473540122,0.1326218848145952,0.1306280463964681,120.2699966430664,0.029134760716647917,0.0,0.0,0.2727272727272727,0.0
0.12,0.13112558560350737,0.1320153020122116,0.13161486180863327,120.70999908447266,0.016880995467559404,0.0,0.0,0.2727272727272727,0.0
0.124,0.1341848305648553,0.13462876565079762,0.13477267313524294,122.58000183105467,0.01941901637154922,0.0,0.0,0.2727272727272727,0.0
0.128,0.13295723362229636,0.1347900904451982,0.1335227009234571,121.1500015258789,0.01654884802786738,0.0,0.0,0.2727272727272727,0.0
0.132,0.1308008244027148,0.1302600973078987,0.1320622133103802,120.02999877929688,0.008263774572626406,0.0,0.0,0.2727272727272727,0.0
0.136,0.13319106208330403,0.1340931661518097,0.13494371752619225,122.1500015258789,0.016220730106507843,0.0,0.0,0.2727272727272727,0.0
0.14,0.13378862150345133,0.13334462658911891,0.1316806535181398,119.36000061035156,0.020811119014510295,0.0,0.0,0.2727272727272727,0.0
0.14400000000000002,0.12931341255296663,0.1291114557130013,0.12877282860316294,117.37999725341795,0.0192653190294387,0.0,0.0,0.2727272727272727,0.0
0.148,0.12772208465126805,0.1313700028346093,0.12966754164506225,120.62999725341795,0.020908403099966017,0.0,0.0,0.2727272727272727,0.0
0.152,0.12803385262896985,0.12753693399069835,0.12781233389016258,117.06999969482422,0.018555740039270532,0.0,0.0,0.2727272727272727,0.0
0.156,0.12841057681120027,0.12898239784677765,0.12879914930232775,117.5,0.008669604633255307,0.0,0.0,0.2727272727272727,0.0
0.16,0.1280858156104077,0.12789829995471816,0.12881230965191018,117.04000091552734,0.006009163124688071,0.0,0.0,0.2727272727272727,0.0
0.164,0.12909906897113246,0.1313054788247395,0.12999648011578396,120.86000061035156,0.017894323387266837,0.0,0.0,0.2727272727272727,0.0
0.168,0.1322947179976204,0.13258316843937648,0.13240431213068432,120.95999908447266,0.012907314746252598,0.0,0.0,0.2727272727272727,0.0
0.17200000000000001,0.12967065185602353,0.13054402067499712,0.13116092511289243,120.36000061035156,0.01345034031201136,0.0,0.0,0.2727272727272727,0.0
0.176,0.1311125923804166,0.13131838756530706,0.1304570020055188,118.63999938964844,0.017879740368539745,0.0,0.0,0.2727272727272727,0.0
0.18,0.1290081362313476,0.13324137635754635,0.13043068130635396,122.41999816894533,0.017626072595418513,0.0,0.0,0.2727272727272727,0.0
0.184,0.13924461562332183,0.13987505111557913,0.13961464782580293,126.86000061035156,0.03186888484615203,0.0,0.0,0.2727272727272727,0.0
0.188,0.13539944419524877,0.13471265769476085,0.134693721076154,122.27999877929688,0.023585538327339263,0.0,0.0,0.2727272727272727,0.0
0.192,0.1318270709865304,0.13246572942431206,0.13382532873341949,121.26000213623048,0.01609485562907401,0.0,0.0,0.2727272727272727,0.0
0.196,0.1330481663620813,0.13370599255313872,0.13411479619379948,121.4000015258789,0.011122430006786862,0.0,0.0,0.2727272727272727,0.0
0.2,0.1326064958862475,0.13297035188453146,0.13291745534193775,119.98999786376952,0.010269899056728135,0.0,0.0,0.2727272727272727,0.0
0.20400000000000001,0.13045007675574066,0.13068598728178835,0.1311806606180633,119.48999786376952,0.008331316975151878,0.0,0.0,0.2727272727272727,0.0
0.20800000000000002,0.12780002416796216,0.1286984646331952,0.12965439133388534,118.08999633789062,0.01050994322024906,0.0,0.0,0.2727272727272727,0.0
0.212,0.1311710470179372,0.13402864214193985,0.13329902517258363,122.94000244140624,0.021301568960121392,0.0,0.0,0.2727272727272727,0.0
0.216,0.1372830551954756,0.13832633702792727,0.13753575428162435,124.3499984741211,0.019446263590749836,0.0,0.0,0.2727272727272727,0.0
0.22,0.1374324425727811,0.13738419589617495,0.13782522174200432,124.19000244140624,0.01142119000886686,0.0,0.0,0.2727272727272727,0.0
0.224,0.1321128525180506,0.1328864598405683,0.13397006246360949,122.2300033569336,0.02125897119489226,0.0,0.0,0.2727272727272727,0.0
0.228,0.12994345007537825,0.13125385370895323,0.1297728043649105,119.56999969482422,0.022540741788273373,0.0,0.0,0.2727272727272727,0.0
0.232,0.14208952691376092,0.15112906050191638,0.14412767400723578,135.0,0.15237566009746442,0.0,0.0,0.2727272727272727,0.0
0.23600000000000002,0.1493511826062388,0.15394257515660575,0.15011435818973337,138.5500030517578,0.07458734374343404,0.0,0.0,0.2727272727272727,0.0
0.24,0.15224804696719044,0.1525745440509638,0.1534300635961154,136.4499969482422,0.026319662456843376,0.0,0.0,0.2727272727272727,0.0
0.244,0.14764943708558181,0.14803163232661265,0.14616709654107266,130.9199981689453,0.04216986875858791,0.0,0.0,0.2727272727272727,0.0
0.248,0.15007864452451808,0.1497868468774096,0.14964068598882163,135.5800018310547,0.031561873925581706,0.0,0.0,0.2727272727272727,0.0
0.252,0.15637901974863436,0.15702710443782594,0.15762599662529123,141.1999969482422,0.03327499486236413,0.0,0.0,0.2727272727272727,0.0
0.256,0.16354973279040202,0.1657773597106755,0.16536394087395792,147.10000610351562,0.0576382302278731,0.0,0.0,0.2727272727272727,0.0
0.26,0.1635757192365836,0.1630929127686938,0.16349557276947582,143.92999267578125,0.03516426331482377,0.0,0.0,0.2727272727272727,0.0
0.264,0.1670831362407733,0.17719786329553078,0.1695875196718217,155.44000244140625,0.09082783767795359,0.0,0.0,0.2727272727272727,0.0
0.268,0.1748124686771172,0.17540523210540754,0.1751136819645845,155.05999755859375,0.034825400011244276,0.0,0.0,0.2727272727272727,0.0
0.272,0.1813336593172997,0.18087735652797535,0.18125825018844902,158.0399932861328,0.03993693995691485,0.0,0.0,0.2727272727272727,0.0
0.276,0.18038536216110354,0.18513633503874405,0.18238979933080418,162.2100067138672,0.04463900408727476,0.0,0.0,0.2727272727272727,0.0
0.28,0.19031006366445072,0.19071172938585246,0.18985012143755559,166.1699981689453,0.05102214488958256,0.0,0.0,0.2727272727272727,0.0
0.28400000000000003,0.1857634068533546,0.18744649742965427,0.18727125507011141,162.47999572753906,0.03218951937632266,0.0,0.0,0.2727272727272727,0.0
0.28800000000000003,0.1886083181437937,0.1893307796931589,0.18899488944440349,162.80999755859375,0.029606022479723368,0.0,0.0,0.2727272727272727,0.0
0.292,0.18740019616948297,0.19086013559320145,0.18954750366599868,164.25,0.030535689923575388,0.0,0.0,0.2727272727272727,0.0
0.296,0.18902400217344587,0.1913699274575383,0.18924488589444177,163.0800018310547,0.029789077741113425,0.0,0.0,0.2727272727272727,0.0
0.3,0.20327452524997225,0.2072830075403668,0.20529707925029977,176.44000244140625,0.09572677256112921,0.0,0.0,0.2727272727272727,0.0
0.304,0.19992298727917077,0.20161728154873748,0.1992906595626313,175.47000122070312,0.03445871384298809,0.0,0.0,0.2727272727272727,0.0
0.308,0.19832516772138944,0.19773256789607216,0.198323579655637,171.91000366210938,0.025361404621013245,0.0,0.0,0.2727272727272727,0.0
0.312,0.20600252726537016,0.20881106370451696,0.2087048769885422,179.89999389648438,0.03611676469589321,0.0,0.0,0.2727272727272727,0.0
0.316,0.2106531100393419,0.20985128566372438,0.20806017043508665,178.72999572753906,0.030562169615474574,0.0,0.0,0.2727272727272727,0.0
0.32,0.20847070446265348,0.211051552374408,0.21038904035249256,182.77999877929688,0.023434527330783734,0.0,0.0,0.2727272727272727,0.0
0.324,0.21964249769865843,0.2234283858745075,0.22279660990805775,189.33999633789065,0.04016834943829473,0.0,0.0,0.2727272727272727,0.0
0.328,0.22242245278456887,0.22136344032196104,0.22126374539148042,188.02999877929688,0.021561760715304742,0.0,0.0,0.2727272727272727,0.0
0.332,0.2169404821294421,0.21947915805845644,0.22017825245346084,187.22000122070312,0.0157719185169991,0.0,0.0,0.2727272727272727,0.0
0.336,0.2181161160905632,0.21825309355960565,0.21245478358549427,181.3300018310547,0.027224769027049775,0.0,0.0,0.2727272727272727,0.0
0.34,0.20952292758172533,0.209773852913287,0.20832331719630184,181.1199951171875,0.025193699905651706,0.0,0.0,0.2727272727272727,0.0
0.34400000000000003,0.2065741101502612,0.20550197550843474,0.20174454778186732,173.67999267578125,0.03541697167881822,0.0,0.0,0.2727272727272727,0.0
0.34800000000000003,0.195545212635479,0.19795196725330078,0.18194244782905727,159.00999450683594,0.09122618434739359,0.0,0.0,0.2727272727272727,0.0
0.352,0.1926223618283458,0.19260889085047256,0.1921790114317725,166.80999755859375,0.044035343864703355,0.0,0.0,0.2727272727272727,0.0
0.356,0.18258075104995747,0.18965342928196005,0.18556077100699625,162.86000061035156,0.03037354978114918,0.0,0.0,0.2727272727272727,0.0
0.36,0.19299909592150155,0.19171839452747458,0.19161324689900036,165.91000366210938,0.024145449493729397,0.0,0.0,0.2727272727272727,0.0
0.364,0.19098557251221746,0.19197651025992188,0.19142904215846865,165.08999633789062,0.015783815190171198,0.0,0.0,0.2727272727272727,0.0
0.368,0.18480210656314236,0.19300899288267917,0.1870738799415918,167.0500030517578,0.02880491585886017,0.0,0.0,0.2727272727272727,0.0
0.372,0.19198582273892612,0.20058479892598022,0.1931789771551146,173.47000122070312,0.03332334908235395,0.0,0.0,0.2727272727272727,0.0
0.376,0.19618175172489868,0.19538368912994322,0.19400790852591285,166.6699981689453,0.02476925730796323,0.0,0.0,0.2727272727272727,0.0
0.38,0.19160910846762103,0.19374462370480236,0.19027117231694868,165.86000061035156,0.023529700716160534,0.0,0.0,0.2727272727272727,0.0
0.384,0.1941682283156146,0.19835206928550736,0.19650389781772598,171.89999389648438,0.019261481392931573,0.0,0.0,0.2727272727272727,0.0
0.388,0.20122203208234107,0.20248198008356838,0.20314187374767306,174.6999969482422,0.01743649335196634,0.0,0.0,0.2727272727272727,0.0
0.392,0.208158946395877,0.20707650707722175,0.20874434799888394,179.4499969482422,0.018856035095953384,0.0,0.0,0.2727272727272727,0.0
0.396,0.2052230924547277,0.2062763423987447,0.20561286740984458,176.72000122070312,0.01756294347487624,0.0,0.0,0.2727272727272727,0.0
0.4,0.20887990674714824,0.2103030029652332,0.20936275392998566,179.97000122070312,0.017873792031953696,0.0,0.0,0.2727272727272727,0.0
0.404,0.201118125941316,0.20240454733313099,0.20369185790703287,173.92999267578125,0.01535515119232488,0.0,0.0,0.2727272727272727,0.0
0.40800000000000003,0.19619473503706417,0.19604188720162907,0.19624468611145837,170.42999267578125,0.020008477339044248,0.0,0.0,0.2727272727272727,0.0
0.41200000000000003,0.19331085398827802,0.1928024924195341,0.19290268008272246,167.69000244140625,0.013332716753067856,0.0,0.0,0.2727272727272727,0.0
0.41600000000000004,0.1858933192624119,0.18965342928196005,0.18845542553398523,164.3000030517578,0.01331506362513506,0.0,0.0,0.2727272727272727,0.0
0.42,0.18823158405063795,0.19014386295868757,0.19029749301611348,164.82000732421875,0.01127785428532559,0.0,0.0,0.2727272727272727,0.0
0.424,0.19420719807396164,0.1948803565591322,0.192823738062039,167.61000061035156,0.018583754785772576,0.0,0.0,0.2727272727272727,0.0
0.428,0.18636097618442724,0.1894985637810853,0.18716073222579238,166.33999633789062,0.01693798436969027,0.0,0.0,0.2727272727272727,0.0
0.432,0.1924145099025944,0.1915893268147669,0.19035011433763213,165.88999938964844,0.012654222618607432,0.0,0.0,0.2727272727272727,0.0
0.436,0.18847840573473643,0.18846608115832802,0.18577129644669277,160.8000030517578,0.016502796389781832,0.0,0.0,0.2727272727272727,0.0
0.44,0.18378885320241756,0.18280035516669868,0.18056090223666382,157.91000366210938,0.02142725155572987,0.0,0.0,0.2727272727272727,0.0
0.444,0.18771197405811008,0.1864269333939486,0.1835871401826659,159.83999633789062,0.02774438501011505,0.0,0.0,0.2727272727272727,0.0
0.448,0.17854072091922377,0.18464590136201653,0.17474527248352104,153.8000030517578,0.059938317668420914,0.0,0.0,0.2727272727272727,0.0
0.452,0.17989171879290664,0.1825873954100278,0.18148192593932247,157.7100067138672,0.027165669424839986,0.0,0.0,0.2727272727272727,0.0
0.456,0.17902136115340458,0.18291650429235476,0.18121877917810728,159.72000122070312,0.018583754785772576,0.0,0.0,0.2727272727272727,0.0
0.46,0.18163893563891875,0.1825164219531162,0.18298320963226428,158.88999938964844,0.009970179645521354,0.0,0.0,0.2727272727272727,0.0
0.464,0.1812167500422585,0.18305847089914598,0.17635049382678794,153.27999877929688,0.020556299950436924,0.0,0.0,0.2727272727272727,0.0
0.468,0.17209744997388476,0.17594728105143728,0.1706138060943286,152.92999267578125,0.025878909903999603,0.0,0.0,0.2727272727272727,0.0
0.47200000000000003,0.18251579484542885,0.1832004375059372,0.18385028694388109,160.72999572753906,0.03653948035715348,0.0,0.0,0.2727272727272727,0.0
0.47600000000000003,0.18927082385754432,0.18948564519403369,0.18049511052715728,157.00999450683594,0.04671094403747375,0.0,0.0,0.2727272727272727,0.0
0.48,0.18134016088430774,0.18314882223663498,0.17240323217812722,157.60000610351562,0.03588036628705406,0.0,0.0,0.2727272727272727,0.0
0.484,0.177527467558499,0.17957385927868724,0.17987670459605556,157.3000030517578,0.008503434972496619,0.0,0.0,0.2727272727272727,0.0
0.488,0.183165317247014,0.18752394987305973,0.1847844810345276,164.25999450683594,0.024114364638021652,0.0,0.0,0.2727272727272727,0.0
0.492,0.1840746446448631,0.1834972696136032,0.18440290116547625,161.1300048828125,0.013670812529345926,0.0,0.0,0.2727272727272727,0.0
0.496,0.17913827042844577,0.17927056787749546,0.18099510342723382,158.0800018310547,0.008086092002346331,0.0,0.0,0.2727272727272727,0.0
0.5,0.18026845288606236,0.17971582588547846,0.1808372193858669,157.44000244140625,0.007507184535245909,0.0,0.0,0.2727272727272727,0.0
0.504,0.18141159883399383,0.1806063419014445,0.18250821236182938,158.32000732421875,0.006760380470958589,0.0,0.0,0.2727272727272727,0.0
0.508,0.17935912548821328,0.1796383931350411,0.1808411544408145,158.1300048828125,0.008803730029179467,0.0,0.0,0.2727272727272727,0.0
0.512,0.175293108911298,0.17687651344262204,0.1780609778899031,155.9600067138672,0.007107686574853772,0.0,0.0,0.2727272727272727,0.0
0.516,0.18204813792341348,0.18221958984545022,0.182271386299779,158.82000732421875,0.01568576357741405,0.0,0.0,0.2727272727272727,0.0
0.52,0.17621541962131257,0.17745727876387046,0.17682416602769965,156.89999389648438,0.010394814125035186,0.0,0.0,0.2727272727272727,0.0
0.524,0.17961242891746915,0.17990940776157194,0.17740310094845965,155.67999267578125,0.007587966783720976,0.0,0.0,0.2727272727272727,0.0
0.528,0.173656299773319,0.17249492651267145,0.17185061795653203,150.08999633789062,0.01627004373562445,0.0,0.0,0.2727272727272727,0.0
0.532,0.16816134580602676,0.16831984004586595,0.1691269977820869,149.2899932861328,0.012084717360949477,0.0,0.0,0.2727272727272727,0.0
0.536,0.17030478162436816,0.17015248734710026,0.1681270320587448,147.08999633789062,0.010586312186740929,0.0,0.0,0.2727272727272727,0.0
0.54,0.16777162840070553,0.16732607379832737,0.16860859444636267,147.32000732421875,0.007374977957575311,0.0,0.0,0.2727272727272727,0.0
0.544,0.16823928532272087,0.1702557375786728,0.1709295942538734,149.7899932861328,0.011993189730254449,0.0,0.0,0.2727272727272727,0.0
0.548,0.17005145837326163,0.17070745488018163,0.17124536233660725,150.9600067138672,0.0077236272342479885,0.0,0.0,0.2727272727272727,0.0
0.552,0.17027229361117852,0.17003633822144418,0.17144273746512687,151.22999572753906,0.005026152533386958,0.0,0.0,0.2727272727272727,0.0
0.556,0.17017486921531086,0.1693781204567903,0.17229533939604358,150.05999755859375,0.0009983611373296309,0.0,0.0,0.2727272727272727,0.0
0.56,0.16990206108503084,0.1722045340055632,0.17248217419881068,152.24000549316406,0.006300055971928456,0.0,0.0,0.2727272727272727,0.0
0.5640000000000001,0.16656352624824544,0.1667453084770789,0.1687322876786696,148.49000549316406,0.011793248868233023,0.0,0.0,0.2727272727272727,0.0
0.5680000000000001,0.168018450084804,0.16719702577858775,0.16891649241920131,147.36000061035156,0.007825708365337622,0.0,0.0,0.2727272727272727,0.0
0.5720000000000001,0.16522551168672808,0.16496427644514683,0.1666665444456679,146.5800018310547,0.0064512588503093425,0.0,0.0,0.2727272727272727,0.0
0.5760000000000001,0.17292883785503974,0.1769410276060078,0.17477289817539807,155.74000549316406,0.024991456461726003,0.0,0.0,0.2727272727272727,0.0
0.58,0.17702732262329401,0.17681197958626818,0.1752584156947745,156.25999450683594,0.023006822742064198,0.0,0.0,0.2727272727272727,0.0
0.584,0.1763063622720228,0.175895646089167,0.1735347813204824,150.89999389648438,0.019656757953165866,0.0,0.0,0.2727272727272727,0.0
0.588,0.167420900575582,0.16626779338740302,0.16794282731821306,146.75,0.018918204807368874,0.0,0.0,0.2727272727272727,0.0
0.592,0.1644525784430937,0.17518581305521086,0.16617972193357924,154.47000122070312,0.03497583536232373,0.0,0.0,0.2727272727272727,0.0
0.596,0.1712530787805643,0.17038480529138048,0.17045592205296167,150.9600067138672,0.01666301771395447,0.0,0.0,0.2727272727272727,0.0
0.6,0.17922921307915599,0.19118924447552837,0.18223191528943725,166.30999755859375,0.06260163740436848,0.0,0.0,0.2727272727272727,0.0
0.604,0.18966054126286555,0.1950481209540905,0.19202112739040555,167.00999450683594,0.03088625801850163,0.0,0.0,0.2727272727272727,0.0
0.608,0.19754575273259764,0.19778420285834247,0.19851436959016266,169.89999389648438,0.028247307274374314,0.0,0.0,0.2727272727272727,0.0
0.612,0.19504508752212468,0.19842950203594475,0.19521839968895147,170.92999267578125,0.018906308134196775,0.0,0.0,0.2727272727272727,0.0
0.616,0.19522045143468644,0.19397694164908258,0.19015932440310646,165.39999389648438,0.03040252393677801,0.0,0.0,0.2727272727272727,0.0
0.62,0.18489304921385258,0.1892339887551122,0.18777122789337697,162.38999938964844,0.013683284847994096,0.0,0.0,0.2727272727272727,0.0
0.624,0.19235605526507382,0.19399629983669195,0.19300794280257075,168.6699981689453,0.01719222778828757,0.0,0.0,0.2727272727272727,0.0
0.628,0.20385909144702877,0.20849617314513397,0.20499446147874284,177.17999267578125,0.056177625773259764,0.0,0.0,0.2727272727272727,0.0
0.632,0.2025665482108665,0.2014107810855924,0.2012708755809556,173.22999572753906,0.019783399957901127,0.0,0.0,0.2727272727272727,0.0
0.636,0.1952334347468519,0.19802941969670623,0.19698150507358528,171.3699951171875,0.014222664659071089,0.0,0.0,0.2727272727272727,0.0
0.64,0.20076737829434185,0.20250779756470352,0.20164059005473128,172.72000122070312,0.011853307879569595,0.0,0.0,0.2727272727272727,0.0
0.644,0.2036252728969464,0.20432752627888623,0.20472209946129832,175.66000366210938,0.011988008920969826,0.0,0.0,0.2727272727272727,0.0
0.648,0.2063402717783282,0.2080444558436252,0.2008235240792087,174.25,0.017861511595130882,0.0,0.0,0.2727272727272727,0.0
0.652,0.19901365988132166,0.19933291694599434,0.19802096188408008,169.55999755859375,0.015527461071494976,0.0,0.0,0.2727272727272727,0.0
0.656,0.19288216682460974,0.19360265709801114,0.19521839968895147,168.38999938964844,0.007287479845212768,0.0,0.0,0.2727272727272727,0.0
0.66,0.18755609502472184,0.188169249050662,0.1863633816786297,163.64999389648438,0.014031742242841417,0.0,0.0,0.2727272727272727,0.0
0.664,0.18554257161543775,0.1849427531626506,0.18132404189795553,159.13999938964844,0.01745644906180341,0.0,0.0,0.2727272727272727,0.0
0.668,0.18399670512816896,0.18316172113071852,0.18123194956609515,157.75999450683594,0.015701306005267923,0.0,0.0,0.2727272727272727,0.0
0.672,0.18311336417650145,0.18495565205673414,0.1849028940655528,162.50999450683594,0.015769232171444107,0.0,0.0,0.2727272727272727,0.0
0.676,0.1849709887305467,0.1877562481243719,0.18673179115969316,163.0,0.00864734634151396,0.0,0.0,0.2727272727272727,0.0
0.68,0.18737422954515204,0.19191843569709385,0.18858700895299832,166.50999450683594,0.015803579018182915,0.0,0.0,0.2727272727272727,0.0
0.684,0.18782888333315126,0.1879756474816005,0.18737651778995967,164.32000732421875,0.011518665976147938,0.0,0.0,0.2727272727272727,0.0
0.6880000000000001,0.186568808288328,0.18561385012841997,0.1815608880368169,158.72999572753906,0.016701202197200407,0.0,0.0,0.2727272727272727,0.0
0.6920000000000001,0.17323411417665877,0.17882530986951242,0.17615970389226226,155.72999572753906,0.025504356580903803,0.0,0.0,0.2727272727272727,0.0
0.6960000000000001,0.17780675743393645,0.17885112735064757,0.17695574944671272,155.42999267578125,0.007770638281460319,0.0,0.0,0.2727272727272727,0.0
0.7000000000000001,0.17846278140252966,0.17803804408511892,0.17973199094267653,155.77000427246094,0.00336311275302257,0.0,0.0,0.2727272727272727,0.0
0.704,0.17631286383903086,0.17545684737470976,0.1765478488784966,154.27000427246094,0.0073463875655971995,0.0,0.0,0.2727272727272727,0.0
0.708,0.17062954282516074,0.17544394848062622,0.17296899671089933,154.4499969482422,0.011522119849004354,0.0,0.0,0.2727272727272727,0.0
0.712,0.17667009323116242,0.17652804637268574,0.1757847292940158,152.77999877929688,0.007669708441322825,0.0,0.0,0.2727272727272727,0.0
0.716,0.17225334882912363,0.17317248277196662,0.17358740264200107,153.11000061035156,0.007485885652631342,0.0,0.0,0.2727272727272727,0.0
0.72,0.1731626762269727,0.1729401845206545,0.17366766973220768,152.27999877929688,0.005870624446780712,0.0,0.0,0.2727272727272727,0.0
0.724,0.16738841256239237,0.16714539081631746,0.16661392312414924,148.0500030517578,0.014395933947367965,0.0,0.0,0.2727272727272727,0.0
0.728,0.1636276921289468,0.16371239446516095,0.16362715618848891,144.11000061035156,0.01348238457684589,0.0,0.0,0.2727272727272727,0.0
0.732,0.15548267566295074,0.15932436793465266,0.15800229629306084,142.55999755859375,0.012806960551591171,0.0,0.0,0.2727272727272727,0.0
0.736,0.15183236293753827,0.15168402803499775,0.15056170969148028,135.58999633789062,0.030169387518969915,0.0,0.0,0.2727272727272727,0.0
0.74,0.1500201898869975,0.14915058677214982,0.14966700668798644,133.27000427246094,0.0221431626461348,0.0,0.0,0.2727272727272727,0.0
0.744,0.14315473334499826,0.1446567105382842,0.1442461071150719,130.35000610351562,0.03043053868328005,0.0,0.0,0.2727272727272727,0.0
0.748,0.1426351233524704,0.14568273386751565,0.1445092538762871,130.7899932861328,0.015740258015815283,0.0,0.0,0.2727272727272727,0.0
0.752,0.14385622863894656,0.14630223525695085,0.1441803154055654,132.63999938964844,0.014042871388712092,0.0,0.0,0.2727272727272727,0.0
0.756,0.15096200529803624,0.15444590772741681,0.1520879890140637,136.85000610351562,0.024005183879393828,0.0,0.0,0.2727272727272727,0.0
0.76,0.1507801398184664,0.15124522932054055,0.1524300978727733,136.2899932861328,0.0075432583184129225,0.0,0.0,0.2727272727272727,0.0
0.764,0.15053331813436796,0.15029017944822065,0.15062750140098682,134.1999969482422,0.009283050828919892,0.0,0.0,0.2727272727272727,0.0
0.768,0.15142966222005158,0.15183889353587252,0.15227219375459544,135.2100067138672,0.00706988585525855,0.0,0.0,0.2727272727272727,0.0
0.772,0.15497604898258835,0.15390385878138707,0.15464055475915406,136.7100067138672,0.013850797681530282,0.0,0.0,0.2727272727272727,0.0
0.776,0.15377442857528567,0.15315530937221225,0.15394320680736887,136.57000732421875,0.013914886211199337,0.0,0.0,0.2727272727272727,0.0
0.78,0.15451489362758106,0.15436847497697942,0.15183799256402544,134.42999267578125,0.027640001297121138,0.0,0.0,0.2727272727272727,0.0
0.784,0.13447711366338355,0.138571544019807,0.1344568950141036,124.9000015258789,0.05888200821983363,0.0,0.0,0.2727272727272727,0.0
0.788,0.13797803901149053,0.1380036874391261,0.13568053648831918,122.41000366210938,0.024417729803910205,0.0,0.0,0.2727272727272727,0.0
0.792,0.13476290510582906,0.13902325147483177,0.1370094507207885,126.05999755859376,0.024618438193233057,0.0,0.0,0.2727272727272727,0.0
0.796,0.13621783885331293,0.1370615463073738,0.13808836850321954,125.4800033569336,0.011056806422514952,0.0,0.0,0.2727272727272727,0.0
0.8,0.14286894190255273,0.14338547037068897,0.1439039982563623,129.8699951171875,0.019359149242038007,0.0,0.0,0.2727272727272727,0.0
0.804,0.1392835853816689,0.13873932810773335,0.13896992119553642,125.41000366210938,0.012445647074444968,0.0,0.0,0.2727272727272727,0.0
0.808,0.13571121217295054,0.13537086561293069,0.1358647512672564,122.69000244140624,0.010267788356649214,0.0,0.0,0.2727272727272727,0.0
0.812,0.13481486808726692,0.13451906597218335,0.13497003822535705,121.9800033569336,0.008582490284543477,0.0,0.0,0.2727272727272727,0.0
0.8160000000000001,0.13313909910186617,0.13710026268259248,0.1347463524360781,125.45999908447266,0.012917868246647202,0.0,0.0,0.2727272727272727,0.0
0.8200000000000001,0.1376727726007968,0.13788752846698601,0.1370357714199533,123.7300033569336,0.014474605495764112,0.0,0.0,0.2727272727272727,0.0
0.8240000000000001,0.13090474045466519,0.13331622932916704,0.13311482043205192,122.0500030517578,0.011659315354134218,0.0,0.0,0.2727272727272727,0.0
0.8280000000000001,0.1332170485294856,0.134351291730741,0.13516739327706573,122.30999755859376,0.0023672460794225744,0.0,0.0,0.2727272727272727,0.0
0.8320000000000001,0.1320479062244473,0.13219599484070554,0.1302070055554805,119.72000122070312,0.015590973955687964,0.0,0.0,0.2727272727272727,0.0
0.836,0.1410892568652016,0.14169478967624588,0.13932518036542296,125.31999969482422,0.028560074649705336,0.0,0.0,0.2727272727272727,0.0
0.84,0.13642568086813903,0.13968145939300164,0.13814099986314365,127.68000030517578,0.013931963693656062,0.0,0.0,0.2727272727272727,0.0
0.844,0.14242076985971092,0.14223683862227562,0.142206684581235,127.33000183105467,0.012668805637334524,0.0,0.0,0.2727272727272727,0.0
0.848,0.13833527831454742,0.14008154173224016,0.14023305375690465,128.00999450683594,0.0053655914824425254,0.0,0.0,0.2727272727272727,0.0
0.852,0.14155691378721694,0.14626351888173217,0.1440750526857171,131.35000610351562,0.01720143811590468,0.0,0.0,0.2727272727272727,0.0
0.856,0.14705186775450918,0.1471927512729169,0.14789073091536475,133.27999877929688,0.011504466721071561,0.0,0.0,0.2727272727272727,0.0
0.86,0.15367700417941804,0.15661410351153582,0.15363400384181802,138.58999633789062,0.027570156312691392,0.0,0.0,0.2727272727272727,0.0
0.864,0.15802879237692818,0.16033103307627475,0.1590878093078913,141.00999450683594,0.019442617836068064,0.0,0.0,0.2727272727272727,0.0
0.868,0.15713894985825264,0.1566528198867545,0.15776284016877506,140.1699981689453,0.009727257254620082,0.0,0.0,0.2727272727272727,0.0
0.872,0.15556061517964487,0.1544846241026355,0.1519564256718616,135.3800048828125,0.016567652446752314,0.0,0.0,0.2727272727272727,0.0
0.876,0.1525208550974705,0.1520066776237989,0.15316691683490022,136.4199981689453,0.0124807614484852,0.0,0.0,0.2727272727272727,0.0
0.88,0.1484548385205552,0.1475799150251038,0.14558159650312968,131.6999969482422,0.015342870755502069,0.0,0.0,0.2727272727272727,0.0
0.884,0.14832492611149792,0.15054829518066795,0.1500354161690499,135.82000732421875,0.0120749313878563,0.0,0.0,0.2727272727272727,0.0
0.888,0.1474415851598304,0.14694107514102733,0.14883807531718818,132.52000427246094,0.007115361847868029,0.0,0.0,0.2727272727272727,0.0
0.892,0.14289492834873432,0.14373393744062526,0.14470660892799575,130.85000610351562,0.006397723821034891,0.0,0.0,0.2727272727272727,0.0
0.896,0.14607758415213146,0.14516650240262105,0.14603553319887053,130.42999267578125,0.006969339778771768,0.0,0.0,0.2727272727272727,0.0
0.9,0.14373929954205478,0.14595376818701455,0.1452329225272371,131.8800048828125,0.008946873870895385,0.0,0.0,0.2727272727272727,0.0
0.904,0.14582428072287557,0.1466119662587004,0.14787758060418782,131.5,0.006611096410831268,0.0,0.0,0.2727272727272727,0.0
0.908,0.14871464351681915,0.15043860534853767,0.15037750495094854,133.27000427246094,0.010674961590055609,0.0,0.0,0.2727272727272727,0.0
0.912,0.14955253296498217,0.14863821512899625,0.14894333803703647,132.25999450683594,0.007992645553397737,0.0,0.0,0.2727272727272727,0.0
0.916,0.15303396352299029,0.15829188531189536,0.15495634291869886,141.44000244140625,0.0272568132918843,0.0,0.0,0.2727272727272727,0.0
0.92,0.1614258016730848,0.16055043243350337,0.1598246282700182,141.0,0.01524481914274492,0.0,0.0,0.2727272727272727,0.0
0.924,0.15919794459289185,0.16035685055740992,0.15841676197845997,140.05999755859375,0.014022915678875019,0.0,0.0,0.2727272727272727,0.0
0.928,0.1534951386998482,0.1539683926377409,0.1542721452780906,137.3000030517578,0.013633779337052131,0.0,0.0,0.2727272727272727,0.0
0.932,0.15197525865876102,0.15154206142820653,0.1511143439898864,134.77999877929688,0.025664386023251086,0.0,0.0,0.2727272727272727,0.0
0.936,0.1462204798733542,0.16431897726754455,0.14652235571095917,145.80999755859375,0.07188027495130518,0.0,0.0,0.2727272727272727,0.0
0.9400000000000001,0.15780795713901133,0.16058914880872205,0.15741679625511787,141.1199951171875,0.03198305453223912,0.0,0.0,0.2727272727272727,0.0
0.9440000000000001,0.1511828405359531,0.1501353139473459,0.14865387057665647,132.58999633789062,0.02922590458369223,0.0,0.0,0.2727272727272727,0.0
0.9480000000000001,0.14866919201331466,0.1488447155921413,0.1494696516362778,133.25999450683594,0.014631948592556406,0.0,0.0,0.2727272727272727,0.0
0.9520000000000001,0.15048784680901284,0.15129684458984277,0.15239060678562064,135.63999938964844,0.015984331697668695,0.0,0.0,0.2727272727272727,0.0
0.9560000000000001,0.15115685408977153,0.15014821284142943,0.14968015699916337,134.47000122070312,0.00821542035263658,0.0,0.0,0.2727272727272727,0.0
0.96,0.14295988455326297,0.144811595732127,0.14357505978564059,131.47000122070312,0.01893413099887346,0.0,0.0,0.2727272727272727,0.0
0.964,0.13954989194494088,0.14351453808339665,0.14204221534587413,130.0,0.017489068972114007,0.0,0.0,0.2727272727272727,0.0
0.968,0.14367436315937676,0.14285634001171083,0.14487107816335662,129.47000122070312,0.005459229813216475,0.0,0.0,0.2727272727272727,0.0
0.972,0.1387639654782157,0.14125599096178865,0.14115407745956332,127.76000213623048,0.010589766059597345,0.0,0.0,0.2727272727272727,0.0
0.976,0.13668549577532826,0.1381198365647822,0.13758838564154846,126.16000366210938,0.016861423521373046,0.0,0.0,0.2727272727272727,0.0
0.98,0.13625680861166,0.13614522265675663,0.13744365191135846,124.22000122070312,0.018709245499555698,0.0,0.0,0.2727272727272727,0.0
0.984,0.13600998692756155,0.13783590335119975,0.13818047087348537,125.4000015258789,0.012556554769500999,0.0,0.0,0.2727272727272727,0.0
0.988,0.14646730155745266,0.14782513186346757,0.14677235216099746,130.82000732421875,0.02417941257681749,0.0,0.0,0.2727272727272727,0.0
0.992,0.14193362805852205,0.14111402435499742,0.141917217120855,127.20999908447266,0.011306252795478342,0.0,0.0,0.2727272727272727,0.0
0.996,0.13915368288353694,0.1401847919638127,0.1407461969681581,125.9499969482422,0.008009531154029106,0.0,0.0,0.2727272727272727,0.0
1.0,0.1370622199575587,0.1363517132734177,0.13353586127303949,121.05999755859376,0.01865327548991747,0.0,0.0,0.2727272727272727,0.0
